2026-01-15 18:58:14,300 - INFO - ================================================================================
2026-01-15 18:58:14,300 - INFO - Starting DDL Execution Script - mktg_ops_tbls_tables
2026-01-15 18:58:14,300 - INFO - Timestamp: 20260115_185814
2026-01-15 18:58:14,300 - INFO - ================================================================================
2026-01-15 18:58:14,313 - INFO - Configuration loaded successfully
2026-01-15 18:58:14,313 - INFO - Log file: D:\Create_Fetch_Python_Code\database_object_migration_v3\database_object_migration\Create_Object_Output\Logs\mktg_ops_tbls_tables_20260115_185814_log.log
2026-01-15 18:58:14,314 - INFO - Environment: TEST
2026-01-15 18:58:14,322 - INFO - Object Type: TABLE
2026-01-15 18:58:14,322 - INFO - Schema Name: mktg_ops_tbls
2026-01-15 18:58:14,322 - INFO - Exclusion table configured on target DB
2026-01-15 18:58:28,370 - INFO - Successfully connected to Redshift TEST: redshift.test.datahub.redcross.net
2026-01-15 18:58:28,385 - INFO - Database: mods_bi, User: hritik_singhania
2026-01-15 18:58:28,387 - INFO - ================================================================================
2026-01-15 18:58:28,387 - INFO - DYNAMIC FOLDER RESOLUTION
2026-01-15 18:58:28,387 - INFO - ================================================================================
2026-01-15 18:58:28,387 - INFO - Object Type: TABLE
2026-01-15 18:58:28,387 - INFO - Schema Name: mktg_ops_tbls
2026-01-15 18:58:28,387 - INFO - Base Path: D:\Create_Fetch_Python_Code\database_object_migration_v3\database_object_migration\Fetch_Object_Output\Table
2026-01-15 18:58:28,387 - INFO - Found 1 matching folder(s)
2026-01-15 18:58:28,387 - INFO - Latest Folder: mktg_ops_tbls_20260115_1842
2026-01-15 18:58:28,387 - INFO - Full Path: D:\Create_Fetch_Python_Code\database_object_migration_v3\database_object_migration\Fetch_Object_Output\Table\mktg_ops_tbls_20260115_1842
2026-01-15 18:58:28,387 - INFO - ================================================================================
2026-01-15 18:58:43,759 - INFO - User confirmed folder selection
2026-01-15 18:58:43,774 - INFO - Initialized CSV files with timestamp: 20260115_185843
2026-01-15 18:58:43,774 - INFO -   - Output Directory: D:\Create_Fetch_Python_Code\database_object_migration_v3\database_object_migration\Create_Object_Output\Table
2026-01-15 18:58:43,774 - INFO -   - Created: D:\Create_Fetch_Python_Code\database_object_migration_v3\database_object_migration\Create_Object_Output\Table\mktg_ops_tbls_tables_20260115_185843_created.csv
2026-01-15 18:58:43,775 - INFO -   - Errored: D:\Create_Fetch_Python_Code\database_object_migration_v3\database_object_migration\Create_Object_Output\Table\mktg_ops_tbls_tables_20260115_185843_errored.csv
2026-01-15 18:58:43,779 - INFO - Initialized skipped CSV file: D:\Create_Fetch_Python_Code\database_object_migration_v3\database_object_migration\Create_Object_Output\Table\mktg_ops_tbls_tables_20260115_185843_skipped.csv
2026-01-15 18:58:48,804 - INFO - Retrieved 50 exclusion entries for table from target DB
2026-01-15 18:58:48,807 - INFO - Found 463 SQL files in D:\Create_Fetch_Python_Code\database_object_migration_v3\database_object_migration\Fetch_Object_Output\Table\mktg_ops_tbls_20260115_1842
2026-01-15 18:58:48,807 - INFO - ================================================================================
2026-01-15 18:58:48,807 - INFO - Processing Configuration:
2026-01-15 18:58:48,807 - INFO -   - Schema: mktg_ops_tbls
2026-01-15 18:58:48,807 - INFO -   - Object Type: TABLE
2026-01-15 18:58:48,807 - INFO -   - Total Objects in Folder: 463
2026-01-15 18:58:48,807 - INFO -   - Run Identifier: mktg_ops_tbls_tables
2026-01-15 18:58:48,807 - INFO - ================================================================================
2026-01-15 18:58:48,822 - INFO - Skipped table: mktg_ops_tbls.adb_accistbl_contacts - Reason: Excluded via target DB exclusion table
2026-01-15 18:58:50,509 - INFO -   Dropped existing table (if any): adb_accistbl_contacts_b401072026
2026-01-15 18:58:52,286 - INFO - \u2713 Successfully created table: adb_accistbl_contacts_b401072026
2026-01-15 18:58:53,980 - INFO -   Dropped existing table (if any): adb_anlytc_hit
2026-01-15 18:58:55,756 - INFO - \u2713 Successfully created table: adb_anlytc_hit
2026-01-15 18:58:58,271 - INFO -   Dropped existing table (if any): adb_anlytc_hit_stg
2026-01-15 18:58:59,928 - INFO - \u2713 Successfully created table: adb_anlytc_hit_stg
2026-01-15 18:59:01,918 - INFO -   Dropped existing table (if any): adb_anlytc_hit_tgt
2026-01-15 18:59:03,765 - INFO - \u2713 Successfully created table: adb_anlytc_hit_tgt
2026-01-15 18:59:03,791 - INFO - Skipped table: mktg_ops_tbls.adb_arcbitlyreturn - Reason: Excluded via target DB exclusion table
2026-01-15 18:59:06,148 - INFO -   Dropped existing table (if any): adb_arcbitlyreturn_b401072026
2026-01-15 18:59:08,262 - INFO - \u2713 Successfully created table: adb_arcbitlyreturn_b401072026
2026-01-15 18:59:08,286 - INFO - Skipped table: mktg_ops_tbls.adb_arcgms_broadlog - Reason: Excluded via target DB exclusion table
2026-01-15 18:59:10,284 - INFO -   Dropped existing table (if any): adb_arcgms_broadlog_b401072026
2026-01-15 18:59:12,545 - INFO - \u2713 Successfully created table: adb_arcgms_broadlog_b401072026
2026-01-15 18:59:15,456 - INFO -   Dropped existing table (if any): adb_arcinsms_report_intermediate
2026-01-15 18:59:17,434 - INFO - \u2713 Successfully created table: adb_arcinsms_report_intermediate
2026-01-15 18:59:17,470 - INFO - Skipped table: mktg_ops_tbls.adb_arckaleyradeactivation - Reason: Excluded via target DB exclusion table
2026-01-15 18:59:19,253 - INFO -   Dropped existing table (if any): adb_arckaleyradeactivation_b401072026
2026-01-15 18:59:20,904 - INFO - \u2713 Successfully created table: adb_arckaleyradeactivation_b401072026
2026-01-15 18:59:20,926 - INFO - Skipped table: mktg_ops_tbls.adb_arcprefchangefr - Reason: Excluded via target DB exclusion table
2026-01-15 18:59:23,035 - INFO -   Dropped existing table (if any): adb_arcprefchangefr_b401072026
2026-01-15 18:59:25,745 - INFO - \u2713 Successfully created table: adb_arcprefchangefr_b401072026
2026-01-15 18:59:27,970 - INFO -   Dropped existing table (if any): adb_arcregionchaptermapping
2026-01-15 18:59:30,423 - INFO - \u2713 Successfully created table: adb_arcregionchaptermapping
2026-01-15 18:59:30,452 - INFO - Skipped table: mktg_ops_tbls.adb_arcreportcellcode - Reason: Excluded via target DB exclusion table
2026-01-15 18:59:32,108 - INFO -   Dropped existing table (if any): adb_arcreportcellcode_b401072026
2026-01-15 18:59:36,037 - INFO - \u2713 Successfully created table: adb_arcreportcellcode_b401072026
2026-01-15 18:59:36,055 - INFO - Skipped table: mktg_ops_tbls.adb_arctreatmentcode - Reason: Excluded via target DB exclusion table
2026-01-15 18:59:39,024 - INFO -   Dropped existing table (if any): adb_arctreatmentcode_b401072026
2026-01-15 18:59:40,660 - INFO - \u2713 Successfully created table: adb_arctreatmentcode_b401072026
2026-01-15 18:59:42,643 - WARNING -   Could not drop table adb_bio_dnr_stsfctn_srvy: permission denied for relation adb_bio_dnr_stsfctn_srvy
2026-01-15 18:59:44,229 - WARNING - \u2717 Failed to create table: adb_bio_dnr_stsfctn_srvy - Error Type: ALREADY_EXISTS
2026-01-15 18:59:46,914 - INFO -   Dropped existing table (if any): adb_enumrtn_lkp
2026-01-15 18:59:48,423 - INFO - \u2713 Successfully created table: adb_enumrtn_lkp
2026-01-15 18:59:48,448 - INFO - Skipped table: mktg_ops_tbls.adb_nmsaddress - Reason: Excluded via target DB exclusion table
2026-01-15 18:59:50,559 - INFO -   Dropped existing table (if any): adb_nmsaddress_b401072026
2026-01-15 18:59:52,784 - INFO - \u2713 Successfully created table: adb_nmsaddress_b401072026
2026-01-15 18:59:52,815 - INFO - Skipped table: mktg_ops_tbls.adb_nmsbroadlogmsg - Reason: Excluded via target DB exclusion table
2026-01-15 18:59:55,190 - INFO -   Dropped existing table (if any): adb_nmsbroadlogmsg_b401072026
2026-01-15 18:59:57,572 - INFO - \u2713 Successfully created table: adb_nmsbroadlogmsg_b401072026
2026-01-15 18:59:57,588 - INFO - Skipped table: mktg_ops_tbls.adb_nmsbroadlogrcp - Reason: Excluded via target DB exclusion table
2026-01-15 19:00:00,496 - INFO -   Dropped existing table (if any): adb_nmsbroadlogrcp_b401072026
2026-01-15 19:00:02,042 - INFO - \u2713 Successfully created table: adb_nmsbroadlogrcp_b401072026
2026-01-15 19:00:02,071 - INFO - Skipped table: mktg_ops_tbls.adb_nmsdelivery - Reason: Excluded via target DB exclusion table
2026-01-15 19:00:04,043 - WARNING -   Could not drop table adb_nmsdelivery_b401072026: permission denied for relation adb_nmsdelivery_b401072026
2026-01-15 19:00:06,283 - WARNING - \u2717 Failed to create table: adb_nmsdelivery_b401072026 - Error Type: ALREADY_EXISTS
2026-01-15 19:00:06,311 - INFO - Skipped table: mktg_ops_tbls.adb_nmsexcludelogrcp - Reason: Excluded via target DB exclusion table
2026-01-15 19:00:08,434 - INFO -   Dropped existing table (if any): adb_nmsexcludelogrcp_b401072026
2026-01-15 19:00:10,024 - INFO - \u2713 Successfully created table: adb_nmsexcludelogrcp_b401072026
2026-01-15 19:00:10,046 - INFO - Skipped table: mktg_ops_tbls.adb_nmsinsms - Reason: Excluded via target DB exclusion table
2026-01-15 19:00:12,159 - INFO -   Dropped existing table (if any): adb_nmsinsms_b401072026
2026-01-15 19:00:14,486 - INFO - \u2713 Successfully created table: adb_nmsinsms_b401072026
2026-01-15 19:00:14,506 - INFO - Skipped table: mktg_ops_tbls.adb_nmsoperation - Reason: Excluded via target DB exclusion table
2026-01-15 19:00:16,999 - INFO -   Dropped existing table (if any): adb_nmsoperation_b401072026
2026-01-15 19:00:19,033 - INFO - \u2713 Successfully created table: adb_nmsoperation_b401072026
2026-01-15 19:00:20,786 - INFO -   Dropped existing table (if any): adb_nmspropositionrcp
2026-01-15 19:00:22,293 - INFO - \u2713 Successfully created table: adb_nmspropositionrcp
2026-01-15 19:00:22,328 - INFO - Skipped table: mktg_ops_tbls.adb_nmsrecipient - Reason: Excluded via target DB exclusion table
2026-01-15 19:00:24,044 - WARNING -   Could not drop table adb_nmsrecipient_b401072026: permission denied for relation adb_nmsrecipient_b401072026
2026-01-15 19:00:25,428 - WARNING - \u2717 Failed to create table: adb_nmsrecipient_b401072026 - Error Type: ALREADY_EXISTS
2026-01-15 19:00:25,456 - INFO - Skipped table: mktg_ops_tbls.adb_nmsservice - Reason: Excluded via target DB exclusion table
2026-01-15 19:00:27,344 - INFO -   Dropped existing table (if any): adb_nmsservice_b401072026
2026-01-15 19:00:28,906 - INFO - \u2713 Successfully created table: adb_nmsservice_b401072026
2026-01-15 19:00:28,923 - INFO - Skipped table: mktg_ops_tbls.adb_nmssubscription - Reason: Excluded via target DB exclusion table
2026-01-15 19:00:30,841 - INFO -   Dropped existing table (if any): adb_nmssubscription_b401072026
2026-01-15 19:00:32,445 - INFO - \u2713 Successfully created table: adb_nmssubscription_b401072026
2026-01-15 19:00:32,476 - INFO - Skipped table: mktg_ops_tbls.adb_nmstrackinglogrcp - Reason: Excluded via target DB exclusion table
2026-01-15 19:00:34,218 - INFO -   Dropped existing table (if any): adb_nmstrackinglogrcp_b401072026
2026-01-15 19:00:35,886 - INFO - \u2713 Successfully created table: adb_nmstrackinglogrcp_b401072026
2026-01-15 19:00:35,917 - INFO - Skipped table: mktg_ops_tbls.adb_nmstrackingurl - Reason: Excluded via target DB exclusion table
2026-01-15 19:00:38,684 - INFO -   Dropped existing table (if any): adb_nmstrackingurl_b401072026
2026-01-15 19:00:41,273 - INFO - \u2713 Successfully created table: adb_nmstrackingurl_b401072026
2026-01-15 19:00:41,302 - INFO - Skipped table: mktg_ops_tbls.adb_nmsuseragent - Reason: Excluded via target DB exclusion table
2026-01-15 19:00:43,009 - INFO -   Dropped existing table (if any): adb_nmsuseragent_b401072026
2026-01-15 19:00:44,730 - INFO - \u2713 Successfully created table: adb_nmsuseragent_b401072026
2026-01-15 19:00:44,760 - INFO - Skipped table: mktg_ops_tbls.adb_nmswebapp - Reason: Excluded via target DB exclusion table
2026-01-15 19:00:44,766 - INFO - Progress: 50/463 tables processed
2026-01-15 19:00:44,784 - INFO - Skipped table: mktg_ops_tbls.adb_nmswebapplogrcp - Reason: Excluded via target DB exclusion table
2026-01-15 19:00:44,804 - INFO - Skipped table: mktg_ops_tbls.adb_nmswebapplogrcpdata - Reason: Excluded via target DB exclusion table
2026-01-15 19:00:46,712 - WARNING -   Could not drop table adb_nmswebapplogrcpdata_b401072026: permission denied for relation adb_nmswebapplogrcpdata_b401072026
2026-01-15 19:00:48,066 - WARNING - \u2717 Failed to create table: adb_nmswebapplogrcpdata_b401072026 - Error Type: ALREADY_EXISTS
2026-01-15 19:00:50,678 - INFO -   Dropped existing table (if any): adb_nmswebapplogrcp_b401072026
2026-01-15 19:00:53,277 - INFO - \u2713 Successfully created table: adb_nmswebapplogrcp_b401072026
2026-01-15 19:00:55,022 - WARNING -   Could not drop table adb_nmswebapp_b401072026: permission denied for relation adb_nmswebapp_b401072026
2026-01-15 19:00:56,736 - WARNING - \u2717 Failed to create table: adb_nmswebapp_b401072026 - Error Type: ALREADY_EXISTS
2026-01-15 19:00:58,806 - INFO -   Dropped existing table (if any): adb_vlntr_srvy_rspns
2026-01-15 19:01:01,120 - INFO - \u2713 Successfully created table: adb_vlntr_srvy_rspns
2026-01-15 19:01:03,244 - INFO -   Dropped existing table (if any): adb_vlntr_srvy_rspns_tmp
2026-01-15 19:01:06,056 - INFO - \u2713 Successfully created table: adb_vlntr_srvy_rspns_tmp
2026-01-15 19:01:08,511 - INFO -   Dropped existing table (if any): adb_vlntr_srvy_rspns_v20
2026-01-15 19:01:11,797 - INFO - \u2713 Successfully created table: adb_vlntr_srvy_rspns_v20
2026-01-15 19:01:11,814 - INFO - Skipped table: mktg_ops_tbls.adb_xtkfolder - Reason: Excluded via target DB exclusion table
2026-01-15 19:01:14,464 - INFO -   Dropped existing table (if any): adb_xtkfolder_b401072026
2026-01-15 19:01:16,042 - INFO - \u2713 Successfully created table: adb_xtkfolder_b401072026
2026-01-15 19:01:16,074 - INFO - Skipped table: mktg_ops_tbls.adb_xtkworkflow - Reason: Excluded via target DB exclusion table
2026-01-15 19:01:17,770 - INFO -   Dropped existing table (if any): adb_xtkworkflow_b401072026
2026-01-15 19:01:19,541 - INFO - \u2713 Successfully created table: adb_xtkworkflow_b401072026
2026-01-15 19:01:21,479 - INFO -   Dropped existing table (if any): adobe_analytics_txn
2026-01-15 19:01:23,416 - INFO - \u2713 Successfully created table: adobe_analytics_txn
2026-01-15 19:01:26,757 - INFO -   Dropped existing table (if any): adobe_analytics_visits
2026-01-15 19:01:28,938 - INFO - \u2713 Successfully created table: adobe_analytics_visits
2026-01-15 19:01:31,129 - INFO -   Dropped existing table (if any): adobe_dwb_intrctn
2026-01-15 19:01:32,881 - INFO - \u2713 Successfully created table: adobe_dwb_intrctn
2026-01-15 19:01:34,508 - INFO -   Dropped existing table (if any): adobe_dwb_intrctn_bkp
2026-01-15 19:01:36,108 - INFO - \u2713 Successfully created table: adobe_dwb_intrctn_bkp
2026-01-15 19:01:39,287 - INFO -   Dropped existing table (if any): adobe_dwb_intrctn_stg
2026-01-15 19:01:40,821 - INFO - \u2713 Successfully created table: adobe_dwb_intrctn_stg
2026-01-15 19:01:42,486 - INFO -   Dropped existing table (if any): adobe_dwb_intrctn_stg_tmp
2026-01-15 19:01:44,051 - INFO - \u2713 Successfully created table: adobe_dwb_intrctn_stg_tmp
2026-01-15 19:01:45,718 - INFO -   Dropped existing table (if any): adobe_dwb_txn
2026-01-15 19:01:47,460 - INFO - \u2713 Successfully created table: adobe_dwb_txn
2026-01-15 19:01:49,306 - INFO -   Dropped existing table (if any): adobe_dwb_txn_bkp
2026-01-15 19:01:51,595 - INFO - \u2713 Successfully created table: adobe_dwb_txn_bkp
2026-01-15 19:01:53,221 - INFO -   Dropped existing table (if any): adobe_dwb_txn_stg
2026-01-15 19:01:54,969 - INFO - \u2713 Successfully created table: adobe_dwb_txn_stg
2026-01-15 19:01:56,635 - INFO -   Dropped existing table (if any): agent
2026-01-15 19:01:58,748 - INFO - \u2713 Successfully created table: agent
2026-01-15 19:02:00,453 - INFO -   Dropped existing table (if any): all_aem_rco_rows
2026-01-15 19:02:02,705 - INFO - \u2713 Successfully created table: all_aem_rco_rows
2026-01-15 19:02:04,553 - INFO -   Dropped existing table (if any): aprm_arc_comm_log
2026-01-15 19:02:06,175 - INFO - \u2713 Successfully created table: aprm_arc_comm_log
2026-01-15 19:02:07,734 - INFO -   Dropped existing table (if any): aprm_audmem_map
2026-01-15 19:02:09,941 - INFO - \u2713 Successfully created table: aprm_audmem_map
2026-01-15 19:02:12,413 - INFO -   Dropped existing table (if any): aprm_bncd_eml_img
2026-01-15 19:02:15,295 - INFO - \u2713 Successfully created table: aprm_bncd_eml_img
2026-01-15 19:02:17,018 - INFO -   Dropped existing table (if any): aprm_dim_activity
2026-01-15 19:02:18,781 - INFO - \u2713 Successfully created table: aprm_dim_activity
2026-01-15 19:02:18,797 - INFO - Skipped table: mktg_ops_tbls.aprm_email_bncd - Reason: Excluded via target DB exclusion table
2026-01-15 19:02:20,469 - INFO -   Dropped existing table (if any): aprm_email_bncd_b401072026
2026-01-15 19:02:22,051 - INFO - \u2713 Successfully created table: aprm_email_bncd_b401072026
2026-01-15 19:02:22,083 - INFO - Skipped table: mktg_ops_tbls.aprm_email_lnk_clkd - Reason: Excluded via target DB exclusion table
2026-01-15 19:02:23,328 - WARNING -   Could not drop table aprm_email_lnk_clkd_b401072026: permission denied for relation aprm_email_lnk_clkd_b401072026
2026-01-15 19:02:24,476 - WARNING - \u2717 Failed to create table: aprm_email_lnk_clkd_b401072026 - Error Type: ALREADY_EXISTS
2026-01-15 19:02:26,433 - INFO -   Dropped existing table (if any): aprm_email_lnk_clkd_img
2026-01-15 19:02:28,751 - INFO - \u2713 Successfully created table: aprm_email_lnk_clkd_img
2026-01-15 19:02:28,775 - INFO - Skipped table: mktg_ops_tbls.aprm_email_opened - Reason: Excluded via target DB exclusion table
2026-01-15 19:02:30,344 - INFO -   Dropped existing table (if any): aprm_email_opened_b401072026
2026-01-15 19:02:32,041 - INFO - \u2713 Successfully created table: aprm_email_opened_b401072026
2026-01-15 19:02:35,663 - INFO -   Dropped existing table (if any): aprm_email_opened_img
2026-01-15 19:02:37,460 - INFO - \u2713 Successfully created table: aprm_email_opened_img
2026-01-15 19:02:39,264 - INFO -   Dropped existing table (if any): aprm_email_remove
2026-01-15 19:02:40,988 - INFO - \u2713 Successfully created table: aprm_email_remove
2026-01-15 19:02:43,751 - INFO -   Dropped existing table (if any): aprm_email_remove_img
2026-01-15 19:02:45,733 - INFO - \u2713 Successfully created table: aprm_email_remove_img
2026-01-15 19:02:45,751 - INFO - Skipped table: mktg_ops_tbls.aprm_email_sent - Reason: Excluded via target DB exclusion table
2026-01-15 19:02:46,960 - WARNING -   Could not drop table aprm_email_sent_b401072026: permission denied for relation aprm_email_sent_b401072026
2026-01-15 19:02:48,219 - WARNING - \u2717 Failed to create table: aprm_email_sent_b401072026 - Error Type: ALREADY_EXISTS
2026-01-15 19:02:50,183 - INFO -   Dropped existing table (if any): aprm_email_sent_img
2026-01-15 19:02:52,041 - INFO - \u2713 Successfully created table: aprm_email_sent_img
2026-01-15 19:02:53,766 - INFO -   Dropped existing table (if any): aprm_msg_cnt_blk_img
2026-01-15 19:02:55,816 - INFO - \u2713 Successfully created table: aprm_msg_cnt_blk_img
2026-01-15 19:02:58,693 - INFO -   Dropped existing table (if any): aprm_msg_content_block
2026-01-15 19:03:00,576 - INFO - \u2713 Successfully created table: aprm_msg_content_block
2026-01-15 19:03:02,185 - INFO -   Dropped existing table (if any): aprm_wb_apnd_bio_dnr_stsfctn_srvy
2026-01-15 19:03:04,040 - INFO - \u2713 Successfully created table: aprm_wb_apnd_bio_dnr_stsfctn_srvy
2026-01-15 19:03:05,983 - INFO -   Dropped existing table (if any): aprm_wb_apnd_bncd_eml
2026-01-15 19:03:07,707 - INFO - \u2713 Successfully created table: aprm_wb_apnd_bncd_eml
2026-01-15 19:03:09,833 - INFO -   Dropped existing table (if any): aprm_wb_apnd_cell_cds
2026-01-15 19:03:11,928 - INFO - \u2713 Successfully created table: aprm_wb_apnd_cell_cds
2026-01-15 19:03:13,746 - INFO -   Dropped existing table (if any): aprm_wb_apnd_cm_segmnt
2026-01-15 19:03:15,974 - INFO - \u2713 Successfully created table: aprm_wb_apnd_cm_segmnt
2026-01-15 19:03:18,558 - INFO -   Dropped existing table (if any): aprm_wb_apnd_email
2026-01-15 19:03:21,074 - INFO - \u2713 Successfully created table: aprm_wb_apnd_email
2026-01-15 19:03:22,934 - INFO -   Dropped existing table (if any): aprm_wb_apnd_eml_trckng
2026-01-15 19:03:25,539 - INFO - \u2713 Successfully created table: aprm_wb_apnd_eml_trckng
2026-01-15 19:03:27,285 - INFO -   Dropped existing table (if any): aprm_wb_apnd_eml_trckng_bkp
2026-01-15 19:03:29,413 - INFO - \u2713 Successfully created table: aprm_wb_apnd_eml_trckng_bkp
2026-01-15 19:03:32,017 - INFO -   Dropped existing table (if any): aprm_wb_apnd_inbnd_frm_cmpltd
2026-01-15 19:03:34,386 - INFO - \u2713 Successfully created table: aprm_wb_apnd_inbnd_frm_cmpltd
2026-01-15 19:03:34,395 - INFO - Progress: 100/463 tables processed
2026-01-15 19:03:37,598 - INFO -   Dropped existing table (if any): aprm_wb_apnd_mcrst_mtrcs
2026-01-15 19:03:40,781 - INFO - \u2713 Successfully created table: aprm_wb_apnd_mcrst_mtrcs
2026-01-15 19:03:43,301 - INFO -   Dropped existing table (if any): aprm_wb_apnd_outbnd_msgs
2026-01-15 19:03:45,220 - INFO - \u2713 Successfully created table: aprm_wb_apnd_outbnd_msgs
2026-01-15 19:03:47,192 - INFO -   Dropped existing table (if any): aprm_wb_apnd_outbnd_msg_snt
2026-01-15 19:03:49,610 - INFO - \u2713 Successfully created table: aprm_wb_apnd_outbnd_msg_snt
2026-01-15 19:03:51,443 - INFO -   Dropped existing table (if any): aprm_wb_apnd_prfrnc_cntr
2026-01-15 19:04:01,117 - INFO - \u2713 Successfully created table: aprm_wb_apnd_prfrnc_cntr
2026-01-15 19:04:02,895 - INFO -   Dropped existing table (if any): aprm_wb_apnd_rmv_frm_lst
2026-01-15 19:04:05,470 - INFO - \u2713 Successfully created table: aprm_wb_apnd_rmv_frm_lst
2026-01-15 19:04:08,451 - INFO -   Dropped existing table (if any): aprm_wb_apnd_segmntn
2026-01-15 19:04:12,777 - INFO - \u2713 Successfully created table: aprm_wb_apnd_segmntn
2026-01-15 19:04:15,295 - INFO -   Dropped existing table (if any): aprm_wb_apnd_treatmnts
2026-01-15 19:04:17,478 - INFO - \u2713 Successfully created table: aprm_wb_apnd_treatmnts
2026-01-15 19:04:19,659 - INFO -   Dropped existing table (if any): aprm_wb_apnd_unsubs_rplc
2026-01-15 19:04:23,380 - INFO - \u2713 Successfully created table: aprm_wb_apnd_unsubs_rplc
2026-01-15 19:04:26,424 - INFO -   Dropped existing table (if any): aprm_wb_replc_activities
2026-01-15 19:04:28,999 - INFO - \u2713 Successfully created table: aprm_wb_replc_activities
2026-01-15 19:04:30,956 - INFO -   Dropped existing table (if any): aprm_wb_replc_act_cells
2026-01-15 19:04:33,258 - INFO - \u2713 Successfully created table: aprm_wb_replc_act_cells
2026-01-15 19:04:36,031 - INFO -   Dropped existing table (if any): aprm_wb_replc_act_offrs
2026-01-15 19:04:37,601 - INFO - \u2713 Successfully created table: aprm_wb_replc_act_offrs
2026-01-15 19:04:40,027 - INFO -   Dropped existing table (if any): aprm_wb_replc_act_trtmts
2026-01-15 19:04:42,429 - INFO - \u2713 Successfully created table: aprm_wb_replc_act_trtmts
2026-01-15 19:04:44,941 - INFO -   Dropped existing table (if any): aprm_wb_replc_offrs
2026-01-15 19:04:46,848 - INFO - \u2713 Successfully created table: aprm_wb_replc_offrs
2026-01-15 19:04:48,799 - INFO -   Dropped existing table (if any): aprm_wb_rplc_fr_prf_cntr_lt
2026-01-15 19:04:51,365 - INFO - \u2713 Successfully created table: aprm_wb_rplc_fr_prf_cntr_lt
2026-01-15 19:04:53,676 - INFO -   Dropped existing table (if any): aprm_wb_rplc_outbnd_msg_snt
2026-01-15 19:04:56,146 - INFO - \u2713 Successfully created table: aprm_wb_rplc_outbnd_msg_snt
2026-01-15 19:04:57,792 - INFO -   Dropped existing table (if any): arc_aem_rco_txn
2026-01-15 19:05:00,785 - INFO - \u2713 Successfully created table: arc_aem_rco_txn
2026-01-15 19:05:01,980 - WARNING -   Could not drop table arc_biomed_smry: permission denied for relation arc_biomed_smry
2026-01-15 19:05:03,407 - WARNING - \u2717 Failed to create table: arc_biomed_smry - Error Type: ALREADY_EXISTS
2026-01-15 19:05:05,470 - INFO -   Dropped existing table (if any): arc_biomed_smry_bkp
2026-01-15 19:05:08,060 - INFO - \u2713 Successfully created table: arc_biomed_smry_bkp
2026-01-15 19:05:09,209 - WARNING -   Could not drop table arc_biomed_txn: permission denied for relation arc_biomed_txn
2026-01-15 19:05:10,829 - WARNING - \u2717 Failed to create table: arc_biomed_txn - Error Type: ALREADY_EXISTS
2026-01-15 19:05:13,099 - INFO -   Dropped existing table (if any): arc_biomed_txn_bkp
2026-01-15 19:05:15,087 - INFO - \u2713 Successfully created table: arc_biomed_txn_bkp
2026-01-15 19:05:16,888 - INFO -   Dropped existing table (if any): arc_biomed_txn_ext_staff
2026-01-15 19:05:18,355 - INFO - \u2713 Successfully created table: arc_biomed_txn_ext_staff
2026-01-15 19:05:20,764 - INFO -   Dropped existing table (if any): arc_biomed_txn_ext_staff_bkp
2026-01-15 19:05:23,079 - INFO - \u2713 Successfully created table: arc_biomed_txn_ext_staff_bkp
2026-01-15 19:05:25,741 - INFO -   Dropped existing table (if any): arc_cdi_smry_addr_tmp
2026-01-15 19:05:31,782 - INFO - \u2713 Successfully created table: arc_cdi_smry_addr_tmp
2026-01-15 19:05:33,446 - INFO -   Dropped existing table (if any): arc_cdi_smry_email_tmp
2026-01-15 19:05:35,286 - INFO - \u2713 Successfully created table: arc_cdi_smry_email_tmp
2026-01-15 19:05:37,700 - INFO -   Dropped existing table (if any): arc_cdi_smry_extrct
2026-01-15 19:05:39,775 - INFO - \u2713 Successfully created table: arc_cdi_smry_extrct
2026-01-15 19:05:41,660 - INFO -   Dropped existing table (if any): arc_cdi_smry_phn_tmp
2026-01-15 19:05:43,247 - INFO - \u2713 Successfully created table: arc_cdi_smry_phn_tmp
2026-01-15 19:05:46,878 - INFO -   Dropped existing table (if any): arc_crm_ent_infrd_prfl
2026-01-15 19:05:49,595 - INFO - \u2713 Successfully created table: arc_crm_ent_infrd_prfl
2026-01-15 19:05:52,078 - INFO -   Dropped existing table (if any): arc_crm_ent_prfl
2026-01-15 19:05:55,092 - INFO - \u2713 Successfully created table: arc_crm_ent_prfl
2026-01-15 19:05:57,149 - INFO -   Dropped existing table (if any): arc_fr_smry_extrct
2026-01-15 19:05:58,860 - INFO - \u2713 Successfully created table: arc_fr_smry_extrct
2026-01-15 19:06:01,640 - INFO -   Dropped existing table (if any): arc_fr_smry_extrct_tmp
2026-01-15 19:06:03,205 - INFO - \u2713 Successfully created table: arc_fr_smry_extrct_tmp
2026-01-15 19:06:05,497 - INFO -   Dropped existing table (if any): arc_fr_smry_mdl
2026-01-15 19:06:08,084 - INFO - \u2713 Successfully created table: arc_fr_smry_mdl
2026-01-15 19:06:11,555 - INFO -   Dropped existing table (if any): arc_fr_txn_all_cnst
2026-01-15 19:06:13,270 - INFO - \u2713 Successfully created table: arc_fr_txn_all_cnst
2026-01-15 19:06:16,059 - INFO -   Dropped existing table (if any): arc_fr_txn_bkp
2026-01-15 19:06:19,062 - INFO - \u2713 Successfully created table: arc_fr_txn_bkp
2026-01-15 19:06:20,784 - INFO -   Dropped existing table (if any): arc_fr_txn_bnchmrk_extrct
2026-01-15 19:06:22,322 - INFO - \u2713 Successfully created table: arc_fr_txn_bnchmrk_extrct
2026-01-15 19:06:24,570 - INFO -   Dropped existing table (if any): arc_fr_txn_del
2026-01-15 19:06:26,803 - INFO - \u2713 Successfully created table: arc_fr_txn_del
2026-01-15 19:06:28,630 - INFO -   Dropped existing table (if any): arc_fr_txn_extrct
2026-01-15 19:06:31,392 - INFO - \u2713 Successfully created table: arc_fr_txn_extrct
2026-01-15 19:06:33,534 - INFO -   Dropped existing table (if any): arc_fr_txn_tst
2026-01-15 19:06:35,366 - INFO - \u2713 Successfully created table: arc_fr_txn_tst
2026-01-15 19:06:38,533 - INFO -   Dropped existing table (if any): arc_fundrsng_summary
2026-01-15 19:06:40,366 - INFO - \u2713 Successfully created table: arc_fundrsng_summary
2026-01-15 19:06:42,435 - INFO -   Dropped existing table (if any): arc_glossary
2026-01-15 19:06:43,921 - INFO - \u2713 Successfully created table: arc_glossary
2026-01-15 19:06:45,657 - INFO -   Dropped existing table (if any): arc_lob_smry_extrct
2026-01-15 19:06:47,227 - INFO - \u2713 Successfully created table: arc_lob_smry_extrct
2026-01-15 19:06:48,802 - INFO -   Dropped existing table (if any): arc_lob_smry_extrct_oct
2026-01-15 19:06:50,439 - INFO - \u2713 Successfully created table: arc_lob_smry_extrct_oct
2026-01-15 19:06:52,045 - INFO -   Dropped existing table (if any): arc_lob_smry_non_fr_extrct
2026-01-15 19:06:53,593 - INFO - \u2713 Successfully created table: arc_lob_smry_non_fr_extrct
2026-01-15 19:06:55,199 - INFO -   Dropped existing table (if any): arc_missing_script_numbers
2026-01-15 19:06:57,278 - INFO - \u2713 Successfully created table: arc_missing_script_numbers
2026-01-15 19:06:58,849 - INFO -   Dropped existing table (if any): arc_phss_recert_txn
2026-01-15 19:07:00,477 - INFO - \u2713 Successfully created table: arc_phss_recert_txn
2026-01-15 19:07:02,232 - INFO -   Dropped existing table (if any): arc_phss_recert_txn_bkp
2026-01-15 19:07:04,039 - INFO - \u2713 Successfully created table: arc_phss_recert_txn_bkp
2026-01-15 19:07:07,714 - INFO -   Dropped existing table (if any): arc_phss_smry
2026-01-15 19:07:09,426 - INFO - \u2713 Successfully created table: arc_phss_smry
2026-01-15 19:07:12,004 - INFO -   Dropped existing table (if any): arc_phss_smry_bkp
2026-01-15 19:07:13,673 - INFO - \u2713 Successfully created table: arc_phss_smry_bkp
2026-01-15 19:07:15,508 - INFO -   Dropped existing table (if any): arc_phss_txn
2026-01-15 19:07:17,444 - INFO - \u2713 Successfully created table: arc_phss_txn
2026-01-15 19:07:18,941 - INFO -   Dropped existing table (if any): arc_phss_txn_bkp
2026-01-15 19:07:20,816 - INFO - \u2713 Successfully created table: arc_phss_txn_bkp
2026-01-15 19:07:22,726 - INFO -   Dropped existing table (if any): arc_simio_rfm_assets_appends
2026-01-15 19:07:24,353 - INFO - \u2713 Successfully created table: arc_simio_rfm_assets_appends
2026-01-15 19:07:24,359 - INFO - Progress: 150/463 tables processed
2026-01-15 19:07:25,942 - INFO -   Dropped existing table (if any): arc_tag_extrct_bridge
2026-01-15 19:07:27,681 - INFO - \u2713 Successfully created table: arc_tag_extrct_bridge
2026-01-15 19:07:29,250 - INFO -   Dropped existing table (if any): arc_tag_extrct_bridge_bkp
2026-01-15 19:07:30,819 - INFO - \u2713 Successfully created table: arc_tag_extrct_bridge_bkp
2026-01-15 19:07:32,295 - INFO -   Dropped existing table (if any): arc_tag_non_fr_extrct_bridge
2026-01-15 19:07:33,845 - INFO - \u2713 Successfully created table: arc_tag_non_fr_extrct_bridge
2026-01-15 19:07:35,748 - INFO -   Dropped existing table (if any): arc_tag_non_fr_extrct_bridge_bkp
2026-01-15 19:07:37,500 - INFO - \u2713 Successfully created table: arc_tag_non_fr_extrct_bridge_bkp
2026-01-15 19:07:39,586 - INFO -   Dropped existing table (if any): arc_tag_non_fr_extrct_bridge_tmp
2026-01-15 19:07:41,134 - INFO - \u2713 Successfully created table: arc_tag_non_fr_extrct_bridge_tmp
2026-01-15 19:07:42,215 - WARNING -   Could not drop table arc_vms_smry: permission denied for relation arc_vms_smry
2026-01-15 19:07:43,282 - WARNING - \u2717 Failed to create table: arc_vms_smry - Error Type: ALREADY_EXISTS
2026-01-15 19:07:44,444 - WARNING -   Could not drop table arc_vms_txn: permission denied for relation arc_vms_txn
2026-01-15 19:07:46,077 - WARNING - \u2717 Failed to create table: arc_vms_txn - Error Type: ALREADY_EXISTS
2026-01-15 19:07:48,142 - INFO -   Dropped existing table (if any): area_code_2_time_zone
2026-01-15 19:07:49,804 - INFO - \u2713 Successfully created table: area_code_2_time_zone
2026-01-15 19:07:50,947 - WARNING -   Could not drop table audit_log: permission denied for relation audit_log
2026-01-15 19:07:52,107 - WARNING - \u2717 Failed to create table: audit_log - Error Type: ALREADY_EXISTS
2026-01-15 19:07:54,539 - INFO -   Dropped existing table (if any): awb_cdi_mstr_mrg
2026-01-15 19:07:56,121 - INFO - \u2713 Successfully created table: awb_cdi_mstr_mrg
2026-01-15 19:07:58,254 - INFO -   Dropped existing table (if any): awb_dmail_xtrct
2026-01-15 19:07:59,912 - INFO - \u2713 Successfully created table: awb_dmail_xtrct
2026-01-15 19:08:01,640 - INFO -   Dropped existing table (if any): awb_dntn_xtrct
2026-01-15 19:08:03,311 - INFO - \u2713 Successfully created table: awb_dntn_xtrct
2026-01-15 19:08:05,156 - INFO -   Dropped existing table (if any): awb_rcpnt_2_cdi_mstr
2026-01-15 19:08:06,806 - INFO - \u2713 Successfully created table: awb_rcpnt_2_cdi_mstr
2026-01-15 19:08:08,389 - INFO -   Dropped existing table (if any): awb_rcpnt_2_cdi_mstr_xtrct
2026-01-15 19:08:10,298 - INFO - \u2713 Successfully created table: awb_rcpnt_2_cdi_mstr_xtrct
2026-01-15 19:08:12,715 - INFO -   Dropped existing table (if any): bio_dnr_srvy_donat_key_map
2026-01-15 19:08:14,308 - INFO - \u2713 Successfully created table: bio_dnr_srvy_donat_key_map
2026-01-15 19:08:16,168 - INFO -   Dropped existing table (if any): bzfc_active_cnst_multi_snpsht
2026-01-15 19:08:18,418 - INFO - \u2713 Successfully created table: bzfc_active_cnst_multi_snpsht
2026-01-15 19:08:20,443 - INFO -   Dropped existing table (if any): bzfc_active_cnst_segmnt
2026-01-15 19:08:23,320 - INFO - \u2713 Successfully created table: bzfc_active_cnst_segmnt
2026-01-15 19:08:24,843 - INFO -   Dropped existing table (if any): bzfc_active_cnst_snpsht
2026-01-15 19:08:26,570 - INFO - \u2713 Successfully created table: bzfc_active_cnst_snpsht
2026-01-15 19:08:28,636 - INFO -   Dropped existing table (if any): bzfc_adb_recipient_insrt_delta
2026-01-15 19:08:30,285 - INFO - \u2713 Successfully created table: bzfc_adb_recipient_insrt_delta
2026-01-15 19:08:32,732 - INFO -   Dropped existing table (if any): bzfc_adb_recipient_updt_delta
2026-01-15 19:08:34,339 - INFO - \u2713 Successfully created table: bzfc_adb_recipient_updt_delta
2026-01-15 19:08:37,065 - INFO -   Dropped existing table (if any): bzfc_bio_dnr_segment_dashbrd
2026-01-15 19:08:39,424 - INFO - \u2713 Successfully created table: bzfc_bio_dnr_segment_dashbrd
2026-01-15 19:08:40,752 - WARNING -   Could not drop table bzfc_cnst_cdi_phss_email_prfl: permission denied for relation bzfc_cnst_cdi_phss_email_prfl
2026-01-15 19:08:43,119 - WARNING - \u2717 Failed to create table: bzfc_cnst_cdi_phss_email_prfl - Error Type: ALREADY_EXISTS
2026-01-15 19:08:45,280 - INFO -   Dropped existing table (if any): bzfc_cnst_fr_prfr_em_prfl
2026-01-15 19:08:47,285 - INFO - \u2713 Successfully created table: bzfc_cnst_fr_prfr_em_prfl
2026-01-15 19:08:47,316 - INFO - Skipped table: mktg_ops_tbls.bzfc_fact_dmail_interaction - Reason: Excluded via target DB exclusion table
2026-01-15 19:08:49,430 - INFO -   Dropped existing table (if any): bzfc_fact_dmail_interaction_b401072026
2026-01-15 19:08:51,018 - INFO - \u2713 Successfully created table: bzfc_fact_dmail_interaction_b401072026
2026-01-15 19:08:52,738 - INFO -   Dropped existing table (if any): bzfc_fact_dmail_intrctn_norm
2026-01-15 19:08:54,060 - WARNING - \u2717 Failed to create table: bzfc_fact_dmail_intrctn_norm - Error Type: OTHER_ERROR
2026-01-15 19:08:56,139 - INFO -   Dropped existing table (if any): bzfc_fact_donation
2026-01-15 19:08:58,288 - INFO - \u2713 Successfully created table: bzfc_fact_donation
2026-01-15 19:09:00,431 - INFO -   Dropped existing table (if any): bzfc_fact_interaction
2026-01-15 19:09:02,069 - INFO - \u2713 Successfully created table: bzfc_fact_interaction
2026-01-15 19:09:02,091 - INFO - Skipped table: mktg_ops_tbls.bzfc_fact_interaction_all - Reason: Excluded via target DB exclusion table
2026-01-15 19:09:04,137 - INFO -   Dropped existing table (if any): bzfc_fact_interaction_all_b401072026
2026-01-15 19:09:06,152 - INFO - \u2713 Successfully created table: bzfc_fact_interaction_all_b401072026
2026-01-15 19:09:07,673 - INFO -   Dropped existing table (if any): bzfc_fact_intrctn_em_smry
2026-01-15 19:09:09,856 - INFO - \u2713 Successfully created table: bzfc_fact_intrctn_em_smry
2026-01-15 19:09:09,887 - INFO - Skipped table: mktg_ops_tbls.bzfc_fact_phone_interaction - Reason: Excluded via target DB exclusion table
2026-01-15 19:09:12,092 - INFO -   Dropped existing table (if any): bzfc_fact_phone_interaction_b401072026
2026-01-15 19:09:13,759 - INFO - \u2713 Successfully created table: bzfc_fact_phone_interaction_b401072026
2026-01-15 19:09:15,746 - INFO -   Dropped existing table (if any): bzfc_fact_response_all
2026-01-15 19:09:17,963 - INFO - \u2713 Successfully created table: bzfc_fact_response_all
2026-01-15 19:09:19,557 - INFO -   Dropped existing table (if any): bzfc_fact_response_new
2026-01-15 19:09:21,522 - INFO - \u2713 Successfully created table: bzfc_fact_response_new
2026-01-15 19:09:23,746 - INFO -   Dropped existing table (if any): bzfc_fact_sms_interaction
2026-01-15 19:09:25,339 - INFO - \u2713 Successfully created table: bzfc_fact_sms_interaction
2026-01-15 19:09:28,105 - INFO -   Dropped existing table (if any): bzfc_fact_surv_resp
2026-01-15 19:09:30,389 - INFO - \u2713 Successfully created table: bzfc_fact_surv_resp
2026-01-15 19:09:32,255 - INFO -   Dropped existing table (if any): bzfc_pg_response_log
2026-01-15 19:09:33,876 - INFO - \u2713 Successfully created table: bzfc_pg_response_log
2026-01-15 19:09:35,941 - INFO -   Dropped existing table (if any): bzfc_pg_response_log_ref
2026-01-15 19:09:38,054 - INFO - \u2713 Successfully created table: bzfc_pg_response_log_ref
2026-01-15 19:09:39,591 - INFO -   Dropped existing table (if any): bzfc_phss_lrnr_list_membrshp
2026-01-15 19:09:41,064 - INFO - \u2713 Successfully created table: bzfc_phss_lrnr_list_membrshp
2026-01-15 19:09:43,407 - INFO -   Dropped existing table (if any): bzfc_sms_fr_prfl
2026-01-15 19:09:45,531 - INFO - \u2713 Successfully created table: bzfc_sms_fr_prfl
2026-01-15 19:09:47,656 - INFO -   Dropped existing table (if any): bzfc_sms_profile
2026-01-15 19:09:49,810 - INFO - \u2713 Successfully created table: bzfc_sms_profile
2026-01-15 19:09:52,292 - INFO -   Dropped existing table (if any): bzfc_sponsor_journey_detail
2026-01-15 19:09:54,279 - INFO - \u2713 Successfully created table: bzfc_sponsor_journey_detail
2026-01-15 19:09:56,111 - INFO -   Dropped existing table (if any): bzfc_sponsor_journey_smry
2026-01-15 19:09:57,758 - INFO - \u2713 Successfully created table: bzfc_sponsor_journey_smry
2026-01-15 19:10:00,168 - INFO -   Dropped existing table (if any): bzf_cem_cnst_opt_outs_copy
2026-01-15 19:10:12,255 - INFO - \u2713 Successfully created table: bzf_cem_cnst_opt_outs_copy
2026-01-15 19:10:14,449 - INFO -   Dropped existing table (if any): bzf_cem_cnst_opt_outs_stg
2026-01-15 19:10:17,281 - INFO - \u2713 Successfully created table: bzf_cem_cnst_opt_outs_stg
2026-01-15 19:10:20,254 - INFO -   Dropped existing table (if any): bzf_cnst_cdi_sltn_id
2026-01-15 19:10:23,071 - INFO - \u2713 Successfully created table: bzf_cnst_cdi_sltn_id
2026-01-15 19:10:27,412 - INFO -   Dropped existing table (if any): bzf_cnst_cdi_sltn_id_1
2026-01-15 19:10:29,403 - INFO - \u2713 Successfully created table: bzf_cnst_cdi_sltn_id_1
2026-01-15 19:10:32,085 - INFO -   Dropped existing table (if any): bzf_cnst_cdi_sltn_id_2
2026-01-15 19:10:33,830 - INFO - \u2713 Successfully created table: bzf_cnst_cdi_sltn_id_2
2026-01-15 19:10:36,195 - INFO -   Dropped existing table (if any): bzf_cnst_cdi_sltn_id_3
2026-01-15 19:10:39,263 - INFO - \u2713 Successfully created table: bzf_cnst_cdi_sltn_id_3
2026-01-15 19:10:39,263 - INFO - Progress: 200/463 tables processed
2026-01-15 19:10:41,640 - INFO -   Dropped existing table (if any): bzf_cnst_cdi_sltn_id_4
2026-01-15 19:10:43,541 - INFO - \u2713 Successfully created table: bzf_cnst_cdi_sltn_id_4
2026-01-15 19:10:45,297 - INFO -   Dropped existing table (if any): bzf_cnst_cdi_sltn_id_5
2026-01-15 19:10:47,501 - INFO - \u2713 Successfully created table: bzf_cnst_cdi_sltn_id_5
2026-01-15 19:10:49,709 - INFO -   Dropped existing table (if any): bzf_cnst_cdi_sltn_id_all
2026-01-15 19:10:51,410 - INFO - \u2713 Successfully created table: bzf_cnst_cdi_sltn_id_all
2026-01-15 19:10:53,719 - INFO -   Dropped existing table (if any): bzf_cnst_cdi_sltn_id_bk
2026-01-15 19:10:55,498 - INFO - \u2713 Successfully created table: bzf_cnst_cdi_sltn_id_bk
2026-01-15 19:10:57,514 - INFO -   Dropped existing table (if any): bzf_cnst_chrctrstc_simio
2026-01-15 19:10:59,424 - INFO - \u2713 Successfully created table: bzf_cnst_chrctrstc_simio
2026-01-15 19:10:59,448 - INFO - Skipped table: mktg_ops_tbls.bzf_cnst_scr - Reason: Excluded via target DB exclusion table
2026-01-15 19:11:00,770 - WARNING -   Could not drop table bzf_cnst_scr_b401072026: permission denied for relation bzf_cnst_scr_b401072026
2026-01-15 19:11:01,869 - WARNING - \u2717 Failed to create table: bzf_cnst_scr_b401072026 - Error Type: ALREADY_EXISTS
2026-01-15 19:11:03,489 - INFO -   Dropped existing table (if any): bzf_cnst_scr_simio
2026-01-15 19:11:05,176 - INFO - \u2713 Successfully created table: bzf_cnst_scr_simio
2026-01-15 19:11:06,910 - INFO -   Dropped existing table (if any): bzl_cnst_fsa_acqstn
2026-01-15 19:11:08,641 - INFO - \u2713 Successfully created table: bzl_cnst_fsa_acqstn
2026-01-15 19:11:10,207 - INFO -   Dropped existing table (if any): bzl_cnst_mstr_fsa_in_primary
2026-01-15 19:11:11,706 - INFO - \u2713 Successfully created table: bzl_cnst_mstr_fsa_in_primary
2026-01-15 19:11:12,810 - WARNING -   Could not drop table bz_adobe_analytics_rcb_txn: permission denied for relation bz_adobe_analytics_rcb_txn
2026-01-15 19:11:14,033 - WARNING - \u2717 Failed to create table: bz_adobe_analytics_rcb_txn - Error Type: ALREADY_EXISTS
2026-01-15 19:11:15,627 - INFO -   Dropped existing table (if any): bz_adobe_analytics_rco_txn
2026-01-15 19:11:17,156 - INFO - \u2713 Successfully created table: bz_adobe_analytics_rco_txn
2026-01-15 19:11:18,744 - INFO -   Dropped existing table (if any): bz_adobe_analytics_ts_txn
2026-01-15 19:11:20,267 - INFO - \u2713 Successfully created table: bz_adobe_analytics_ts_txn
2026-01-15 19:11:21,788 - INFO -   Dropped existing table (if any): bz_arcpg_response_typ
2026-01-15 19:11:23,489 - INFO - \u2713 Successfully created table: bz_arcpg_response_typ
2026-01-15 19:11:24,978 - INFO -   Dropped existing table (if any): bz_arc_fr_smry_atg_first_tm
2026-01-15 19:11:26,585 - INFO - \u2713 Successfully created table: bz_arc_fr_smry_atg_first_tm
2026-01-15 19:11:28,574 - INFO -   Dropped existing table (if any): bz_arc_fr_smry_rco_first_tm
2026-01-15 19:11:30,047 - INFO - \u2713 Successfully created table: bz_arc_fr_smry_rco_first_tm
2026-01-15 19:11:31,619 - INFO -   Dropped existing table (if any): bz_arc_fr_smry_rco_last_donat
2026-01-15 19:11:33,056 - INFO - \u2713 Successfully created table: bz_arc_fr_smry_rco_last_donat
2026-01-15 19:11:34,594 - INFO -   Dropped existing table (if any): bz_arc_fr_smry_rco_last_sustnr_donat
2026-01-15 19:11:36,106 - INFO - \u2713 Successfully created table: bz_arc_fr_smry_rco_last_sustnr_donat
2026-01-15 19:11:37,796 - INFO -   Dropped existing table (if any): bz_cnst_birth_best
2026-01-15 19:11:39,302 - INFO - \u2713 Successfully created table: bz_cnst_birth_best
2026-01-15 19:11:43,490 - INFO -   Dropped existing table (if any): bz_cnst_gender_best
2026-01-15 19:11:45,005 - INFO - \u2713 Successfully created table: bz_cnst_gender_best
2026-01-15 19:11:46,660 - INFO -   Dropped existing table (if any): bz_cur_mth_bio_donor_freq
2026-01-15 19:11:48,964 - INFO - \u2713 Successfully created table: bz_cur_mth_bio_donor_freq
2026-01-15 19:11:52,094 - INFO -   Dropped existing table (if any): bz_cur_mth_bio_donor_freq2
2026-01-15 19:11:54,904 - INFO - \u2713 Successfully created table: bz_cur_mth_bio_donor_freq2
2026-01-15 19:11:56,622 - INFO -   Dropped existing table (if any): bz_dim_cnst_demographic
2026-01-15 19:12:00,264 - INFO - \u2713 Successfully created table: bz_dim_cnst_demographic
2026-01-15 19:12:01,989 - INFO -   Dropped existing table (if any): bz_dim_rpt_cell_cd
2026-01-15 19:12:03,561 - INFO - \u2713 Successfully created table: bz_dim_rpt_cell_cd
2026-01-15 19:12:08,118 - INFO -   Dropped existing table (if any): bz_dim_treatmnt
2026-01-15 19:12:09,634 - INFO - \u2713 Successfully created table: bz_dim_treatmnt
2026-01-15 19:12:10,712 - WARNING -   Could not drop table bz_email_src_cd: permission denied for relation bz_email_src_cd
2026-01-15 19:12:11,783 - WARNING - \u2717 Failed to create table: bz_email_src_cd - Error Type: ALREADY_EXISTS
2026-01-15 19:12:13,348 - INFO -   Dropped existing table (if any): bz_fact_interaction_pg
2026-01-15 19:12:14,978 - INFO - \u2713 Successfully created table: bz_fact_interaction_pg
2026-01-15 19:12:16,696 - INFO -   Dropped existing table (if any): bz_fact_response_pg
2026-01-15 19:12:18,675 - INFO - \u2713 Successfully created table: bz_fact_response_pg
2026-01-15 19:12:19,760 - WARNING -   Could not drop table bz_gms_arc_fr_txn_segmnt: permission denied for relation bz_gms_arc_fr_txn_segmnt
2026-01-15 19:12:20,921 - WARNING - \u2717 Failed to create table: bz_gms_arc_fr_txn_segmnt - Error Type: ALREADY_EXISTS
2026-01-15 19:12:22,679 - INFO -   Dropped existing table (if any): bz_google_analytics_txn
2026-01-15 19:12:24,180 - INFO - \u2713 Successfully created table: bz_google_analytics_txn
2026-01-15 19:12:25,831 - INFO -   Dropped existing table (if any): bz_pg_group_membrshp
2026-01-15 19:12:27,318 - INFO - \u2713 Successfully created table: bz_pg_group_membrshp
2026-01-15 19:12:28,864 - INFO -   Dropped existing table (if any): campgn_prospct_list
2026-01-15 19:12:30,568 - INFO - \u2713 Successfully created table: campgn_prospct_list
2026-01-15 19:12:30,596 - INFO - Skipped table: mktg_ops_tbls.campgn_yr_end_dow_projctn - Reason: Excluded via target DB exclusion table
2026-01-15 19:12:32,163 - INFO -   Dropped existing table (if any): campgn_yr_end_dow_projctn_b401072026
2026-01-15 19:12:33,668 - INFO - \u2713 Successfully created table: campgn_yr_end_dow_projctn_b401072026
2026-01-15 19:12:35,175 - INFO -   Dropped existing table (if any): chptr_list_membrshp
2026-01-15 19:12:36,649 - INFO - \u2713 Successfully created table: chptr_list_membrshp
2026-01-15 19:12:38,604 - INFO -   Dropped existing table (if any): chptr_portal_list_typ_ref
2026-01-15 19:12:40,101 - INFO - \u2713 Successfully created table: chptr_portal_list_typ_ref
2026-01-15 19:12:41,629 - INFO -   Dropped existing table (if any): cnst_addr_ncoa_log
2026-01-15 19:12:43,157 - INFO - \u2713 Successfully created table: cnst_addr_ncoa_log
2026-01-15 19:12:44,867 - INFO -   Dropped existing table (if any): cnst_cdi_bio_preferred_dmail
2026-01-15 19:12:46,366 - INFO - \u2713 Successfully created table: cnst_cdi_bio_preferred_dmail
2026-01-15 19:12:47,871 - INFO -   Dropped existing table (if any): cnst_cdi_bio_preferred_email
2026-01-15 19:12:49,529 - INFO - \u2713 Successfully created table: cnst_cdi_bio_preferred_email
2026-01-15 19:12:51,034 - INFO -   Dropped existing table (if any): cnst_cdi_phss_preferred_dmail
2026-01-15 19:12:52,571 - INFO - \u2713 Successfully created table: cnst_cdi_phss_preferred_dmail
2026-01-15 19:12:54,262 - INFO -   Dropped existing table (if any): cnst_cdi_phss_preferred_email
2026-01-15 19:12:56,067 - INFO - \u2713 Successfully created table: cnst_cdi_phss_preferred_email
2026-01-15 19:12:58,464 - INFO -   Dropped existing table (if any): cnst_cdi_smry_bio_prfr
2026-01-15 19:13:00,050 - INFO - \u2713 Successfully created table: cnst_cdi_smry_bio_prfr
2026-01-15 19:13:01,823 - INFO -   Dropped existing table (if any): cnst_cdi_smry_non_fr_prfr
2026-01-15 19:13:03,301 - INFO - \u2713 Successfully created table: cnst_cdi_smry_non_fr_prfr
2026-01-15 19:13:04,920 - INFO -   Dropped existing table (if any): cnst_cdi_smry_phss_prfr
2026-01-15 19:13:06,405 - INFO - \u2713 Successfully created table: cnst_cdi_smry_phss_prfr
2026-01-15 19:13:08,056 - INFO -   Dropped existing table (if any): cnst_cdi_smry_phss_prfr_stg
2026-01-15 19:13:09,726 - INFO - \u2713 Successfully created table: cnst_cdi_smry_phss_prfr_stg
2026-01-15 19:13:11,857 - INFO -   Dropped existing table (if any): cnst_cdi_smry_vms_prfr
2026-01-15 19:13:13,331 - INFO - \u2713 Successfully created table: cnst_cdi_smry_vms_prfr
2026-01-15 19:13:14,864 - INFO -   Dropped existing table (if any): cnst_cdi_smry_vms_prfr_stg
2026-01-15 19:13:16,497 - INFO - \u2713 Successfully created table: cnst_cdi_smry_vms_prfr_stg
2026-01-15 19:13:18,312 - INFO -   Dropped existing table (if any): cnst_cdi_s_f_p_fr_dmail
2026-01-15 19:13:19,830 - INFO - \u2713 Successfully created table: cnst_cdi_s_f_p_fr_dmail
2026-01-15 19:13:21,389 - INFO -   Dropped existing table (if any): cnst_cdi_s_f_p_fr_email
2026-01-15 19:13:22,900 - INFO - \u2713 Successfully created table: cnst_cdi_s_f_p_fr_email
2026-01-15 19:13:24,801 - INFO -   Dropped existing table (if any): cnst_cdi_vms_preferred_dmail
2026-01-15 19:13:26,577 - INFO - \u2713 Successfully created table: cnst_cdi_vms_preferred_dmail
2026-01-15 19:13:26,586 - INFO - Progress: 250/463 tables processed
2026-01-15 19:13:28,166 - INFO -   Dropped existing table (if any): cnst_cdi_vms_preferred_email
2026-01-15 19:13:29,675 - INFO - \u2713 Successfully created table: cnst_cdi_vms_preferred_email
2026-01-15 19:13:31,150 - INFO -   Dropped existing table (if any): cnst_scr_acct
2026-01-15 19:13:32,652 - INFO - \u2713 Successfully created table: cnst_scr_acct
2026-01-15 19:13:34,185 - INFO -   Dropped existing table (if any): cnvo_reactivation_list
2026-01-15 19:13:35,741 - INFO - \u2713 Successfully created table: cnvo_reactivation_list
2026-01-15 19:13:37,635 - INFO -   Dropped existing table (if any): dim_bio_donat_freq
2026-01-15 19:13:39,283 - INFO - \u2713 Successfully created table: dim_bio_donat_freq
2026-01-15 19:13:39,310 - INFO - Skipped table: mktg_ops_tbls.dim_bio_mstr_cust_appnd - Reason: Excluded via target DB exclusion table
2026-01-15 19:13:40,885 - INFO -   Dropped existing table (if any): dim_bio_mstr_cust_appnd_b401072026
2026-01-15 19:13:42,417 - INFO - \u2713 Successfully created table: dim_bio_mstr_cust_appnd_b401072026
2026-01-15 19:13:43,990 - INFO -   Dropped existing table (if any): dim_bio_product
2026-01-15 19:13:45,835 - INFO - \u2713 Successfully created table: dim_bio_product
2026-01-15 19:13:47,470 - INFO -   Dropped existing table (if any): dim_campgn
2026-01-15 19:13:48,950 - INFO - \u2713 Successfully created table: dim_campgn
2026-01-15 19:13:50,545 - INFO -   Dropped existing table (if any): dim_delivery
2026-01-15 19:13:52,061 - INFO - \u2713 Successfully created table: dim_delivery
2026-01-15 19:13:53,675 - INFO -   Dropped existing table (if any): dim_dm_src_treatmnt_xref
2026-01-15 19:13:55,188 - INFO - \u2713 Successfully created table: dim_dm_src_treatmnt_xref
2026-01-15 19:13:56,264 - WARNING -   Could not drop table dim_edrtl_response_period: permission denied for relation dim_edrtl_response_period
2026-01-15 19:13:57,361 - WARNING - \u2717 Failed to create table: dim_edrtl_response_period - Error Type: ALREADY_EXISTS
2026-01-15 19:13:58,849 - INFO -   Dropped existing table (if any): dim_email_segmnt
2026-01-15 19:14:00,337 - INFO - \u2713 Successfully created table: dim_email_segmnt
2026-01-15 19:14:01,438 - WARNING -   Could not drop table dim_odr: permission denied for relation dim_odr
2026-01-15 19:14:02,500 - WARNING - \u2717 Failed to create table: dim_odr - Error Type: ALREADY_EXISTS
2026-01-15 19:14:03,579 - WARNING -   Could not drop table dim_online_channel: permission denied for relation dim_online_channel
2026-01-15 19:14:04,639 - WARNING - \u2717 Failed to create table: dim_online_channel - Error Type: ALREADY_EXISTS
2026-01-15 19:14:06,717 - INFO -   Dropped existing table (if any): dim_phone_adtnl_reqst
2026-01-15 19:14:08,190 - INFO - \u2713 Successfully created table: dim_phone_adtnl_reqst
2026-01-15 19:14:09,741 - INFO -   Dropped existing table (if any): dim_phone_call_dspstn
2026-01-15 19:14:11,273 - INFO - \u2713 Successfully created table: dim_phone_call_dspstn
2026-01-15 19:14:12,800 - INFO -   Dropped existing table (if any): dim_phone_campgn
2026-01-15 19:14:14,370 - INFO - \u2713 Successfully created table: dim_phone_campgn
2026-01-15 19:14:16,025 - INFO -   Dropped existing table (if any): dim_phone_campgn_bkp
2026-01-15 19:14:17,651 - INFO - \u2713 Successfully created table: dim_phone_campgn_bkp
2026-01-15 19:14:19,245 - INFO -   Dropped existing table (if any): dim_phone_campgn_src_cd_xref
2026-01-15 19:14:21,360 - INFO - \u2713 Successfully created table: dim_phone_campgn_src_cd_xref
2026-01-15 19:14:22,985 - INFO -   Dropped existing table (if any): dim_phone_script
2026-01-15 19:14:24,507 - INFO - \u2713 Successfully created table: dim_phone_script
2026-01-15 19:14:25,960 - INFO -   Dropped existing table (if any): dim_recipient
2026-01-15 19:14:27,455 - INFO - \u2713 Successfully created table: dim_recipient
2026-01-15 19:14:28,731 - WARNING -   Could not drop table dim_region_rsmo: permission denied for relation dim_region_rsmo
2026-01-15 19:14:29,854 - WARNING - \u2717 Failed to create table: dim_region_rsmo - Error Type: ALREADY_EXISTS
2026-01-15 19:14:31,396 - INFO -   Dropped existing table (if any): dim_src_2_intrctn_brdg
2026-01-15 19:14:32,940 - INFO - \u2713 Successfully created table: dim_src_2_intrctn_brdg
2026-01-15 19:14:34,449 - INFO -   Dropped existing table (if any): dim_treatmnt
2026-01-15 19:14:35,924 - INFO - \u2713 Successfully created table: dim_treatmnt
2026-01-15 19:14:37,456 - INFO -   Dropped existing table (if any): dim_unit_military_station_zips
2026-01-15 19:14:39,046 - INFO - \u2713 Successfully created table: dim_unit_military_station_zips
2026-01-15 19:14:40,735 - INFO -   Dropped existing table (if any): dim_vol_inactvtn_rsn_cd
2026-01-15 19:14:42,271 - INFO - \u2713 Successfully created table: dim_vol_inactvtn_rsn_cd
2026-01-15 19:14:42,316 - INFO - Skipped table: mktg_ops_tbls.dm_campaign_hist - Reason: Excluded via target DB exclusion table
2026-01-15 19:14:45,419 - INFO -   Dropped existing table (if any): dm_campaign_hist_b401072026
2026-01-15 19:14:46,927 - INFO - \u2713 Successfully created table: dm_campaign_hist_b401072026
2026-01-15 19:14:46,952 - INFO - Skipped table: mktg_ops_tbls.dm_campaign_pg_hist - Reason: Excluded via target DB exclusion table
2026-01-15 19:14:48,639 - INFO -   Dropped existing table (if any): dm_campaign_pg_hist_b401072026
2026-01-15 19:14:50,137 - INFO - \u2713 Successfully created table: dm_campaign_pg_hist_b401072026
2026-01-15 19:14:51,885 - INFO -   Dropped existing table (if any): dv_active_segmnt_snapsht
2026-01-15 19:14:53,423 - INFO - \u2713 Successfully created table: dv_active_segmnt_snapsht
2026-01-15 19:14:54,944 - INFO -   Dropped existing table (if any): dv_arc_bio_smry
2026-01-15 19:14:56,416 - INFO - \u2713 Successfully created table: dv_arc_bio_smry
2026-01-15 19:14:58,243 - INFO -   Dropped existing table (if any): dv_arc_entrprs_smry
2026-01-15 19:14:59,687 - INFO - \u2713 Successfully created table: dv_arc_entrprs_smry
2026-01-15 19:15:01,192 - INFO -   Dropped existing table (if any): dv_arc_fr_smry
2026-01-15 19:15:02,675 - INFO - \u2713 Successfully created table: dv_arc_fr_smry
2026-01-15 19:15:04,131 - INFO -   Dropped existing table (if any): dv_arc_phss_smry
2026-01-15 19:15:05,606 - INFO - \u2713 Successfully created table: dv_arc_phss_smry
2026-01-15 19:15:07,105 - INFO -   Dropped existing table (if any): dv_arc_vms_smry
2026-01-15 19:15:08,767 - INFO - \u2713 Successfully created table: dv_arc_vms_smry
2026-01-15 19:15:10,404 - INFO -   Dropped existing table (if any): dv_channel_accessibility
2026-01-15 19:15:11,455 - WARNING - \u2717 Failed to create table: dv_channel_accessibility - Error Type: OTHER_ERROR
2026-01-15 19:15:13,017 - INFO -   Dropped existing table (if any): dv_channel_accessibility_stg
2026-01-15 19:15:14,600 - INFO - \u2713 Successfully created table: dv_channel_accessibility_stg
2026-01-15 19:15:16,119 - INFO -   Dropped existing table (if any): dv_de_accessblty_lifestg
2026-01-15 19:15:17,772 - INFO - \u2713 Successfully created table: dv_de_accessblty_lifestg
2026-01-15 19:15:19,367 - INFO -   Dropped existing table (if any): dv_de_accessblty_overall
2026-01-15 19:15:21,029 - INFO - \u2713 Successfully created table: dv_de_accessblty_overall
2026-01-15 19:15:22,711 - INFO -   Dropped existing table (if any): dv_de_scorcrd_campgns
2026-01-15 19:15:24,217 - INFO - \u2713 Successfully created table: dv_de_scorcrd_campgns
2026-01-15 19:15:25,737 - INFO -   Dropped existing table (if any): dv_digtl_engmnt_scorcrd
2026-01-15 19:15:27,197 - INFO - \u2713 Successfully created table: dv_digtl_engmnt_scorcrd
2026-01-15 19:15:28,872 - INFO -   Dropped existing table (if any): email_src_cd
2026-01-15 19:15:30,367 - INFO - \u2713 Successfully created table: email_src_cd
2026-01-15 19:15:31,865 - INFO -   Dropped existing table (if any): esri_blockgroup_demgrphc
2026-01-15 19:15:33,401 - INFO - \u2713 Successfully created table: esri_blockgroup_demgrphc
2026-01-15 19:15:34,905 - INFO -   Dropped existing table (if any): esri_zip_cd_demgrphc
2026-01-15 19:15:36,454 - INFO - \u2713 Successfully created table: esri_zip_cd_demgrphc
2026-01-15 19:15:38,864 - INFO -   Dropped existing table (if any): fact_dmail_interaction
2026-01-15 19:15:40,415 - INFO - \u2713 Successfully created table: fact_dmail_interaction
2026-01-15 19:15:41,954 - INFO -   Dropped existing table (if any): fact_dmail_interaction_bkp
2026-01-15 19:15:43,554 - INFO - \u2713 Successfully created table: fact_dmail_interaction_bkp
2026-01-15 19:15:45,720 - INFO -   Dropped existing table (if any): fact_email_interaction
2026-01-15 19:15:47,241 - INFO - \u2713 Successfully created table: fact_email_interaction
2026-01-15 19:15:48,745 - INFO -   Dropped existing table (if any): fact_interaction_aprm
2026-01-15 19:15:50,273 - INFO - \u2713 Successfully created table: fact_interaction_aprm
2026-01-15 19:15:50,300 - INFO - Skipped table: mktg_ops_tbls.fact_interaction_bb - Reason: Excluded via target DB exclusion table
2026-01-15 19:15:50,301 - INFO - Progress: 300/463 tables processed
2026-01-15 19:15:51,801 - INFO -   Dropped existing table (if any): fact_interaction_bb_b401072026
2026-01-15 19:15:53,406 - INFO - \u2713 Successfully created table: fact_interaction_bb_b401072026
2026-01-15 19:15:53,432 - INFO - Skipped table: mktg_ops_tbls.fact_interaction_ff - Reason: Excluded via target DB exclusion table
2026-01-15 19:15:55,396 - INFO -   Dropped existing table (if any): fact_interaction_ff_b401072026
2026-01-15 19:15:57,783 - INFO - \u2713 Successfully created table: fact_interaction_ff_b401072026
2026-01-15 19:15:59,546 - INFO -   Dropped existing table (if any): fact_phone_interaction
2026-01-15 19:16:01,070 - INFO - \u2713 Successfully created table: fact_phone_interaction
2026-01-15 19:16:01,104 - INFO - Skipped table: mktg_ops_tbls.fact_response_aprm - Reason: Excluded via target DB exclusion table
2026-01-15 19:16:02,230 - WARNING -   Could not drop table fact_response_aprm_b401072026: permission denied for relation fact_response_aprm_b401072026
2026-01-15 19:16:03,297 - WARNING - \u2717 Failed to create table: fact_response_aprm_b401072026 - Error Type: ALREADY_EXISTS
2026-01-15 19:16:04,831 - INFO -   Dropped existing table (if any): fact_vol_applctn
2026-01-15 19:16:06,377 - INFO - \u2713 Successfully created table: fact_vol_applctn
2026-01-15 19:16:08,019 - INFO -   Dropped existing table (if any): fact_vs_surv_resp
2026-01-15 19:16:17,419 - INFO - \u2713 Successfully created table: fact_vs_surv_resp
2026-01-15 19:16:19,028 - INFO -   Dropped existing table (if any): final_mobile_common_opt_out
2026-01-15 19:16:20,653 - INFO - \u2713 Successfully created table: final_mobile_common_opt_out
2026-01-15 19:16:22,157 - INFO -   Dropped existing table (if any): fix_site_vol_recruit
2026-01-15 19:16:23,650 - INFO - \u2713 Successfully created table: fix_site_vol_recruit
2026-01-15 19:16:25,312 - INFO -   Dropped existing table (if any): fresh_address_email_append
2026-01-15 19:16:27,822 - INFO - \u2713 Successfully created table: fresh_address_email_append
2026-01-15 19:16:28,960 - WARNING -   Could not drop table fundraising_profiles_20240507_unsubscribe_trimmed: permission denied for relation fundraising_profiles_20240507_unsubscribe_trimmed
2026-01-15 19:16:30,049 - WARNING - \u2717 Failed to create table: fundraising_profiles_20240507_unsubscribe_trimmed - Error Type: ALREADY_EXISTS
2026-01-15 19:16:31,607 - INFO -   Dropped existing table (if any): global_suprs_cnst_email
2026-01-15 19:16:33,129 - INFO - \u2713 Successfully created table: global_suprs_cnst_email
2026-01-15 19:16:33,150 - INFO - Skipped table: mktg_ops_tbls.global_suprs_domain - Reason: Excluded via target DB exclusion table
2026-01-15 19:16:34,663 - INFO -   Dropped existing table (if any): global_suprs_domain_b401072026
2026-01-15 19:16:36,158 - INFO - \u2713 Successfully created table: global_suprs_domain_b401072026
2026-01-15 19:16:36,178 - INFO - Skipped table: mktg_ops_tbls.global_suprs_email - Reason: Excluded via target DB exclusion table
2026-01-15 19:16:38,950 - INFO -   Dropped existing table (if any): global_suprs_email_b401072026
2026-01-15 19:16:40,432 - INFO - \u2713 Successfully created table: global_suprs_email_b401072026
2026-01-15 19:16:42,073 - INFO -   Dropped existing table (if any): gms_arc_fr_smry
2026-01-15 19:16:43,634 - INFO - \u2713 Successfully created table: gms_arc_fr_smry
2026-01-15 19:16:45,177 - INFO -   Dropped existing table (if any): gms_arc_fr_smry_cbg
2026-01-15 19:16:46,730 - INFO - \u2713 Successfully created table: gms_arc_fr_smry_cbg
2026-01-15 19:16:48,685 - INFO -   Dropped existing table (if any): gms_arc_fr_smry_sustnr
2026-01-15 19:16:50,302 - INFO - \u2713 Successfully created table: gms_arc_fr_smry_sustnr
2026-01-15 19:16:51,423 - WARNING -   Could not drop table gms_arc_fr_txn: permission denied for relation gms_arc_fr_txn
2026-01-15 19:16:52,531 - WARNING - \u2717 Failed to create table: gms_arc_fr_txn - Error Type: ALREADY_EXISTS
2026-01-15 19:16:54,770 - INFO -   Dropped existing table (if any): gms_bzfc_adb_fact_donation
2026-01-15 19:16:56,445 - INFO - \u2713 Successfully created table: gms_bzfc_adb_fact_donation
2026-01-15 19:16:58,080 - INFO -   Dropped existing table (if any): gms_bzfc_cdi_fr_prfr_email_profile
2026-01-15 19:16:59,722 - INFO - \u2713 Successfully created table: gms_bzfc_cdi_fr_prfr_email_profile
2026-01-15 19:17:01,924 - INFO -   Dropped existing table (if any): gms_bzfc_cnst_fr_prfr_em_prfl
2026-01-15 19:17:03,523 - INFO - \u2713 Successfully created table: gms_bzfc_cnst_fr_prfr_em_prfl
2026-01-15 19:17:05,177 - INFO -   Dropped existing table (if any): gms_bzfc_donation_rank
2026-01-15 19:17:06,663 - INFO - \u2713 Successfully created table: gms_bzfc_donation_rank
2026-01-15 19:17:08,449 - INFO -   Dropped existing table (if any): gms_bzfc_fact_ask_cntct_intrctn
2026-01-15 19:17:10,370 - INFO - \u2713 Successfully created table: gms_bzfc_fact_ask_cntct_intrctn
2026-01-15 19:17:12,054 - INFO -   Dropped existing table (if any): gms_bzfc_fact_email_intrctn_smry
2026-01-15 19:17:13,730 - INFO - \u2713 Successfully created table: gms_bzfc_fact_email_intrctn_smry
2026-01-15 19:17:16,038 - INFO -   Dropped existing table (if any): gms_bzf_cnst_cnstcy
2026-01-15 19:17:17,750 - INFO - \u2713 Successfully created table: gms_bzf_cnst_cnstcy
2026-01-15 19:17:19,883 - INFO -   Dropped existing table (if any): gms_bzf_cnst_cnstcy_curnt
2026-01-15 19:17:22,107 - INFO - \u2713 Successfully created table: gms_bzf_cnst_cnstcy_curnt
2026-01-15 19:17:25,036 - INFO -   Dropped existing table (if any): gms_bz_pg_group_membrshp
2026-01-15 19:17:27,384 - INFO - \u2713 Successfully created table: gms_bz_pg_group_membrshp
2026-01-15 19:17:29,636 - INFO -   Dropped existing table (if any): gms_cnst_behvrl_segmnt
2026-01-15 19:17:32,505 - INFO - \u2713 Successfully created table: gms_cnst_behvrl_segmnt
2026-01-15 19:17:34,821 - INFO -   Dropped existing table (if any): gms_cnst_cdi_smry_fr_pa_dm
2026-01-15 19:17:36,827 - INFO - \u2713 Successfully created table: gms_cnst_cdi_smry_fr_pa_dm
2026-01-15 19:17:41,066 - INFO -   Dropped existing table (if any): gms_cnst_cdi_smry_fr_prfr
2026-01-15 19:17:42,203 - WARNING - \u2717 Failed to create table: gms_cnst_cdi_smry_fr_prfr - Error Type: OTHER_ERROR
2026-01-15 19:17:44,649 - INFO -   Dropped existing table (if any): gms_cnst_cdi_smry_fr_prfr_bzf_cem_cnst_opt_outs_stg
2026-01-15 19:17:46,486 - INFO - \u2713 Successfully created table: gms_cnst_cdi_smry_fr_prfr_bzf_cem_cnst_opt_outs_stg
2026-01-15 19:17:48,091 - INFO -   Dropped existing table (if any): gms_cnst_cdi_smry_fr_prfr_sncy
2026-01-15 19:17:49,621 - INFO - \u2713 Successfully created table: gms_cnst_cdi_smry_fr_prfr_sncy
2026-01-15 19:17:52,177 - INFO -   Dropped existing table (if any): gms_cnst_cdi_smry_fr_prfr_stg
2026-01-15 19:17:53,853 - INFO - \u2713 Successfully created table: gms_cnst_cdi_smry_fr_prfr_stg
2026-01-15 19:17:55,690 - INFO -   Dropped existing table (if any): gms_cnst_cdi_smry_fr_prfr_sync
2026-01-15 19:17:56,763 - WARNING - \u2717 Failed to create table: gms_cnst_cdi_smry_fr_prfr_sync - Error Type: OTHER_ERROR
2026-01-15 19:17:58,236 - WARNING -   Could not drop table gofundraise_donor: permission denied for relation gofundraise_donor
2026-01-15 19:17:59,389 - WARNING - \u2717 Failed to create table: gofundraise_donor - Error Type: ALREADY_EXISTS
2026-01-15 19:18:02,539 - INFO -   Dropped existing table (if any): google_analytics_txn
2026-01-15 19:18:05,336 - INFO - \u2713 Successfully created table: google_analytics_txn
2026-01-15 19:18:05,369 - INFO - Skipped table: mktg_ops_tbls.lkp_positions_taxonomy_mktg_stg - Reason: Excluded via target DB exclusion table
2026-01-15 19:18:06,950 - WARNING -   Could not drop table lkp_positions_taxonomy_mktg_stg_b401072026: permission denied for relation lkp_positions_taxonomy_mktg_stg_b401072026
2026-01-15 19:18:08,106 - WARNING - \u2717 Failed to create table: lkp_positions_taxonomy_mktg_stg_b401072026 - Error Type: ALREADY_EXISTS
2026-01-15 19:18:09,871 - WARNING -   Could not drop table load_control_table: permission denied for relation load_control_table
2026-01-15 19:18:11,030 - WARNING - \u2717 Failed to create table: load_control_table - Error Type: ALREADY_EXISTS
2026-01-15 19:18:12,687 - INFO -   Dropped existing table (if any): mktg_load_cntl
2026-01-15 19:18:15,804 - INFO - \u2713 Successfully created table: mktg_load_cntl
2026-01-15 19:18:15,830 - INFO - Skipped table: mktg_ops_tbls.mktg_sky_dates - Reason: Excluded via target DB exclusion table
2026-01-15 19:18:17,864 - INFO -   Dropped existing table (if any): mktg_sky_dates_b401072026
2026-01-15 19:18:20,036 - INFO - \u2713 Successfully created table: mktg_sky_dates_b401072026
2026-01-15 19:18:20,055 - INFO - Skipped table: mktg_ops_tbls.mktg_snapsht_load_cntl - Reason: Excluded via target DB exclusion table
2026-01-15 19:18:21,570 - INFO -   Dropped existing table (if any): mktg_snapsht_load_cntl_b401072026
2026-01-15 19:18:23,181 - INFO - \u2713 Successfully created table: mktg_snapsht_load_cntl_b401072026
2026-01-15 19:18:24,458 - WARNING -   Could not drop table mobile_commons_20240507_active: permission denied for relation mobile_commons_20240507_active
2026-01-15 19:18:25,639 - WARNING - \u2717 Failed to create table: mobile_commons_20240507_active - Error Type: ALREADY_EXISTS
2026-01-15 19:18:27,401 - INFO -   Dropped existing table (if any): mobile_commons_active
2026-01-15 19:18:29,373 - INFO - \u2713 Successfully created table: mobile_commons_active
2026-01-15 19:18:30,913 - INFO -   Dropped existing table (if any): name_gender
2026-01-15 19:18:32,512 - INFO - \u2713 Successfully created table: name_gender
2026-01-15 19:18:32,521 - INFO - Progress: 350/463 tables processed
2026-01-15 19:18:36,043 - INFO -   Dropped existing table (if any): nhqmktg_cdrp_enrllmnt_ref
2026-01-15 19:18:37,640 - INFO - \u2713 Successfully created table: nhqmktg_cdrp_enrllmnt_ref
2026-01-15 19:18:39,811 - INFO -   Dropped existing table (if any): nhqmktg_cdrp_enrllmnt_sts
2026-01-15 19:18:41,405 - INFO - \u2713 Successfully created table: nhqmktg_cdrp_enrllmnt_sts
2026-01-15 19:18:43,132 - INFO -   Dropped existing table (if any): pacific_east_email_append
2026-01-15 19:18:44,658 - INFO - \u2713 Successfully created table: pacific_east_email_append
2026-01-15 19:18:46,360 - INFO -   Dropped existing table (if any): pacific_east_phone_append
2026-01-15 19:18:48,615 - INFO - \u2713 Successfully created table: pacific_east_phone_append
2026-01-15 19:18:50,236 - INFO -   Dropped existing table (if any): pbi_bio_demogrphcs
2026-01-15 19:18:51,749 - INFO - \u2713 Successfully created table: pbi_bio_demogrphcs
2026-01-15 19:18:53,669 - INFO -   Dropped existing table (if any): pbi_bzl_fact_show_prodctv_ind
2026-01-15 19:18:56,089 - INFO - \u2713 Successfully created table: pbi_bzl_fact_show_prodctv_ind
2026-01-15 19:18:58,464 - INFO -   Dropped existing table (if any): pbi_cfremappend_cnst
2026-01-15 19:19:00,047 - INFO - \u2713 Successfully created table: pbi_cfremappend_cnst
2026-01-15 19:19:01,672 - INFO -   Dropped existing table (if any): pbi_cfremappend_cohort
2026-01-15 19:19:03,478 - INFO - \u2713 Successfully created table: pbi_cfremappend_cohort
2026-01-15 19:19:05,465 - INFO -   Dropped existing table (if any): pbi_entrprs_campgn_comnts
2026-01-15 19:19:07,041 - INFO - \u2713 Successfully created table: pbi_entrprs_campgn_comnts
2026-01-15 19:19:09,042 - INFO -   Dropped existing table (if any): pbi_entrprs_campgn_non_adb
2026-01-15 19:19:11,443 - INFO - \u2713 Successfully created table: pbi_entrprs_campgn_non_adb
2026-01-15 19:19:14,368 - INFO -   Dropped existing table (if any): pbi_entrprs_campgn_results
2026-01-15 19:19:15,909 - INFO - \u2713 Successfully created table: pbi_entrprs_campgn_results
2026-01-15 19:19:17,648 - INFO -   Dropped existing table (if any): pbi_entrprs_campgn_smry
2026-01-15 19:19:21,837 - INFO - \u2713 Successfully created table: pbi_entrprs_campgn_smry
2026-01-15 19:19:23,568 - INFO -   Dropped existing table (if any): pbi_entrprs_campgn_ts_sends
2026-01-15 19:19:25,279 - INFO - \u2713 Successfully created table: pbi_entrprs_campgn_ts_sends
2026-01-15 19:19:27,089 - INFO -   Dropped existing table (if any): pbi_fact_bio_freq_rtntn_react_dtl
2026-01-15 19:19:28,178 - WARNING - \u2717 Failed to create table: pbi_fact_bio_freq_rtntn_react_dtl - Error Type: OTHER_ERROR
2026-01-15 19:19:32,550 - INFO -   Dropped existing table (if any): pbi_fact_bio_freq_rtntn_snpsht
2026-01-15 19:19:34,150 - INFO - \u2713 Successfully created table: pbi_fact_bio_freq_rtntn_snpsht
2026-01-15 19:19:36,015 - INFO -   Dropped existing table (if any): pbi_model_perf_auc
2026-01-15 19:19:37,620 - INFO - \u2713 Successfully created table: pbi_model_perf_auc
2026-01-15 19:19:39,345 - INFO -   Dropped existing table (if any): pbi_model_perf_dashbrd
2026-01-15 19:19:40,837 - INFO - \u2713 Successfully created table: pbi_model_perf_dashbrd
2026-01-15 19:19:42,448 - INFO -   Dropped existing table (if any): pbi_model_perf_dim_lol
2026-01-15 19:19:43,953 - INFO - \u2713 Successfully created table: pbi_model_perf_dim_lol
2026-01-15 19:19:45,457 - INFO -   Dropped existing table (if any): pbi_model_perf_tlres
2026-01-15 19:19:47,061 - INFO - \u2713 Successfully created table: pbi_model_perf_tlres
2026-01-15 19:19:47,084 - INFO - Skipped table: mktg_ops_tbls.pbi_sales_pricing_budget - Reason: Excluded via target DB exclusion table
2026-01-15 19:19:48,754 - INFO -   Dropped existing table (if any): pbi_sales_pricing_budget_b401072026
2026-01-15 19:19:50,274 - INFO - \u2713 Successfully created table: pbi_sales_pricing_budget_b401072026
2026-01-15 19:19:51,888 - INFO -   Dropped existing table (if any): pg_calc_stuart_upld_lkp
2026-01-15 19:19:53,451 - INFO - \u2713 Successfully created table: pg_calc_stuart_upld_lkp
2026-01-15 19:19:55,144 - INFO -   Dropped existing table (if any): pg_group_ref
2026-01-15 19:19:56,675 - INFO - \u2713 Successfully created table: pg_group_ref
2026-01-15 19:19:59,305 - INFO -   Dropped existing table (if any): pg_response_log_exclusion
2026-01-15 19:20:01,401 - INFO - \u2713 Successfully created table: pg_response_log_exclusion
2026-01-15 19:20:02,954 - INFO -   Dropped existing table (if any): pg_src_convrsn
2026-01-15 19:20:04,444 - INFO - \u2713 Successfully created table: pg_src_convrsn
2026-01-15 19:20:06,528 - INFO -   Dropped existing table (if any): phone_interaction_eoc
2026-01-15 19:20:08,107 - INFO - \u2713 Successfully created table: phone_interaction_eoc
2026-01-15 19:20:10,172 - INFO -   Dropped existing table (if any): phone_interaction_pg_eoc
2026-01-15 19:20:11,894 - INFO - \u2713 Successfully created table: phone_interaction_pg_eoc
2026-01-15 19:20:13,531 - INFO -   Dropped existing table (if any): phone_interaction_sustnr_upgr
2026-01-15 19:20:15,041 - INFO - \u2713 Successfully created table: phone_interaction_sustnr_upgr
2026-01-15 19:20:16,685 - INFO -   Dropped existing table (if any): pref_cnst_mstr
2026-01-15 19:20:18,210 - INFO - \u2713 Successfully created table: pref_cnst_mstr
2026-01-15 19:20:19,898 - INFO -   Dropped existing table (if any): prodct_distrbtn_bdgt
2026-01-15 19:20:21,396 - INFO - \u2713 Successfully created table: prodct_distrbtn_bdgt
2026-01-15 19:20:23,082 - INFO -   Dropped existing table (if any): replication_adb_nmsbroadlogmsg
2026-01-15 19:20:24,593 - INFO - \u2713 Successfully created table: replication_adb_nmsbroadlogmsg
2026-01-15 19:20:26,111 - INFO -   Dropped existing table (if any): replication_adb_nmsoperation
2026-01-15 19:20:27,705 - INFO - \u2713 Successfully created table: replication_adb_nmsoperation
2026-01-15 19:20:29,447 - INFO -   Dropped existing table (if any): replication_adb_xtkworkflow
2026-01-15 19:20:31,116 - INFO - \u2713 Successfully created table: replication_adb_xtkworkflow
2026-01-15 19:20:32,605 - INFO -   Dropped existing table (if any): replication_aprm_email_remove
2026-01-15 19:20:34,276 - INFO - \u2713 Successfully created table: replication_aprm_email_remove
2026-01-15 19:20:36,175 - INFO -   Dropped existing table (if any): replication_aprm_wb_apnd_outbnd_msgs
2026-01-15 19:20:38,749 - INFO - \u2713 Successfully created table: replication_aprm_wb_apnd_outbnd_msgs
2026-01-15 19:20:40,582 - INFO -   Dropped existing table (if any): replication_bz_email_src_cd
2026-01-15 19:20:42,098 - INFO - \u2713 Successfully created table: replication_bz_email_src_cd
2026-01-15 19:20:43,844 - INFO -   Dropped existing table (if any): replication_dim_person
2026-01-15 19:20:45,320 - INFO - \u2713 Successfully created table: replication_dim_person
2026-01-15 19:20:46,427 - WARNING -   Could not drop table replication_dim_recipient: permission denied for relation replication_dim_recipient
2026-01-15 19:20:47,571 - WARNING - \u2717 Failed to create table: replication_dim_recipient - Error Type: ALREADY_EXISTS
2026-01-15 19:20:49,746 - INFO -   Dropped existing table (if any): replication_fact_interaction_aprm
2026-01-15 19:20:51,975 - INFO - \u2713 Successfully created table: replication_fact_interaction_aprm
2026-01-15 19:20:53,500 - INFO -   Dropped existing table (if any): replication_rr_rqq_rql_file_xref
2026-01-15 19:20:55,060 - INFO - \u2713 Successfully created table: replication_rr_rqq_rql_file_xref
2026-01-15 19:20:55,083 - INFO - Skipped table: mktg_ops_tbls.rr_rqq_rql_file_xref - Reason: Excluded via target DB exclusion table
2026-01-15 19:20:56,750 - INFO -   Dropped existing table (if any): rr_rqq_rql_file_xref_b401072026
2026-01-15 19:20:58,518 - INFO - \u2713 Successfully created table: rr_rqq_rql_file_xref_b401072026
2026-01-15 19:21:00,051 - INFO -   Dropped existing table (if any): scr
2026-01-15 19:21:01,513 - INFO - \u2713 Successfully created table: scr
2026-01-15 19:21:03,095 - INFO -   Dropped existing table (if any): scr_val_ref
2026-01-15 19:21:04,572 - INFO - \u2713 Successfully created table: scr_val_ref
2026-01-15 19:21:06,116 - INFO -   Dropped existing table (if any): srvy_anvrsry_vlntr_load_cntl
2026-01-15 19:21:07,654 - INFO - \u2713 Successfully created table: srvy_anvrsry_vlntr_load_cntl
2026-01-15 19:21:09,214 - INFO -   Dropped existing table (if any): srvy_anvrsry_vlntr_questions
2026-01-15 19:21:10,679 - INFO - \u2713 Successfully created table: srvy_anvrsry_vlntr_questions
2026-01-15 19:21:12,341 - INFO -   Dropped existing table (if any): srvy_anvrsry_vlntr_questn_2_srvy_xref
2026-01-15 19:21:13,844 - INFO - \u2713 Successfully created table: srvy_anvrsry_vlntr_questn_2_srvy_xref
2026-01-15 19:21:15,297 - INFO -   Dropped existing table (if any): srvy_anvrsry_vlntr_rspns_norm
2026-01-15 19:21:16,871 - INFO - \u2713 Successfully created table: srvy_anvrsry_vlntr_rspns_norm
2026-01-15 19:21:18,432 - INFO -   Dropped existing table (if any): srvy_anvrsry_vlntr_rspns_txt_norm
2026-01-15 19:21:20,086 - INFO - \u2713 Successfully created table: srvy_anvrsry_vlntr_rspns_txt_norm
2026-01-15 19:21:22,551 - INFO -   Dropped existing table (if any): srvy_anvrsy_vlntr_rspns
2026-01-15 19:21:24,131 - INFO - \u2713 Successfully created table: srvy_anvrsy_vlntr_rspns
2026-01-15 19:21:24,140 - INFO - Progress: 400/463 tables processed
2026-01-15 19:21:25,655 - INFO -   Dropped existing table (if any): srvy_anvrsy_vlntr_rspns_all
2026-01-15 19:21:27,129 - INFO - \u2713 Successfully created table: srvy_anvrsy_vlntr_rspns_all
2026-01-15 19:21:28,616 - INFO -   Dropped existing table (if any): srvy_anvrsy_vlntr_rspns_cmnt
2026-01-15 19:21:30,516 - INFO - \u2713 Successfully created table: srvy_anvrsy_vlntr_rspns_cmnt
2026-01-15 19:21:32,105 - INFO -   Dropped existing table (if any): srvy_anvrsy_vlntr_rspns_cmnt_curnt
2026-01-15 19:21:33,680 - INFO - \u2713 Successfully created table: srvy_anvrsy_vlntr_rspns_cmnt_curnt
2026-01-15 19:21:35,478 - INFO -   Dropped existing table (if any): srvy_anvrsy_vlntr_rspns_fy21
2026-01-15 19:21:37,195 - INFO - \u2713 Successfully created table: srvy_anvrsy_vlntr_rspns_fy21
2026-01-15 19:21:38,906 - WARNING -   Could not drop table srvy_anvrsy_vlntr_rspns_fy22: permission denied for relation srvy_anvrsy_vlntr_rspns_fy22
2026-01-15 19:21:40,010 - WARNING - \u2717 Failed to create table: srvy_anvrsy_vlntr_rspns_fy22 - Error Type: ALREADY_EXISTS
2026-01-15 19:21:41,608 - INFO -   Dropped existing table (if any): srvy_anvrsy_vlntr_rspns_load_cntl
2026-01-15 19:21:43,153 - INFO - \u2713 Successfully created table: srvy_anvrsy_vlntr_rspns_load_cntl
2026-01-15 19:21:44,677 - INFO -   Dropped existing table (if any): srvy_blood_sponsor_load_cntl
2026-01-15 19:21:46,225 - INFO - \u2713 Successfully created table: srvy_blood_sponsor_load_cntl
2026-01-15 19:21:48,023 - INFO -   Dropped existing table (if any): srvy_blood_sponsor_questions
2026-01-15 19:21:49,565 - INFO - \u2713 Successfully created table: srvy_blood_sponsor_questions
2026-01-15 19:21:51,288 - INFO -   Dropped existing table (if any): srvy_blood_sponsor_questn_2_srvy_xref
2026-01-15 19:21:54,835 - INFO - \u2713 Successfully created table: srvy_blood_sponsor_questn_2_srvy_xref
2026-01-15 19:21:56,824 - INFO -   Dropped existing table (if any): srvy_blood_sponsor_respondents
2026-01-15 19:21:58,463 - INFO - \u2713 Successfully created table: srvy_blood_sponsor_respondents
2026-01-15 19:22:00,561 - INFO -   Dropped existing table (if any): srvy_blood_sponsor_rspns
2026-01-15 19:22:03,143 - INFO - \u2713 Successfully created table: srvy_blood_sponsor_rspns
2026-01-15 19:22:05,130 - INFO -   Dropped existing table (if any): srvy_dim_survey
2026-01-15 19:22:07,063 - INFO - \u2713 Successfully created table: srvy_dim_survey
2026-01-15 19:22:08,991 - INFO -   Dropped existing table (if any): srvy_dim_values
2026-01-15 19:22:11,820 - INFO - \u2713 Successfully created table: srvy_dim_values
2026-01-15 19:22:13,799 - INFO -   Dropped existing table (if any): srvy_gplg_rspns
2026-01-15 19:22:15,990 - INFO - \u2713 Successfully created table: srvy_gplg_rspns
2026-01-15 19:22:23,925 - WARNING -   Could not drop table srvy_gplg_rspns_ss: permission denied for relation srvy_gplg_rspns_ss
2026-01-15 19:22:25,666 - WARNING - \u2717 Failed to create table: srvy_gplg_rspns_ss - Error Type: ALREADY_EXISTS
2026-01-15 19:22:27,358 - INFO -   Dropped existing table (if any): srvy_hsptl_customer_contact
2026-01-15 19:22:29,151 - INFO - \u2713 Successfully created table: srvy_hsptl_customer_contact
2026-01-15 19:22:31,090 - INFO -   Dropped existing table (if any): srvy_hsptl_load_cntl
2026-01-15 19:22:32,737 - INFO - \u2713 Successfully created table: srvy_hsptl_load_cntl
2026-01-15 19:22:34,755 - INFO -   Dropped existing table (if any): srvy_hsptl_periods_hst
2026-01-15 19:22:36,321 - INFO - \u2713 Successfully created table: srvy_hsptl_periods_hst
2026-01-15 19:22:38,628 - INFO -   Dropped existing table (if any): srvy_hsptl_questions
2026-01-15 19:22:40,307 - INFO - \u2713 Successfully created table: srvy_hsptl_questions
2026-01-15 19:22:42,448 - INFO -   Dropped existing table (if any): srvy_hsptl_questions_hst
2026-01-15 19:22:44,051 - INFO - \u2713 Successfully created table: srvy_hsptl_questions_hst
2026-01-15 19:22:45,456 - WARNING -   Could not drop table srvy_hsptl_questn_2_srvy_xref: permission denied for relation srvy_hsptl_questn_2_srvy_xref
2026-01-15 19:22:46,605 - WARNING - \u2717 Failed to create table: srvy_hsptl_questn_2_srvy_xref - Error Type: ALREADY_EXISTS
2026-01-15 19:22:48,266 - INFO -   Dropped existing table (if any): srvy_hsptl_questn_catgry
2026-01-15 19:22:50,026 - INFO - \u2713 Successfully created table: srvy_hsptl_questn_catgry
2026-01-15 19:22:51,849 - INFO -   Dropped existing table (if any): srvy_hsptl_respondents
2026-01-15 19:22:53,411 - INFO - \u2713 Successfully created table: srvy_hsptl_respondents
2026-01-15 19:22:54,928 - INFO -   Dropped existing table (if any): srvy_hsptl_respondents_hst
2026-01-15 19:22:56,426 - INFO - \u2713 Successfully created table: srvy_hsptl_respondents_hst
2026-01-15 19:22:57,923 - INFO -   Dropped existing table (if any): srvy_hsptl_respondents_hst_b4072825
2026-01-15 19:23:00,067 - INFO - \u2713 Successfully created table: srvy_hsptl_respondents_hst_b4072825
2026-01-15 19:23:01,827 - INFO -   Dropped existing table (if any): srvy_hsptl_rspns
2026-01-15 19:23:03,412 - INFO - \u2713 Successfully created table: srvy_hsptl_rspns
2026-01-15 19:23:04,991 - INFO -   Dropped existing table (if any): srvy_hsptl_rspns_hst
2026-01-15 19:23:06,484 - INFO - \u2713 Successfully created table: srvy_hsptl_rspns_hst
2026-01-15 19:23:08,306 - INFO -   Dropped existing table (if any): srvy_hsptl_rspns_txt
2026-01-15 19:23:09,859 - INFO - \u2713 Successfully created table: srvy_hsptl_rspns_txt
2026-01-15 19:23:12,132 - INFO -   Dropped existing table (if any): srvy_hsptl_sf_contact
2026-01-15 19:23:13,706 - INFO - \u2713 Successfully created table: srvy_hsptl_sf_contact
2026-01-15 19:23:15,271 - INFO -   Dropped existing table (if any): srvy_hsptl_survey
2026-01-15 19:23:16,797 - INFO - \u2713 Successfully created table: srvy_hsptl_survey
2026-01-15 19:23:18,506 - INFO -   Dropped existing table (if any): srvy_hsptl_survey_hst
2026-01-15 19:23:20,002 - INFO - \u2713 Successfully created table: srvy_hsptl_survey_hst
2026-01-15 19:23:21,651 - INFO -   Dropped existing table (if any): srvy_hsptl_values
2026-01-15 19:23:23,170 - INFO - \u2713 Successfully created table: srvy_hsptl_values
2026-01-15 19:23:24,686 - INFO -   Dropped existing table (if any): srvy_hsptl_values_hst
2026-01-15 19:23:26,169 - INFO - \u2713 Successfully created table: srvy_hsptl_values_hst
2026-01-15 19:23:27,683 - INFO -   Dropped existing table (if any): srvy_new_anvrsy_vlntr_rspns
2026-01-15 19:23:29,275 - INFO - \u2713 Successfully created table: srvy_new_anvrsy_vlntr_rspns
2026-01-15 19:23:30,755 - INFO -   Dropped existing table (if any): srvy_new_vlntr_load_cntl
2026-01-15 19:23:32,203 - INFO - \u2713 Successfully created table: srvy_new_vlntr_load_cntl
2026-01-15 19:23:33,696 - INFO -   Dropped existing table (if any): srvy_new_vlntr_questions
2026-01-15 19:23:35,201 - INFO - \u2713 Successfully created table: srvy_new_vlntr_questions
2026-01-15 19:23:36,840 - INFO -   Dropped existing table (if any): srvy_new_vlntr_questn_2_srvy_xref
2026-01-15 19:23:39,261 - INFO - \u2713 Successfully created table: srvy_new_vlntr_questn_2_srvy_xref
2026-01-15 19:23:40,968 - INFO -   Dropped existing table (if any): srvy_new_vlntr_rspns
2026-01-15 19:23:42,608 - INFO - \u2713 Successfully created table: srvy_new_vlntr_rspns
2026-01-15 19:23:44,276 - INFO -   Dropped existing table (if any): srvy_new_vlntr_rspns_cmnt_curnt
2026-01-15 19:23:45,796 - INFO - \u2713 Successfully created table: srvy_new_vlntr_rspns_cmnt_curnt
2026-01-15 19:23:47,512 - INFO -   Dropped existing table (if any): srvy_new_vlntr_rspns_fy21
2026-01-15 19:23:49,031 - INFO - \u2713 Successfully created table: srvy_new_vlntr_rspns_fy21
2026-01-15 19:23:50,716 - INFO -   Dropped existing table (if any): srvy_new_vlntr_rspns_fy22
2026-01-15 19:23:52,756 - INFO - \u2713 Successfully created table: srvy_new_vlntr_rspns_fy22
2026-01-15 19:23:54,329 - INFO -   Dropped existing table (if any): srvy_new_vlntr_rspns_load_cntl
2026-01-15 19:23:55,832 - INFO - \u2713 Successfully created table: srvy_new_vlntr_rspns_load_cntl
2026-01-15 19:23:57,376 - INFO -   Dropped existing table (if any): srvy_new_vlntr_rspns_norm
2026-01-15 19:23:58,948 - INFO - \u2713 Successfully created table: srvy_new_vlntr_rspns_norm
2026-01-15 19:24:00,610 - INFO -   Dropped existing table (if any): srvy_new_vlntr_rspns_txt_norm
2026-01-15 19:24:02,182 - INFO - \u2713 Successfully created table: srvy_new_vlntr_rspns_txt_norm
2026-01-15 19:24:03,851 - INFO -   Dropped existing table (if any): srvy_new_vlntr_rspns_v21
2026-01-15 19:24:05,862 - INFO - \u2713 Successfully created table: srvy_new_vlntr_rspns_v21
2026-01-15 19:24:07,529 - INFO -   Dropped existing table (if any): srvy_rgnl_ldrshp
2026-01-15 19:24:10,876 - INFO - \u2713 Successfully created table: srvy_rgnl_ldrshp
2026-01-15 19:24:12,554 - INFO -   Dropped existing table (if any): srvy_rgnl_ldrshp_fy21
2026-01-15 19:24:14,545 - INFO - \u2713 Successfully created table: srvy_rgnl_ldrshp_fy21
2026-01-15 19:24:16,258 - INFO -   Dropped existing table (if any): srvy_rgnl_ldrshp_hst
2026-01-15 19:24:17,770 - INFO - \u2713 Successfully created table: srvy_rgnl_ldrshp_hst
2026-01-15 19:24:19,349 - INFO -   Dropped existing table (if any): srvy_rgnl_ldrshp_sent
2026-01-15 19:24:20,946 - INFO - \u2713 Successfully created table: srvy_rgnl_ldrshp_sent
2026-01-15 19:24:23,641 - INFO -   Dropped existing table (if any): srvy_vlntr_dim_values
2026-01-15 19:24:25,230 - INFO - \u2713 Successfully created table: srvy_vlntr_dim_values
2026-01-15 19:24:25,240 - INFO - Progress: 450/463 tables processed
2026-01-15 19:24:26,820 - INFO -   Dropped existing table (if any): srvy_vlntr_p2p_rfrl
2026-01-15 19:24:29,825 - INFO - \u2713 Successfully created table: srvy_vlntr_p2p_rfrl
2026-01-15 19:24:31,517 - INFO -   Dropped existing table (if any): suprsn_ts_cnst
2026-01-15 19:24:34,244 - INFO - \u2713 Successfully created table: suprsn_ts_cnst
2026-01-15 19:24:35,873 - INFO -   Dropped existing table (if any): suspect_domains
2026-01-15 19:24:37,449 - INFO - \u2713 Successfully created table: suspect_domains
2026-01-15 19:24:39,068 - INFO -   Dropped existing table (if any): sw_email_subscrb
2026-01-15 19:24:40,564 - INFO - \u2713 Successfully created table: sw_email_subscrb
2026-01-15 19:24:42,573 - INFO -   Dropped existing table (if any): sw_email_unsubscrb
2026-01-15 19:24:44,240 - INFO - \u2713 Successfully created table: sw_email_unsubscrb
2026-01-15 19:24:45,932 - INFO -   Dropped existing table (if any): users
2026-01-15 19:24:47,623 - INFO - \u2713 Successfully created table: users
2026-01-15 19:24:49,306 - INFO -   Dropped existing table (if any): utl_angry_client
2026-01-15 19:24:50,808 - INFO - \u2713 Successfully created table: utl_angry_client
2026-01-15 19:24:52,520 - INFO -   Dropped existing table (if any): utl_mcl_hard_bounces
2026-01-15 19:24:54,058 - INFO - \u2713 Successfully created table: utl_mcl_hard_bounces
2026-01-15 19:24:55,569 - INFO -   Dropped existing table (if any): utl_mc_bounces
2026-01-15 19:24:57,125 - INFO - \u2713 Successfully created table: utl_mc_bounces
2026-01-15 19:24:58,752 - INFO -   Dropped existing table (if any): utl_mc_unsubs
2026-01-15 19:25:00,737 - INFO - \u2713 Successfully created table: utl_mc_unsubs
2026-01-15 19:25:02,346 - INFO -   Dropped existing table (if any): vaidity_email_valdtn
2026-01-15 19:25:04,044 - INFO - \u2713 Successfully created table: vaidity_email_valdtn
2026-01-15 19:25:05,681 - INFO -   Dropped existing table (if any): vcn_smry_intake
2026-01-15 19:25:07,409 - INFO - \u2713 Successfully created table: vcn_smry_intake
2026-01-15 19:25:09,552 - INFO -   Dropped existing table (if any): vms_sta_indivs
2026-01-15 19:25:11,180 - INFO - \u2713 Successfully created table: vms_sta_indivs
2026-01-15 19:25:12,747 - INFO -   Dropped existing table (if any): vms_sta_orgs
2026-01-15 19:25:14,767 - INFO - \u2713 Successfully created table: vms_sta_orgs
2026-01-15 19:25:14,773 - INFO - ================================================================================
2026-01-15 19:25:14,775 - INFO - STARTING TABLE VALIDATION
2026-01-15 19:25:14,776 - INFO - ================================================================================
2026-01-15 19:25:14,792 - INFO - Found 379 table(s) to validate
2026-01-15 19:25:15,931 - INFO - \u2713 Validation successful: adb_accistbl_contacts_b401072026
2026-01-15 19:25:17,005 - INFO - \u2713 Validation successful: adb_anlytc_hit
2026-01-15 19:25:18,100 - INFO - \u2713 Validation successful: adb_anlytc_hit_stg
2026-01-15 19:25:19,196 - INFO - \u2713 Validation successful: adb_anlytc_hit_tgt
2026-01-15 19:25:20,250 - INFO - \u2713 Validation successful: adb_arcbitlyreturn_b401072026
2026-01-15 19:25:21,334 - INFO - \u2713 Validation successful: adb_arcgms_broadlog_b401072026
2026-01-15 19:25:22,462 - INFO - \u2713 Validation successful: adb_arcinsms_report_intermediate
2026-01-15 19:25:23,621 - INFO - \u2713 Validation successful: adb_arckaleyradeactivation_b401072026
2026-01-15 19:25:24,755 - INFO - \u2713 Validation successful: adb_arcprefchangefr_b401072026
2026-01-15 19:25:25,971 - INFO - \u2713 Validation successful: adb_arcregionchaptermapping
2026-01-15 19:25:27,244 - INFO - \u2713 Validation successful: adb_arcreportcellcode_b401072026
2026-01-15 19:25:28,684 - INFO - \u2713 Validation successful: adb_arctreatmentcode_b401072026
2026-01-15 19:25:30,230 - INFO - \u2713 Validation successful: adb_enumrtn_lkp
2026-01-15 19:25:31,300 - INFO - \u2713 Validation successful: adb_nmsaddress_b401072026
2026-01-15 19:25:32,410 - INFO - \u2713 Validation successful: adb_nmsbroadlogmsg_b401072026
2026-01-15 19:25:33,611 - INFO - \u2713 Validation successful: adb_nmsbroadlogrcp_b401072026
2026-01-15 19:25:34,674 - INFO - \u2713 Validation successful: adb_nmsexcludelogrcp_b401072026
2026-01-15 19:25:35,737 - INFO - \u2713 Validation successful: adb_nmsinsms_b401072026
2026-01-15 19:25:36,858 - INFO - \u2713 Validation successful: adb_nmsoperation_b401072026
2026-01-15 19:25:39,128 - INFO - \u2713 Validation successful: adb_nmspropositionrcp
2026-01-15 19:25:40,622 - INFO - \u2713 Validation successful: adb_nmsservice_b401072026
2026-01-15 19:25:41,685 - INFO - \u2713 Validation successful: adb_nmssubscription_b401072026
2026-01-15 19:25:42,768 - INFO - \u2713 Validation successful: adb_nmstrackinglogrcp_b401072026
2026-01-15 19:25:43,904 - INFO - \u2713 Validation successful: adb_nmstrackingurl_b401072026
2026-01-15 19:25:45,181 - INFO - \u2713 Validation successful: adb_nmsuseragent_b401072026
2026-01-15 19:25:46,471 - INFO - \u2713 Validation successful: adb_nmswebapplogrcp_b401072026
2026-01-15 19:25:47,771 - INFO - \u2713 Validation successful: adb_vlntr_srvy_rspns
2026-01-15 19:25:48,890 - INFO - \u2713 Validation successful: adb_vlntr_srvy_rspns_tmp
2026-01-15 19:25:50,531 - INFO - \u2713 Validation successful: adb_vlntr_srvy_rspns_v20
2026-01-15 19:25:51,614 - INFO - \u2713 Validation successful: adb_xtkfolder_b401072026
2026-01-15 19:25:52,856 - INFO - \u2713 Validation successful: adb_xtkworkflow_b401072026
2026-01-15 19:25:54,061 - INFO - \u2713 Validation successful: adobe_analytics_txn
2026-01-15 19:25:55,140 - INFO - \u2713 Validation successful: adobe_analytics_visits
2026-01-15 19:25:56,270 - INFO - \u2713 Validation successful: adobe_dwb_intrctn
2026-01-15 19:25:57,367 - INFO - \u2713 Validation successful: adobe_dwb_intrctn_bkp
2026-01-15 19:25:58,552 - INFO - \u2713 Validation successful: adobe_dwb_intrctn_stg
2026-01-15 19:25:59,866 - INFO - \u2713 Validation successful: adobe_dwb_intrctn_stg_tmp
2026-01-15 19:26:01,263 - INFO - \u2713 Validation successful: adobe_dwb_txn
2026-01-15 19:26:02,384 - INFO - \u2713 Validation successful: adobe_dwb_txn_bkp
2026-01-15 19:26:03,682 - INFO - \u2713 Validation successful: adobe_dwb_txn_stg
2026-01-15 19:26:05,018 - INFO - \u2713 Validation successful: agent
2026-01-15 19:26:06,613 - INFO - \u2713 Validation successful: all_aem_rco_rows
2026-01-15 19:26:08,155 - INFO - \u2713 Validation successful: aprm_arc_comm_log
2026-01-15 19:26:09,605 - INFO - \u2713 Validation successful: aprm_audmem_map
2026-01-15 19:26:10,807 - INFO - \u2713 Validation successful: aprm_bncd_eml_img
2026-01-15 19:26:12,353 - INFO - \u2713 Validation successful: aprm_dim_activity
2026-01-15 19:26:13,773 - INFO - \u2713 Validation successful: aprm_email_bncd_b401072026
2026-01-15 19:26:14,928 - INFO - \u2713 Validation successful: aprm_email_lnk_clkd_img
2026-01-15 19:26:18,185 - INFO - \u2713 Validation successful: aprm_email_opened_b401072026
2026-01-15 19:26:19,531 - INFO - \u2713 Validation successful: aprm_email_opened_img
2026-01-15 19:26:20,918 - INFO - \u2713 Validation successful: aprm_email_remove
2026-01-15 19:26:22,131 - INFO - \u2713 Validation successful: aprm_email_remove_img
2026-01-15 19:26:23,268 - INFO - \u2713 Validation successful: aprm_email_sent_img
2026-01-15 19:26:24,361 - INFO - \u2713 Validation successful: aprm_msg_cnt_blk_img
2026-01-15 19:26:25,521 - INFO - \u2713 Validation successful: aprm_msg_content_block
2026-01-15 19:26:26,701 - INFO - \u2713 Validation successful: aprm_wb_apnd_bio_dnr_stsfctn_srvy
2026-01-15 19:26:28,124 - INFO - \u2713 Validation successful: aprm_wb_apnd_bncd_eml
2026-01-15 19:26:29,609 - INFO - \u2713 Validation successful: aprm_wb_apnd_cell_cds
2026-01-15 19:26:31,325 - INFO - \u2713 Validation successful: aprm_wb_apnd_cm_segmnt
2026-01-15 19:26:32,413 - INFO - \u2713 Validation successful: aprm_wb_apnd_email
2026-01-15 19:26:33,752 - INFO - \u2713 Validation successful: aprm_wb_apnd_eml_trckng
2026-01-15 19:26:34,844 - INFO - \u2713 Validation successful: aprm_wb_apnd_eml_trckng_bkp
2026-01-15 19:26:35,938 - INFO - \u2713 Validation successful: aprm_wb_apnd_inbnd_frm_cmpltd
2026-01-15 19:26:37,260 - INFO - \u2713 Validation successful: aprm_wb_apnd_mcrst_mtrcs
2026-01-15 19:26:38,702 - INFO - \u2713 Validation successful: aprm_wb_apnd_outbnd_msgs
2026-01-15 19:26:40,083 - INFO - \u2713 Validation successful: aprm_wb_apnd_outbnd_msg_snt
2026-01-15 19:26:41,499 - INFO - \u2713 Validation successful: aprm_wb_apnd_prfrnc_cntr
2026-01-15 19:26:42,617 - INFO - \u2713 Validation successful: aprm_wb_apnd_rmv_frm_lst
2026-01-15 19:26:44,099 - INFO - \u2713 Validation successful: aprm_wb_apnd_segmntn
2026-01-15 19:26:46,015 - INFO - \u2713 Validation successful: aprm_wb_apnd_treatmnts
2026-01-15 19:26:47,328 - INFO - \u2713 Validation successful: aprm_wb_apnd_unsubs_rplc
2026-01-15 19:26:49,091 - INFO - \u2713 Validation successful: aprm_wb_replc_activities
2026-01-15 19:26:50,172 - INFO - \u2713 Validation successful: aprm_wb_replc_act_cells
2026-01-15 19:26:51,545 - INFO - \u2713 Validation successful: aprm_wb_replc_act_offrs
2026-01-15 19:26:53,202 - INFO - \u2713 Validation successful: aprm_wb_replc_act_trtmts
2026-01-15 19:26:54,366 - INFO - \u2713 Validation successful: aprm_wb_replc_offrs
2026-01-15 19:26:55,458 - INFO - \u2713 Validation successful: aprm_wb_rplc_fr_prf_cntr_lt
2026-01-15 19:26:56,637 - INFO - \u2713 Validation successful: aprm_wb_rplc_outbnd_msg_snt
2026-01-15 19:26:58,047 - INFO - \u2713 Validation successful: arc_aem_rco_txn
2026-01-15 19:26:59,796 - INFO - \u2713 Validation successful: arc_biomed_smry_bkp
2026-01-15 19:27:00,998 - INFO - \u2713 Validation successful: arc_biomed_txn_bkp
2026-01-15 19:27:02,330 - INFO - \u2713 Validation successful: arc_biomed_txn_ext_staff
2026-01-15 19:27:03,684 - INFO - \u2713 Validation successful: arc_biomed_txn_ext_staff_bkp
2026-01-15 19:27:04,770 - INFO - \u2713 Validation successful: arc_cdi_smry_addr_tmp
2026-01-15 19:27:06,238 - INFO - \u2713 Validation successful: arc_cdi_smry_email_tmp
2026-01-15 19:27:07,342 - INFO - \u2713 Validation successful: arc_cdi_smry_extrct
2026-01-15 19:27:08,903 - INFO - \u2713 Validation successful: arc_cdi_smry_phn_tmp
2026-01-15 19:27:09,987 - INFO - \u2713 Validation successful: arc_crm_ent_infrd_prfl
2026-01-15 19:27:11,635 - INFO - \u2713 Validation successful: arc_crm_ent_prfl
2026-01-15 19:27:13,098 - INFO - \u2713 Validation successful: arc_fr_smry_extrct
2026-01-15 19:27:14,738 - INFO - \u2713 Validation successful: arc_fr_smry_extrct_tmp
2026-01-15 19:27:16,175 - INFO - \u2713 Validation successful: arc_fr_smry_mdl
2026-01-15 19:27:17,472 - INFO - \u2713 Validation successful: arc_fr_txn_all_cnst
2026-01-15 19:27:18,714 - INFO - \u2713 Validation successful: arc_fr_txn_bkp
2026-01-15 19:27:19,808 - INFO - \u2713 Validation successful: arc_fr_txn_bnchmrk_extrct
2026-01-15 19:27:21,129 - INFO - \u2713 Validation successful: arc_fr_txn_del
2026-01-15 19:27:22,359 - INFO - \u2713 Validation successful: arc_fr_txn_extrct
2026-01-15 19:27:23,848 - INFO - \u2713 Validation successful: arc_fr_txn_tst
2026-01-15 19:27:25,297 - INFO - \u2713 Validation successful: arc_fundrsng_summary
2026-01-15 19:27:26,763 - INFO - \u2713 Validation successful: arc_glossary
2026-01-15 19:27:28,185 - INFO - \u2713 Validation successful: arc_lob_smry_extrct
2026-01-15 19:27:30,141 - INFO - \u2713 Validation successful: arc_lob_smry_extrct_oct
2026-01-15 19:27:32,159 - INFO - \u2713 Validation successful: arc_lob_smry_non_fr_extrct
2026-01-15 19:27:33,758 - INFO - \u2713 Validation successful: arc_missing_script_numbers
2026-01-15 19:27:35,443 - INFO - \u2713 Validation successful: arc_phss_recert_txn
2026-01-15 19:27:36,554 - INFO - \u2713 Validation successful: arc_phss_recert_txn_bkp
2026-01-15 19:27:37,681 - INFO - \u2713 Validation successful: arc_phss_smry
2026-01-15 19:27:39,100 - INFO - \u2713 Validation successful: arc_phss_smry_bkp
2026-01-15 19:27:40,791 - INFO - \u2713 Validation successful: arc_phss_txn
2026-01-15 19:27:42,371 - INFO - \u2713 Validation successful: arc_phss_txn_bkp
2026-01-15 19:27:44,165 - INFO - \u2713 Validation successful: arc_simio_rfm_assets_appends
2026-01-15 19:27:45,293 - INFO - \u2713 Validation successful: arc_tag_extrct_bridge
2026-01-15 19:27:47,103 - INFO - \u2713 Validation successful: arc_tag_extrct_bridge_bkp
2026-01-15 19:27:48,222 - INFO - \u2713 Validation successful: arc_tag_non_fr_extrct_bridge
2026-01-15 19:27:49,706 - INFO - \u2713 Validation successful: arc_tag_non_fr_extrct_bridge_bkp
2026-01-15 19:27:51,160 - INFO - \u2713 Validation successful: arc_tag_non_fr_extrct_bridge_tmp
2026-01-15 19:27:52,663 - INFO - \u2713 Validation successful: area_code_2_time_zone
2026-01-15 19:27:54,261 - INFO - \u2713 Validation successful: awb_cdi_mstr_mrg
2026-01-15 19:27:55,673 - INFO - \u2713 Validation successful: awb_dmail_xtrct
2026-01-15 19:27:56,780 - INFO - \u2713 Validation successful: awb_dntn_xtrct
2026-01-15 19:27:58,454 - INFO - \u2713 Validation successful: awb_rcpnt_2_cdi_mstr
2026-01-15 19:27:59,954 - INFO - \u2713 Validation successful: awb_rcpnt_2_cdi_mstr_xtrct
2026-01-15 19:28:01,460 - INFO - \u2713 Validation successful: bio_dnr_srvy_donat_key_map
2026-01-15 19:28:02,572 - INFO - \u2713 Validation successful: bzfc_active_cnst_multi_snpsht
2026-01-15 19:28:03,897 - INFO - \u2713 Validation successful: bzfc_active_cnst_segmnt
2026-01-15 19:28:05,972 - INFO - \u2713 Validation successful: bzfc_active_cnst_snpsht
2026-01-15 19:28:07,069 - INFO - \u2713 Validation successful: bzfc_adb_recipient_insrt_delta
2026-01-15 19:28:09,044 - INFO - \u2713 Validation successful: bzfc_adb_recipient_updt_delta
2026-01-15 19:28:10,534 - INFO - \u2713 Validation successful: bzfc_bio_dnr_segment_dashbrd
2026-01-15 19:28:11,980 - INFO - \u2713 Validation successful: bzfc_cnst_fr_prfr_em_prfl
2026-01-15 19:28:13,072 - INFO - \u2713 Validation successful: bzfc_fact_dmail_interaction_b401072026
2026-01-15 19:28:14,353 - INFO - \u2713 Validation successful: bzfc_fact_donation
2026-01-15 19:28:16,328 - INFO - \u2713 Validation successful: bzfc_fact_interaction
2026-01-15 19:28:17,419 - INFO - \u2713 Validation successful: bzfc_fact_interaction_all_b401072026
2026-01-15 19:28:18,585 - INFO - \u2713 Validation successful: bzfc_fact_intrctn_em_smry
2026-01-15 19:28:20,479 - INFO - \u2713 Validation successful: bzfc_fact_phone_interaction_b401072026
2026-01-15 19:28:22,024 - INFO - \u2713 Validation successful: bzfc_fact_response_all
2026-01-15 19:28:23,422 - INFO - \u2713 Validation successful: bzfc_fact_response_new
2026-01-15 19:28:31,367 - INFO - \u2713 Validation successful: bzfc_fact_sms_interaction
2026-01-15 19:28:33,289 - INFO - \u2713 Validation successful: bzfc_fact_surv_resp
2026-01-15 19:28:35,073 - INFO - \u2713 Validation successful: bzfc_pg_response_log
2026-01-15 19:28:36,774 - INFO - \u2713 Validation successful: bzfc_pg_response_log_ref
2026-01-15 19:28:38,552 - INFO - \u2713 Validation successful: bzfc_phss_lrnr_list_membrshp
2026-01-15 19:28:39,746 - INFO - \u2713 Validation successful: bzfc_sms_fr_prfl
2026-01-15 19:28:41,214 - INFO - \u2713 Validation successful: bzfc_sms_profile
2026-01-15 19:28:42,423 - INFO - \u2713 Validation successful: bzfc_sponsor_journey_detail
2026-01-15 19:28:44,719 - INFO - \u2713 Validation successful: bzfc_sponsor_journey_smry
2026-01-15 19:28:45,886 - INFO - \u2713 Validation successful: bzf_cem_cnst_opt_outs_copy
2026-01-15 19:28:47,129 - INFO - \u2713 Validation successful: bzf_cem_cnst_opt_outs_stg
2026-01-15 19:28:48,628 - INFO - \u2713 Validation successful: bzf_cnst_cdi_sltn_id
2026-01-15 19:28:50,312 - INFO - \u2713 Validation successful: bzf_cnst_cdi_sltn_id_1
2026-01-15 19:28:52,004 - INFO - \u2713 Validation successful: bzf_cnst_cdi_sltn_id_2
2026-01-15 19:28:53,665 - INFO - \u2713 Validation successful: bzf_cnst_cdi_sltn_id_3
2026-01-15 19:28:55,039 - INFO - \u2713 Validation successful: bzf_cnst_cdi_sltn_id_4
2026-01-15 19:28:56,913 - INFO - \u2713 Validation successful: bzf_cnst_cdi_sltn_id_5
2026-01-15 19:28:58,229 - INFO - \u2713 Validation successful: bzf_cnst_cdi_sltn_id_all
2026-01-15 19:28:59,645 - INFO - \u2713 Validation successful: bzf_cnst_cdi_sltn_id_bk
2026-01-15 19:29:01,137 - INFO - \u2713 Validation successful: bzf_cnst_chrctrstc_simio
2026-01-15 19:29:02,866 - INFO - \u2713 Validation successful: bzf_cnst_scr_simio
2026-01-15 19:29:04,282 - INFO - \u2713 Validation successful: bzl_cnst_fsa_acqstn
2026-01-15 19:29:06,153 - INFO - \u2713 Validation successful: bzl_cnst_mstr_fsa_in_primary
2026-01-15 19:29:07,664 - INFO - \u2713 Validation successful: bz_adobe_analytics_rco_txn
2026-01-15 19:29:09,019 - INFO - \u2713 Validation successful: bz_adobe_analytics_ts_txn
2026-01-15 19:29:10,771 - INFO - \u2713 Validation successful: bz_arcpg_response_typ
2026-01-15 19:29:12,032 - INFO - \u2713 Validation successful: bz_arc_fr_smry_atg_first_tm
2026-01-15 19:29:13,394 - INFO - \u2713 Validation successful: bz_arc_fr_smry_rco_first_tm
2026-01-15 19:29:15,589 - INFO - \u2713 Validation successful: bz_arc_fr_smry_rco_last_donat
2026-01-15 19:29:17,333 - INFO - \u2713 Validation successful: bz_arc_fr_smry_rco_last_sustnr_donat
2026-01-15 19:29:20,173 - INFO - \u2713 Validation successful: bz_cnst_birth_best
2026-01-15 19:29:21,509 - INFO - \u2713 Validation successful: bz_cnst_gender_best
2026-01-15 19:29:22,785 - INFO - \u2713 Validation successful: bz_cur_mth_bio_donor_freq
2026-01-15 19:29:23,951 - INFO - \u2713 Validation successful: bz_cur_mth_bio_donor_freq2
2026-01-15 19:29:25,124 - INFO - \u2713 Validation successful: bz_dim_cnst_demographic
2026-01-15 19:29:26,504 - INFO - \u2713 Validation successful: bz_dim_rpt_cell_cd
2026-01-15 19:29:27,661 - INFO - \u2713 Validation successful: bz_dim_treatmnt
2026-01-15 19:29:28,783 - INFO - \u2713 Validation successful: bz_fact_interaction_pg
2026-01-15 19:29:29,937 - INFO - \u2713 Validation successful: bz_fact_response_pg
2026-01-15 19:29:31,130 - INFO - \u2713 Validation successful: bz_google_analytics_txn
2026-01-15 19:29:32,356 - INFO - \u2713 Validation successful: bz_pg_group_membrshp
2026-01-15 19:29:33,651 - INFO - \u2713 Validation successful: campgn_prospct_list
2026-01-15 19:29:34,975 - INFO - \u2713 Validation successful: campgn_yr_end_dow_projctn_b401072026
2026-01-15 19:29:36,188 - INFO - \u2713 Validation successful: chptr_list_membrshp
2026-01-15 19:29:37,255 - INFO - \u2713 Validation successful: chptr_portal_list_typ_ref
2026-01-15 19:29:38,494 - INFO - \u2713 Validation successful: cnst_addr_ncoa_log
2026-01-15 19:29:39,778 - INFO - \u2713 Validation successful: cnst_cdi_bio_preferred_dmail
2026-01-15 19:29:40,893 - INFO - \u2713 Validation successful: cnst_cdi_bio_preferred_email
2026-01-15 19:29:42,019 - INFO - \u2713 Validation successful: cnst_cdi_phss_preferred_dmail
2026-01-15 19:29:43,119 - INFO - \u2713 Validation successful: cnst_cdi_phss_preferred_email
2026-01-15 19:29:44,254 - INFO - \u2713 Validation successful: cnst_cdi_smry_bio_prfr
2026-01-15 19:29:46,434 - INFO - \u2713 Validation successful: cnst_cdi_smry_non_fr_prfr
2026-01-15 19:29:47,578 - INFO - \u2713 Validation successful: cnst_cdi_smry_phss_prfr
2026-01-15 19:29:48,688 - INFO - \u2713 Validation successful: cnst_cdi_smry_phss_prfr_stg
2026-01-15 19:29:49,862 - INFO - \u2713 Validation successful: cnst_cdi_smry_vms_prfr
2026-01-15 19:29:50,965 - INFO - \u2713 Validation successful: cnst_cdi_smry_vms_prfr_stg
2026-01-15 19:29:52,117 - INFO - \u2713 Validation successful: cnst_cdi_s_f_p_fr_dmail
2026-01-15 19:29:53,219 - INFO - \u2713 Validation successful: cnst_cdi_s_f_p_fr_email
2026-01-15 19:29:54,427 - INFO - \u2713 Validation successful: cnst_cdi_vms_preferred_dmail
2026-01-15 19:29:55,553 - INFO - \u2713 Validation successful: cnst_cdi_vms_preferred_email
2026-01-15 19:29:56,963 - INFO - \u2713 Validation successful: cnst_scr_acct
2026-01-15 19:29:59,121 - INFO - \u2713 Validation successful: cnvo_reactivation_list
2026-01-15 19:30:00,435 - INFO - \u2713 Validation successful: dim_bio_donat_freq
2026-01-15 19:30:01,570 - INFO - \u2713 Validation successful: dim_bio_mstr_cust_appnd_b401072026
2026-01-15 19:30:02,662 - INFO - \u2713 Validation successful: dim_bio_product
2026-01-15 19:30:03,805 - INFO - \u2713 Validation successful: dim_campgn
2026-01-15 19:30:04,982 - INFO - \u2713 Validation successful: dim_delivery
2026-01-15 19:30:06,144 - INFO - \u2713 Validation successful: dim_dm_src_treatmnt_xref
2026-01-15 19:30:07,245 - INFO - \u2713 Validation successful: dim_email_segmnt
2026-01-15 19:30:08,323 - INFO - \u2713 Validation successful: dim_phone_adtnl_reqst
2026-01-15 19:30:09,408 - INFO - \u2713 Validation successful: dim_phone_call_dspstn
2026-01-15 19:30:10,494 - INFO - \u2713 Validation successful: dim_phone_campgn
2026-01-15 19:30:11,578 - INFO - \u2713 Validation successful: dim_phone_campgn_bkp
2026-01-15 19:30:12,667 - INFO - \u2713 Validation successful: dim_phone_campgn_src_cd_xref
2026-01-15 19:30:13,766 - INFO - \u2713 Validation successful: dim_phone_script
2026-01-15 19:30:14,839 - INFO - \u2713 Validation successful: dim_recipient
2026-01-15 19:30:15,900 - INFO - \u2713 Validation successful: dim_src_2_intrctn_brdg
2026-01-15 19:30:16,959 - INFO - \u2713 Validation successful: dim_treatmnt
2026-01-15 19:30:18,055 - INFO - \u2713 Validation successful: dim_unit_military_station_zips
2026-01-15 19:30:19,125 - INFO - \u2713 Validation successful: dim_vol_inactvtn_rsn_cd
2026-01-15 19:30:20,189 - INFO - \u2713 Validation successful: dm_campaign_hist_b401072026
2026-01-15 19:30:21,297 - INFO - \u2713 Validation successful: dm_campaign_pg_hist_b401072026
2026-01-15 19:30:22,354 - INFO - \u2713 Validation successful: dv_active_segmnt_snapsht
2026-01-15 19:30:23,439 - INFO - \u2713 Validation successful: dv_arc_bio_smry
2026-01-15 19:30:24,511 - INFO - \u2713 Validation successful: dv_arc_entrprs_smry
2026-01-15 19:30:25,585 - INFO - \u2713 Validation successful: dv_arc_fr_smry
2026-01-15 19:30:26,689 - INFO - \u2713 Validation successful: dv_arc_phss_smry
2026-01-15 19:30:27,760 - INFO - \u2713 Validation successful: dv_arc_vms_smry
2026-01-15 19:30:28,845 - INFO - \u2713 Validation successful: dv_channel_accessibility_stg
2026-01-15 19:30:29,918 - INFO - \u2713 Validation successful: dv_de_accessblty_lifestg
2026-01-15 19:30:31,006 - INFO - \u2713 Validation successful: dv_de_accessblty_overall
2026-01-15 19:30:32,095 - INFO - \u2713 Validation successful: dv_de_scorcrd_campgns
2026-01-15 19:30:33,190 - INFO - \u2713 Validation successful: dv_digtl_engmnt_scorcrd
2026-01-15 19:30:34,283 - INFO - \u2713 Validation successful: email_src_cd
2026-01-15 19:30:35,379 - INFO - \u2713 Validation successful: esri_blockgroup_demgrphc
2026-01-15 19:30:36,461 - INFO - \u2713 Validation successful: esri_zip_cd_demgrphc
2026-01-15 19:30:38,408 - INFO - \u2713 Validation successful: fact_dmail_interaction
2026-01-15 19:30:39,503 - INFO - \u2713 Validation successful: fact_dmail_interaction_bkp
2026-01-15 19:30:40,595 - INFO - \u2713 Validation successful: fact_email_interaction
2026-01-15 19:30:41,675 - INFO - \u2713 Validation successful: fact_interaction_aprm
2026-01-15 19:30:42,761 - INFO - \u2713 Validation successful: fact_interaction_bb_b401072026
2026-01-15 19:30:44,866 - INFO - \u2713 Validation successful: fact_interaction_ff_b401072026
2026-01-15 19:30:45,974 - INFO - \u2713 Validation successful: fact_phone_interaction
2026-01-15 19:30:47,056 - INFO - \u2713 Validation successful: fact_vol_applctn
2026-01-15 19:30:48,190 - INFO - \u2713 Validation successful: fact_vs_surv_resp
2026-01-15 19:30:49,360 - INFO - \u2713 Validation successful: final_mobile_common_opt_out
2026-01-15 19:30:50,456 - INFO - \u2713 Validation successful: fix_site_vol_recruit
2026-01-15 19:30:51,796 - INFO - \u2713 Validation successful: fresh_address_email_append
2026-01-15 19:30:52,899 - INFO - \u2713 Validation successful: global_suprs_cnst_email
2026-01-15 19:30:53,973 - INFO - \u2713 Validation successful: global_suprs_domain_b401072026
2026-01-15 19:30:55,170 - INFO - \u2713 Validation successful: global_suprs_email_b401072026
2026-01-15 19:30:56,290 - INFO - \u2713 Validation successful: gms_arc_fr_smry
2026-01-15 19:30:57,524 - INFO - \u2713 Validation successful: gms_arc_fr_smry_cbg
2026-01-15 19:30:58,663 - INFO - \u2713 Validation successful: gms_arc_fr_smry_sustnr
2026-01-15 19:30:59,832 - INFO - \u2713 Validation successful: gms_bzfc_adb_fact_donation
2026-01-15 19:31:01,008 - INFO - \u2713 Validation successful: gms_bzfc_cdi_fr_prfr_email_profile
2026-01-15 19:31:02,125 - INFO - \u2713 Validation successful: gms_bzfc_cnst_fr_prfr_em_prfl
2026-01-15 19:31:03,337 - INFO - \u2713 Validation successful: gms_bzfc_donation_rank
2026-01-15 19:31:04,438 - INFO - \u2713 Validation successful: gms_bzfc_fact_ask_cntct_intrctn
2026-01-15 19:31:05,569 - INFO - \u2713 Validation successful: gms_bzfc_fact_email_intrctn_smry
2026-01-15 19:31:06,660 - INFO - \u2713 Validation successful: gms_bzf_cnst_cnstcy
2026-01-15 19:31:07,816 - INFO - \u2713 Validation successful: gms_bzf_cnst_cnstcy_curnt
2026-01-15 19:31:08,914 - INFO - \u2713 Validation successful: gms_bz_pg_group_membrshp
2026-01-15 19:31:10,000 - INFO - \u2713 Validation successful: gms_cnst_behvrl_segmnt
2026-01-15 19:31:11,088 - INFO - \u2713 Validation successful: gms_cnst_cdi_smry_fr_pa_dm
2026-01-15 19:31:12,195 - INFO - \u2713 Validation successful: gms_cnst_cdi_smry_fr_prfr_bzf_cem_cnst_opt_outs_stg
2026-01-15 19:31:13,304 - INFO - \u2713 Validation successful: gms_cnst_cdi_smry_fr_prfr_sncy
2026-01-15 19:31:14,419 - INFO - \u2713 Validation successful: gms_cnst_cdi_smry_fr_prfr_stg
2026-01-15 19:31:15,544 - INFO - \u2713 Validation successful: google_analytics_txn
2026-01-15 19:31:16,634 - INFO - \u2713 Validation successful: mktg_load_cntl
2026-01-15 19:31:17,739 - INFO - \u2713 Validation successful: mktg_sky_dates_b401072026
2026-01-15 19:31:18,836 - INFO - \u2713 Validation successful: mktg_snapsht_load_cntl_b401072026
2026-01-15 19:31:19,949 - INFO - \u2713 Validation successful: mobile_commons_active
2026-01-15 19:31:21,056 - INFO - \u2713 Validation successful: name_gender
2026-01-15 19:31:22,171 - INFO - \u2713 Validation successful: nhqmktg_cdrp_enrllmnt_ref
2026-01-15 19:31:23,280 - INFO - \u2713 Validation successful: nhqmktg_cdrp_enrllmnt_sts
2026-01-15 19:31:24,405 - INFO - \u2713 Validation successful: pacific_east_email_append
2026-01-15 19:31:25,511 - INFO - \u2713 Validation successful: pacific_east_phone_append
2026-01-15 19:31:26,692 - INFO - \u2713 Validation successful: pbi_bio_demogrphcs
2026-01-15 19:31:28,827 - INFO - \u2713 Validation successful: pbi_bzl_fact_show_prodctv_ind
2026-01-15 19:31:29,988 - INFO - \u2713 Validation successful: pbi_cfremappend_cnst
2026-01-15 19:31:31,090 - INFO - \u2713 Validation successful: pbi_cfremappend_cohort
2026-01-15 19:31:32,193 - INFO - \u2713 Validation successful: pbi_entrprs_campgn_comnts
2026-01-15 19:31:33,278 - INFO - \u2713 Validation successful: pbi_entrprs_campgn_non_adb
2026-01-15 19:31:34,362 - INFO - \u2713 Validation successful: pbi_entrprs_campgn_results
2026-01-15 19:31:35,451 - INFO - \u2713 Validation successful: pbi_entrprs_campgn_smry
2026-01-15 19:31:36,544 - INFO - \u2713 Validation successful: pbi_entrprs_campgn_ts_sends
2026-01-15 19:31:38,512 - INFO - \u2713 Validation successful: pbi_fact_bio_freq_rtntn_snpsht
2026-01-15 19:31:39,596 - INFO - \u2713 Validation successful: pbi_model_perf_auc
2026-01-15 19:31:40,676 - INFO - \u2713 Validation successful: pbi_model_perf_dashbrd
2026-01-15 19:31:41,761 - INFO - \u2713 Validation successful: pbi_model_perf_dim_lol
2026-01-15 19:31:42,862 - INFO - \u2713 Validation successful: pbi_model_perf_tlres
2026-01-15 19:31:43,952 - INFO - \u2713 Validation successful: pbi_sales_pricing_budget_b401072026
2026-01-15 19:31:45,053 - INFO - \u2713 Validation successful: pg_calc_stuart_upld_lkp
2026-01-15 19:31:46,168 - INFO - \u2713 Validation successful: pg_group_ref
2026-01-15 19:31:47,579 - INFO - \u2713 Validation successful: pg_response_log_exclusion
2026-01-15 19:31:48,760 - INFO - \u2713 Validation successful: pg_src_convrsn
2026-01-15 19:31:49,978 - INFO - \u2713 Validation successful: phone_interaction_eoc
2026-01-15 19:31:51,087 - INFO - \u2713 Validation successful: phone_interaction_pg_eoc
2026-01-15 19:31:52,182 - INFO - \u2713 Validation successful: phone_interaction_sustnr_upgr
2026-01-15 19:31:53,386 - INFO - \u2713 Validation successful: pref_cnst_mstr
2026-01-15 19:31:54,482 - INFO - \u2713 Validation successful: prodct_distrbtn_bdgt
2026-01-15 19:31:55,660 - INFO - \u2713 Validation successful: replication_adb_nmsbroadlogmsg
2026-01-15 19:31:57,808 - INFO - \u2713 Validation successful: replication_adb_nmsoperation
2026-01-15 19:31:58,985 - INFO - \u2713 Validation successful: replication_adb_xtkworkflow
2026-01-15 19:32:01,089 - INFO - \u2713 Validation successful: replication_aprm_email_remove
2026-01-15 19:32:02,245 - INFO - \u2713 Validation successful: replication_aprm_wb_apnd_outbnd_msgs
2026-01-15 19:32:03,351 - INFO - \u2713 Validation successful: replication_bz_email_src_cd
2026-01-15 19:32:05,859 - INFO - \u2713 Validation successful: replication_dim_person
2026-01-15 19:32:07,023 - INFO - \u2713 Validation successful: replication_fact_interaction_aprm
2026-01-15 19:32:08,146 - INFO - \u2713 Validation successful: replication_rr_rqq_rql_file_xref
2026-01-15 19:32:09,235 - INFO - \u2713 Validation successful: rr_rqq_rql_file_xref_b401072026
2026-01-15 19:32:10,343 - INFO - \u2713 Validation successful: scr
2026-01-15 19:32:11,442 - INFO - \u2713 Validation successful: scr_val_ref
2026-01-15 19:32:12,547 - INFO - \u2713 Validation successful: srvy_anvrsry_vlntr_load_cntl
2026-01-15 19:32:13,652 - INFO - \u2713 Validation successful: srvy_anvrsry_vlntr_questions
2026-01-15 19:32:14,747 - INFO - \u2713 Validation successful: srvy_anvrsry_vlntr_questn_2_srvy_xref
2026-01-15 19:32:15,844 - INFO - \u2713 Validation successful: srvy_anvrsry_vlntr_rspns_norm
2026-01-15 19:32:17,094 - INFO - \u2713 Validation successful: srvy_anvrsry_vlntr_rspns_txt_norm
2026-01-15 19:32:18,265 - INFO - \u2713 Validation successful: srvy_anvrsy_vlntr_rspns
2026-01-15 19:32:19,369 - INFO - \u2713 Validation successful: srvy_anvrsy_vlntr_rspns_all
2026-01-15 19:32:20,478 - INFO - \u2713 Validation successful: srvy_anvrsy_vlntr_rspns_cmnt
2026-01-15 19:32:21,570 - INFO - \u2713 Validation successful: srvy_anvrsy_vlntr_rspns_cmnt_curnt
2026-01-15 19:32:22,676 - INFO - \u2713 Validation successful: srvy_anvrsy_vlntr_rspns_fy21
2026-01-15 19:32:23,778 - INFO - \u2713 Validation successful: srvy_anvrsy_vlntr_rspns_load_cntl
2026-01-15 19:32:24,866 - INFO - \u2713 Validation successful: srvy_blood_sponsor_load_cntl
2026-01-15 19:32:25,981 - INFO - \u2713 Validation successful: srvy_blood_sponsor_questions
2026-01-15 19:32:27,168 - INFO - \u2713 Validation successful: srvy_blood_sponsor_questn_2_srvy_xref
2026-01-15 19:32:28,334 - INFO - \u2713 Validation successful: srvy_blood_sponsor_respondents
2026-01-15 19:32:29,472 - INFO - \u2713 Validation successful: srvy_blood_sponsor_rspns
2026-01-15 19:32:30,599 - INFO - \u2713 Validation successful: srvy_dim_survey
2026-01-15 19:32:31,697 - INFO - \u2713 Validation successful: srvy_dim_values
2026-01-15 19:32:32,795 - INFO - \u2713 Validation successful: srvy_gplg_rspns
2026-01-15 19:32:33,901 - INFO - \u2713 Validation successful: srvy_hsptl_customer_contact
2026-01-15 19:32:35,007 - INFO - \u2713 Validation successful: srvy_hsptl_load_cntl
2026-01-15 19:32:36,127 - INFO - \u2713 Validation successful: srvy_hsptl_periods_hst
2026-01-15 19:32:37,240 - INFO - \u2713 Validation successful: srvy_hsptl_questions
2026-01-15 19:32:38,461 - INFO - \u2713 Validation successful: srvy_hsptl_questions_hst
2026-01-15 19:32:39,572 - INFO - \u2713 Validation successful: srvy_hsptl_questn_catgry
2026-01-15 19:32:40,681 - INFO - \u2713 Validation successful: srvy_hsptl_respondents
2026-01-15 19:32:41,781 - INFO - \u2713 Validation successful: srvy_hsptl_respondents_hst
2026-01-15 19:32:42,893 - INFO - \u2713 Validation successful: srvy_hsptl_respondents_hst_b4072825
2026-01-15 19:32:43,981 - INFO - \u2713 Validation successful: srvy_hsptl_rspns
2026-01-15 19:32:45,085 - INFO - \u2713 Validation successful: srvy_hsptl_rspns_hst
2026-01-15 19:32:46,248 - INFO - \u2713 Validation successful: srvy_hsptl_rspns_txt
2026-01-15 19:32:47,343 - INFO - \u2713 Validation successful: srvy_hsptl_sf_contact
2026-01-15 19:32:48,447 - INFO - \u2713 Validation successful: srvy_hsptl_survey
2026-01-15 19:32:49,550 - INFO - \u2713 Validation successful: srvy_hsptl_survey_hst
2026-01-15 19:32:50,654 - INFO - \u2713 Validation successful: srvy_hsptl_values
2026-01-15 19:32:51,778 - INFO - \u2713 Validation successful: srvy_hsptl_values_hst
2026-01-15 19:32:52,903 - INFO - \u2713 Validation successful: srvy_new_anvrsy_vlntr_rspns
2026-01-15 19:32:54,007 - INFO - \u2713 Validation successful: srvy_new_vlntr_load_cntl
2026-01-15 19:32:55,096 - INFO - \u2713 Validation successful: srvy_new_vlntr_questions
2026-01-15 19:32:56,206 - INFO - \u2713 Validation successful: srvy_new_vlntr_questn_2_srvy_xref
2026-01-15 19:32:57,342 - INFO - \u2713 Validation successful: srvy_new_vlntr_rspns
2026-01-15 19:32:58,436 - INFO - \u2713 Validation successful: srvy_new_vlntr_rspns_cmnt_curnt
2026-01-15 19:32:59,559 - INFO - \u2713 Validation successful: srvy_new_vlntr_rspns_fy21
2026-01-15 19:33:00,715 - INFO - \u2713 Validation successful: srvy_new_vlntr_rspns_fy22
2026-01-15 19:33:02,850 - INFO - \u2713 Validation successful: srvy_new_vlntr_rspns_load_cntl
2026-01-15 19:33:03,994 - INFO - \u2713 Validation successful: srvy_new_vlntr_rspns_norm
2026-01-15 19:33:05,346 - INFO - \u2713 Validation successful: srvy_new_vlntr_rspns_txt_norm
2026-01-15 19:33:06,485 - INFO - \u2713 Validation successful: srvy_new_vlntr_rspns_v21
2026-01-15 19:33:07,600 - INFO - \u2713 Validation successful: srvy_rgnl_ldrshp
2026-01-15 19:33:09,732 - INFO - \u2713 Validation successful: srvy_rgnl_ldrshp_fy21
2026-01-15 19:33:10,834 - INFO - \u2713 Validation successful: srvy_rgnl_ldrshp_hst
2026-01-15 19:33:11,939 - INFO - \u2713 Validation successful: srvy_rgnl_ldrshp_sent
2026-01-15 19:33:13,042 - INFO - \u2713 Validation successful: srvy_vlntr_dim_values
2026-01-15 19:33:14,220 - INFO - \u2713 Validation successful: srvy_vlntr_p2p_rfrl
2026-01-15 19:33:15,480 - INFO - \u2713 Validation successful: suprsn_ts_cnst
2026-01-15 19:33:16,602 - INFO - \u2713 Validation successful: suspect_domains
2026-01-15 19:33:17,780 - INFO - \u2713 Validation successful: sw_email_subscrb
2026-01-15 19:33:19,007 - INFO - \u2713 Validation successful: sw_email_unsubscrb
2026-01-15 19:33:20,183 - INFO - \u2713 Validation successful: users
2026-01-15 19:33:22,365 - INFO - \u2713 Validation successful: utl_angry_client
2026-01-15 19:33:24,546 - INFO - \u2713 Validation successful: utl_mcl_hard_bounces
2026-01-15 19:33:25,709 - INFO - \u2713 Validation successful: utl_mc_bounces
2026-01-15 19:33:26,991 - INFO - \u2713 Validation successful: utl_mc_unsubs
2026-01-15 19:33:28,101 - INFO - \u2713 Validation successful: vaidity_email_valdtn
2026-01-15 19:33:30,211 - INFO - \u2713 Validation successful: vcn_smry_intake
2026-01-15 19:33:32,724 - INFO - \u2713 Validation successful: vms_sta_indivs
2026-01-15 19:33:33,860 - INFO - \u2713 Validation successful: vms_sta_orgs
2026-01-15 19:33:33,887 - INFO - ================================================================================
2026-01-15 19:33:33,888 - INFO - TABLE VALIDATION SUMMARY
2026-01-15 19:33:33,889 - INFO - ================================================================================
2026-01-15 19:33:33,889 - INFO - Total Tables Validated: 379
2026-01-15 19:33:33,890 - INFO - \u2713 Validated Successfully: 379
2026-01-15 19:33:33,891 - INFO - \u2717 Validation Failed: 0
2026-01-15 19:33:33,891 - INFO - Validation Success Rate: 100.00%
2026-01-15 19:33:33,892 - INFO - ================================================================================
2026-01-15 19:33:33,894 - INFO - ================================================================================
2026-01-15 19:33:33,896 - INFO - EXECUTION SUMMARY
2026-01-15 19:33:33,896 - INFO - ================================================================================
2026-01-15 19:33:33,897 - INFO - Object Type: TABLE
2026-01-15 19:33:33,897 - INFO - Schema: mktg_ops_tbls
2026-01-15 19:33:33,898 - INFO - Total Objects in Folder: 463
2026-01-15 19:33:33,898 - INFO - Successfully Created: 379
2026-01-15 19:33:33,899 - INFO - Skipped (Excluded): 47
2026-01-15 19:33:33,899 - INFO - Failed: 37
2026-01-15 19:33:33,900 - INFO - Success Rate: 81.86%
2026-01-15 19:33:33,900 - INFO - 
2026-01-15 19:33:33,902 - INFO - TABLE VALIDATION RESULTS:
2026-01-15 19:33:33,902 - INFO - \u2713 Validated Successfully: 379
2026-01-15 19:33:33,903 - INFO - \u2717 Validation Failed: 0
2026-01-15 19:33:33,904 - INFO - Overall Success Rate (Created + Validated): 100.00%
2026-01-15 19:33:33,905 - INFO - Created objects saved to: D:\Create_Fetch_Python_Code\database_object_migration_v3\database_object_migration\Create_Object_Output\Table\mktg_ops_tbls_tables_20260115_185843_created.csv
2026-01-15 19:33:33,905 - INFO - Skipped objects saved to: D:\Create_Fetch_Python_Code\database_object_migration_v3\database_object_migration\Create_Object_Output\Table\mktg_ops_tbls_tables_20260115_185843_skipped.csv
2026-01-15 19:33:33,906 - INFO - Errored objects saved to: D:\Create_Fetch_Python_Code\database_object_migration_v3\database_object_migration\Create_Object_Output\Table\mktg_ops_tbls_tables_20260115_185843_errored.csv
2026-01-15 19:33:33,907 - INFO - ================================================================================
2026-01-15 19:33:33,917 - INFO - Connection closed. Script execution completed.
