2025-12-19 12:31:06,554 - INFO - ================================================================================
2025-12-19 12:31:06,554 - INFO - Starting DDL Execution Script - mktg_ops_tbls_tables
2025-12-19 12:31:06,555 - INFO - Timestamp: 20251219_123106
2025-12-19 12:31:06,555 - INFO - ================================================================================
2025-12-19 12:31:06,556 - INFO - Configuration loaded successfully
2025-12-19 12:31:06,556 - INFO - Log file: D:\Create_Fetch_Python_Code\database_object_migration\Create_Object_Output\Logs\mktg_ops_tbls_tables_20251219_123106_log.log
2025-12-19 12:31:16,224 - INFO - Successfully connected to Redshift DEV: redshift.dev.datahub.redcross.net
2025-12-19 12:31:16,227 - INFO - Database: mods_bi, User: hritik_singhania
2025-12-19 12:31:16,230 - INFO - ================================================================================
2025-12-19 12:31:16,230 - INFO - DYNAMIC FOLDER RESOLUTION
2025-12-19 12:31:16,231 - INFO - ================================================================================
2025-12-19 12:31:16,231 - INFO - Object Type: TABLE
2025-12-19 12:31:16,232 - INFO - Schema Name: mktg_ops_tbls
2025-12-19 12:31:16,232 - INFO - Base Path: D:\Create_Fetch_Python_Code\database_object_migration\Fetch_Object_Output\Table
2025-12-19 12:31:16,233 - INFO - Found 1 matching folder(s)
2025-12-19 12:31:16,233 - INFO - Latest Folder: mktg_ops_tbls_20251219_1224
2025-12-19 12:31:16,233 - INFO - Full Path: D:\Create_Fetch_Python_Code\database_object_migration\Fetch_Object_Output\Table\mktg_ops_tbls_20251219_1224
2025-12-19 12:31:16,234 - INFO - ================================================================================
2025-12-19 12:31:24,092 - INFO - User confirmed folder selection
2025-12-19 12:31:24,103 - INFO - Initialized CSV files with timestamp: 20251219_123124
2025-12-19 12:31:24,103 - INFO -   - Output Directory: D:\Create_Fetch_Python_Code\database_object_migration\Create_Object_Output\Table
2025-12-19 12:31:24,103 - INFO -   - Created: D:\Create_Fetch_Python_Code\database_object_migration\Create_Object_Output\Table\mktg_ops_tbls_tables_20251219_123124_created.csv
2025-12-19 12:31:24,103 - INFO -   - Errored: D:\Create_Fetch_Python_Code\database_object_migration\Create_Object_Output\Table\mktg_ops_tbls_tables_20251219_123124_errored.csv
2025-12-19 12:31:24,110 - INFO - Found 408 SQL files in D:\Create_Fetch_Python_Code\database_object_migration\Fetch_Object_Output\Table\mktg_ops_tbls_20251219_1224
2025-12-19 12:31:24,110 - INFO - ================================================================================
2025-12-19 12:31:24,111 - INFO - Processing Configuration:
2025-12-19 12:31:24,112 - INFO -   - Schema: mktg_ops_tbls
2025-12-19 12:31:24,112 - INFO -   - Object Type: TABLE
2025-12-19 12:31:24,113 - INFO -   - Total Objects in Folder: 408
2025-12-19 12:31:24,113 - INFO -   - Run Identifier: mktg_ops_tbls_tables
2025-12-19 12:31:24,114 - INFO - ================================================================================
2025-12-19 12:31:25,990 - WARNING -   Could not drop table adb_accistbl_contacts: permission denied for relation adb_accistbl_contacts
2025-12-19 12:31:27,154 - WARNING - \u2717 Failed to create table: adb_accistbl_contacts - Error Type: ALREADY_EXISTS
2025-12-19 12:31:28,381 - INFO -   Dropped existing table (if any): adb_anlytc_hit_tgt_tst
2025-12-19 12:31:30,351 - INFO - \u2713 Successfully created table: adb_anlytc_hit_tgt_tst
2025-12-19 12:31:33,661 - INFO -   Dropped existing table (if any): adb_anlytc_hit_tgt_xtrct
2025-12-19 12:31:35,339 - INFO - \u2713 Successfully created table: adb_anlytc_hit_tgt_xtrct
2025-12-19 12:31:37,196 - WARNING -   Could not drop table adb_arcbitlyreturn: permission denied for relation adb_arcbitlyreturn
2025-12-19 12:31:38,295 - WARNING - \u2717 Failed to create table: adb_arcbitlyreturn - Error Type: ALREADY_EXISTS
2025-12-19 12:31:39,361 - WARNING -   Could not drop table adb_arcgms_broadlog: permission denied for relation adb_arcgms_broadlog
2025-12-19 12:31:44,394 - WARNING - \u2717 Failed to create table: adb_arcgms_broadlog - Error Type: ALREADY_EXISTS
2025-12-19 12:31:46,381 - INFO -   Dropped existing table (if any): adb_arcinsms_report_intermediate
2025-12-19 12:31:48,090 - INFO - \u2713 Successfully created table: adb_arcinsms_report_intermediate
2025-12-19 12:31:50,365 - WARNING -   Could not drop table adb_arckaleyradeactivation: permission denied for relation adb_arckaleyradeactivation
2025-12-19 12:31:51,871 - WARNING - \u2717 Failed to create table: adb_arckaleyradeactivation - Error Type: ALREADY_EXISTS
2025-12-19 12:31:52,965 - WARNING -   Could not drop table adb_arcprefchangefr: permission denied for relation adb_arcprefchangefr
2025-12-19 12:31:54,154 - WARNING - \u2717 Failed to create table: adb_arcprefchangefr - Error Type: ALREADY_EXISTS
2025-12-19 12:31:55,877 - INFO -   Dropped existing table (if any): adb_arcregionchaptermapping
2025-12-19 12:31:58,266 - INFO - \u2713 Successfully created table: adb_arcregionchaptermapping
2025-12-19 12:31:59,581 - WARNING -   Could not drop table adb_arcreportcellcode: permission denied for relation adb_arcreportcellcode
2025-12-19 12:32:01,125 - WARNING - \u2717 Failed to create table: adb_arcreportcellcode - Error Type: ALREADY_EXISTS
2025-12-19 12:32:02,413 - WARNING -   Could not drop table adb_arctreatmentcode: permission denied for relation adb_arctreatmentcode
2025-12-19 12:32:03,679 - WARNING - \u2717 Failed to create table: adb_arctreatmentcode - Error Type: ALREADY_EXISTS
2025-12-19 12:32:04,945 - INFO -   Dropped existing table (if any): adb_bio_dnr_stsfctn_srvy
2025-12-19 12:32:07,726 - INFO - \u2713 Successfully created table: adb_bio_dnr_stsfctn_srvy
2025-12-19 12:32:09,787 - INFO -   Dropped existing table (if any): adb_enumrtn_lkp
2025-12-19 12:32:11,219 - INFO - \u2713 Successfully created table: adb_enumrtn_lkp
2025-12-19 12:32:12,388 - WARNING -   Could not drop table adb_nmsaddress: permission denied for relation adb_nmsaddress
2025-12-19 12:32:14,182 - WARNING - \u2717 Failed to create table: adb_nmsaddress - Error Type: ALREADY_EXISTS
2025-12-19 12:32:15,419 - WARNING -   Could not drop table adb_nmsbroadlogmsg: permission denied for relation adb_nmsbroadlogmsg
2025-12-19 12:32:16,827 - WARNING - \u2717 Failed to create table: adb_nmsbroadlogmsg - Error Type: ALREADY_EXISTS
2025-12-19 12:32:18,115 - WARNING -   Could not drop table adb_nmsbroadlogrcp: permission denied for relation adb_nmsbroadlogrcp
2025-12-19 12:32:19,564 - WARNING - \u2717 Failed to create table: adb_nmsbroadlogrcp - Error Type: ALREADY_EXISTS
2025-12-19 12:32:20,960 - WARNING -   Could not drop table adb_nmsdelivery: permission denied for relation adb_nmsdelivery
2025-12-19 12:32:23,136 - WARNING - \u2717 Failed to create table: adb_nmsdelivery - Error Type: ALREADY_EXISTS
2025-12-19 12:32:24,734 - WARNING -   Could not drop table adb_nmsexcludelogrcp: permission denied for relation adb_nmsexcludelogrcp
2025-12-19 12:32:26,258 - WARNING - \u2717 Failed to create table: adb_nmsexcludelogrcp - Error Type: ALREADY_EXISTS
2025-12-19 12:32:28,056 - WARNING -   Could not drop table adb_nmsinsms: permission denied for relation adb_nmsinsms
2025-12-19 12:32:29,456 - WARNING - \u2717 Failed to create table: adb_nmsinsms - Error Type: ALREADY_EXISTS
2025-12-19 12:32:32,221 - WARNING -   Could not drop table adb_nmsoperation: permission denied for relation adb_nmsoperation
2025-12-19 12:32:35,658 - WARNING - \u2717 Failed to create table: adb_nmsoperation - Error Type: ALREADY_EXISTS
2025-12-19 12:32:37,423 - INFO -   Dropped existing table (if any): adb_nmspropositionrcp
2025-12-19 12:32:39,532 - INFO - \u2713 Successfully created table: adb_nmspropositionrcp
2025-12-19 12:32:41,009 - WARNING -   Could not drop table adb_nmsrecipient: permission denied for relation adb_nmsrecipient
2025-12-19 12:32:42,670 - WARNING - \u2717 Failed to create table: adb_nmsrecipient - Error Type: ALREADY_EXISTS
2025-12-19 12:32:44,140 - WARNING -   Could not drop table adb_nmsservice: permission denied for relation adb_nmsservice
2025-12-19 12:32:45,606 - WARNING - \u2717 Failed to create table: adb_nmsservice - Error Type: ALREADY_EXISTS
2025-12-19 12:32:47,643 - WARNING -   Could not drop table adb_nmssubscription: permission denied for relation adb_nmssubscription
2025-12-19 12:32:49,140 - WARNING - \u2717 Failed to create table: adb_nmssubscription - Error Type: ALREADY_EXISTS
2025-12-19 12:32:51,578 - WARNING -   Could not drop table adb_nmstrackinglogrcp: permission denied for relation adb_nmstrackinglogrcp
2025-12-19 12:32:53,706 - WARNING - \u2717 Failed to create table: adb_nmstrackinglogrcp - Error Type: ALREADY_EXISTS
2025-12-19 12:32:55,796 - WARNING -   Could not drop table adb_nmstrackingurl: permission denied for relation adb_nmstrackingurl
2025-12-19 12:32:56,872 - WARNING - \u2717 Failed to create table: adb_nmstrackingurl - Error Type: ALREADY_EXISTS
2025-12-19 12:32:57,949 - WARNING -   Could not drop table adb_nmsuseragent: permission denied for relation adb_nmsuseragent
2025-12-19 12:32:59,033 - WARNING - \u2717 Failed to create table: adb_nmsuseragent - Error Type: ALREADY_EXISTS
2025-12-19 12:33:00,082 - WARNING -   Could not drop table adb_nmswebapp: permission denied for relation adb_nmswebapp
2025-12-19 12:33:01,214 - WARNING - \u2717 Failed to create table: adb_nmswebapp - Error Type: ALREADY_EXISTS
2025-12-19 12:33:02,346 - WARNING -   Could not drop table adb_nmswebapplogrcp: permission denied for relation adb_nmswebapplogrcp
2025-12-19 12:33:03,416 - WARNING - \u2717 Failed to create table: adb_nmswebapplogrcp - Error Type: ALREADY_EXISTS
2025-12-19 12:33:04,512 - WARNING -   Could not drop table adb_nmswebapplogrcpdata: permission denied for relation adb_nmswebapplogrcpdata
2025-12-19 12:33:05,655 - WARNING - \u2717 Failed to create table: adb_nmswebapplogrcpdata - Error Type: ALREADY_EXISTS
2025-12-19 12:33:06,741 - INFO -   Dropped existing table (if any): adb_vlntr_srvy_rspns
2025-12-19 12:33:08,192 - INFO - \u2713 Successfully created table: adb_vlntr_srvy_rspns
2025-12-19 12:33:09,288 - INFO -   Dropped existing table (if any): adb_vlntr_srvy_rspns_tmp
2025-12-19 12:33:10,838 - INFO - \u2713 Successfully created table: adb_vlntr_srvy_rspns_tmp
2025-12-19 12:33:11,932 - INFO -   Dropped existing table (if any): adb_vlntr_srvy_rspns_v20
2025-12-19 12:33:13,328 - INFO - \u2713 Successfully created table: adb_vlntr_srvy_rspns_v20
2025-12-19 12:33:14,547 - WARNING -   Could not drop table adb_xtkfolder: permission denied for relation adb_xtkfolder
2025-12-19 12:33:15,616 - WARNING - \u2717 Failed to create table: adb_xtkfolder - Error Type: ALREADY_EXISTS
2025-12-19 12:33:16,683 - WARNING -   Could not drop table adb_xtkworkflow: permission denied for relation adb_xtkworkflow
2025-12-19 12:33:17,750 - WARNING - \u2717 Failed to create table: adb_xtkworkflow - Error Type: ALREADY_EXISTS
2025-12-19 12:33:18,862 - INFO -   Dropped existing table (if any): adobe_analytics_txn
2025-12-19 12:33:20,225 - INFO - \u2713 Successfully created table: adobe_analytics_txn
2025-12-19 12:33:21,341 - INFO -   Dropped existing table (if any): adobe_analytics_visits
2025-12-19 12:33:22,901 - INFO - \u2713 Successfully created table: adobe_analytics_visits
2025-12-19 12:33:24,095 - INFO -   Dropped existing table (if any): adobe_dwb_intrctn
2025-12-19 12:33:25,613 - INFO - \u2713 Successfully created table: adobe_dwb_intrctn
2025-12-19 12:33:28,115 - INFO -   Dropped existing table (if any): adobe_dwb_intrctn_bkp
2025-12-19 12:33:29,523 - INFO - \u2713 Successfully created table: adobe_dwb_intrctn_bkp
2025-12-19 12:33:30,603 - INFO -   Dropped existing table (if any): adobe_dwb_intrctn_stg
2025-12-19 12:33:32,091 - INFO - \u2713 Successfully created table: adobe_dwb_intrctn_stg
2025-12-19 12:33:33,208 - INFO -   Dropped existing table (if any): adobe_dwb_intrctn_stg_tmp
2025-12-19 12:33:34,719 - INFO - \u2713 Successfully created table: adobe_dwb_intrctn_stg_tmp
2025-12-19 12:33:35,832 - INFO -   Dropped existing table (if any): adobe_dwb_txn
2025-12-19 12:33:37,237 - INFO - \u2713 Successfully created table: adobe_dwb_txn
2025-12-19 12:33:38,400 - INFO -   Dropped existing table (if any): adobe_dwb_txn_bkp
2025-12-19 12:33:39,796 - INFO - \u2713 Successfully created table: adobe_dwb_txn_bkp
2025-12-19 12:33:41,175 - INFO -   Dropped existing table (if any): adobe_dwb_txn_stg
2025-12-19 12:33:42,724 - INFO - \u2713 Successfully created table: adobe_dwb_txn_stg
2025-12-19 12:33:43,834 - INFO -   Dropped existing table (if any): agent
2025-12-19 12:33:45,243 - INFO - \u2713 Successfully created table: agent
2025-12-19 12:33:46,372 - INFO -   Dropped existing table (if any): all_aem_rco_rows
2025-12-19 12:33:48,424 - INFO - \u2713 Successfully created table: all_aem_rco_rows
2025-12-19 12:33:49,536 - INFO -   Dropped existing table (if any): aprm_arc_comm_log
2025-12-19 12:33:51,072 - INFO - \u2713 Successfully created table: aprm_arc_comm_log
2025-12-19 12:33:52,187 - INFO -   Dropped existing table (if any): aprm_audmem_map
2025-12-19 12:33:53,679 - INFO - \u2713 Successfully created table: aprm_audmem_map
2025-12-19 12:33:54,763 - INFO -   Dropped existing table (if any): aprm_bncd_eml_img
2025-12-19 12:33:56,207 - INFO - \u2713 Successfully created table: aprm_bncd_eml_img
2025-12-19 12:33:56,207 - INFO - Progress: 50/408 tables processed
2025-12-19 12:33:57,244 - WARNING -   Could not drop table aprm_dim_activity: permission denied for relation aprm_dim_activity
2025-12-19 12:33:58,280 - WARNING - \u2717 Failed to create table: aprm_dim_activity - Error Type: ALREADY_EXISTS
2025-12-19 12:33:59,358 - INFO -   Dropped existing table (if any): aprm_email_bncd
2025-12-19 12:34:00,894 - INFO - \u2713 Successfully created table: aprm_email_bncd
2025-12-19 12:34:01,975 - INFO -   Dropped existing table (if any): aprm_email_lnk_clkd
2025-12-19 12:34:03,993 - INFO - \u2713 Successfully created table: aprm_email_lnk_clkd
2025-12-19 12:34:05,125 - INFO -   Dropped existing table (if any): aprm_email_lnk_clkd_img
2025-12-19 12:34:09,342 - INFO - \u2713 Successfully created table: aprm_email_lnk_clkd_img
2025-12-19 12:34:13,419 - INFO -   Dropped existing table (if any): aprm_email_opened
2025-12-19 12:34:14,755 - INFO - \u2713 Successfully created table: aprm_email_opened
2025-12-19 12:34:15,810 - INFO -   Dropped existing table (if any): aprm_email_opened_img
2025-12-19 12:34:17,185 - INFO - \u2713 Successfully created table: aprm_email_opened_img
2025-12-19 12:34:18,247 - INFO -   Dropped existing table (if any): aprm_email_remove
2025-12-19 12:34:19,588 - INFO - \u2713 Successfully created table: aprm_email_remove
2025-12-19 12:34:20,655 - INFO -   Dropped existing table (if any): aprm_email_remove_img
2025-12-19 12:34:22,036 - INFO - \u2713 Successfully created table: aprm_email_remove_img
2025-12-19 12:34:23,109 - INFO -   Dropped existing table (if any): aprm_email_sent
2025-12-19 12:34:24,545 - INFO - \u2713 Successfully created table: aprm_email_sent
2025-12-19 12:34:25,641 - INFO -   Dropped existing table (if any): aprm_email_sent_img
2025-12-19 12:34:30,070 - INFO - \u2713 Successfully created table: aprm_email_sent_img
2025-12-19 12:34:31,133 - INFO -   Dropped existing table (if any): aprm_msg_cnt_blk_img
2025-12-19 12:34:32,438 - INFO - \u2713 Successfully created table: aprm_msg_cnt_blk_img
2025-12-19 12:34:33,521 - INFO -   Dropped existing table (if any): aprm_msg_content_block
2025-12-19 12:34:34,928 - INFO - \u2713 Successfully created table: aprm_msg_content_block
2025-12-19 12:34:35,977 - WARNING -   Could not drop table aprm_wb_apnd_bio_dnr_stsfctn_srvy: permission denied for relation aprm_wb_apnd_bio_dnr_stsfctn_srvy
2025-12-19 12:34:37,047 - WARNING - \u2717 Failed to create table: aprm_wb_apnd_bio_dnr_stsfctn_srvy - Error Type: ALREADY_EXISTS
2025-12-19 12:34:38,156 - INFO -   Dropped existing table (if any): aprm_wb_apnd_bncd_eml
2025-12-19 12:34:39,627 - INFO - \u2713 Successfully created table: aprm_wb_apnd_bncd_eml
2025-12-19 12:34:40,690 - INFO -   Dropped existing table (if any): aprm_wb_apnd_cell_cds
2025-12-19 12:34:42,341 - INFO - \u2713 Successfully created table: aprm_wb_apnd_cell_cds
2025-12-19 12:34:43,403 - INFO -   Dropped existing table (if any): aprm_wb_apnd_cm_segmnt
2025-12-19 12:34:44,738 - INFO - \u2713 Successfully created table: aprm_wb_apnd_cm_segmnt
2025-12-19 12:34:45,835 - INFO -   Dropped existing table (if any): aprm_wb_apnd_email
2025-12-19 12:34:47,178 - INFO - \u2713 Successfully created table: aprm_wb_apnd_email
2025-12-19 12:34:48,402 - INFO -   Dropped existing table (if any): aprm_wb_apnd_eml_trckng
2025-12-19 12:34:49,791 - INFO - \u2713 Successfully created table: aprm_wb_apnd_eml_trckng
2025-12-19 12:34:50,912 - INFO -   Dropped existing table (if any): aprm_wb_apnd_eml_trckng_bkp
2025-12-19 12:34:52,654 - INFO - \u2713 Successfully created table: aprm_wb_apnd_eml_trckng_bkp
2025-12-19 12:34:53,731 - INFO -   Dropped existing table (if any): aprm_wb_apnd_inbnd_frm_cmpltd
2025-12-19 12:34:55,236 - INFO - \u2713 Successfully created table: aprm_wb_apnd_inbnd_frm_cmpltd
2025-12-19 12:34:56,297 - INFO -   Dropped existing table (if any): aprm_wb_apnd_mcrst_mtrcs
2025-12-19 12:34:57,611 - INFO - \u2713 Successfully created table: aprm_wb_apnd_mcrst_mtrcs
2025-12-19 12:34:58,663 - INFO -   Dropped existing table (if any): aprm_wb_apnd_outbnd_msgs
2025-12-19 12:35:00,062 - INFO - \u2713 Successfully created table: aprm_wb_apnd_outbnd_msgs
2025-12-19 12:35:01,142 - INFO -   Dropped existing table (if any): aprm_wb_apnd_outbnd_msg_snt
2025-12-19 12:35:02,489 - INFO - \u2713 Successfully created table: aprm_wb_apnd_outbnd_msg_snt
2025-12-19 12:35:04,525 - INFO -   Dropped existing table (if any): aprm_wb_apnd_prfrnc_cntr
2025-12-19 12:35:06,605 - INFO - \u2713 Successfully created table: aprm_wb_apnd_prfrnc_cntr
2025-12-19 12:35:07,685 - INFO -   Dropped existing table (if any): aprm_wb_apnd_rmv_frm_lst
2025-12-19 12:35:09,106 - INFO - \u2713 Successfully created table: aprm_wb_apnd_rmv_frm_lst
2025-12-19 12:35:10,168 - INFO -   Dropped existing table (if any): aprm_wb_apnd_segmntn
2025-12-19 12:35:11,496 - INFO - \u2713 Successfully created table: aprm_wb_apnd_segmntn
2025-12-19 12:35:12,546 - INFO -   Dropped existing table (if any): aprm_wb_apnd_treatmnts
2025-12-19 12:35:13,926 - INFO - \u2713 Successfully created table: aprm_wb_apnd_treatmnts
2025-12-19 12:35:15,418 - WARNING -   Could not drop table aprm_wb_apnd_unsubs_rplc: permission denied for relation aprm_wb_apnd_unsubs_rplc
2025-12-19 12:35:16,468 - WARNING - \u2717 Failed to create table: aprm_wb_apnd_unsubs_rplc - Error Type: ALREADY_EXISTS
2025-12-19 12:35:17,499 - WARNING -   Could not drop table aprm_wb_replc_activities: permission denied for relation aprm_wb_replc_activities
2025-12-19 12:35:18,540 - WARNING - \u2717 Failed to create table: aprm_wb_replc_activities - Error Type: ALREADY_EXISTS
2025-12-19 12:35:19,583 - WARNING -   Could not drop table aprm_wb_replc_act_cells: permission denied for relation aprm_wb_replc_act_cells
2025-12-19 12:35:20,617 - WARNING - \u2717 Failed to create table: aprm_wb_replc_act_cells - Error Type: ALREADY_EXISTS
2025-12-19 12:35:21,665 - WARNING -   Could not drop table aprm_wb_replc_act_offrs: permission denied for relation aprm_wb_replc_act_offrs
2025-12-19 12:35:22,696 - WARNING - \u2717 Failed to create table: aprm_wb_replc_act_offrs - Error Type: ALREADY_EXISTS
2025-12-19 12:35:23,759 - WARNING -   Could not drop table aprm_wb_replc_act_trtmts: permission denied for relation aprm_wb_replc_act_trtmts
2025-12-19 12:35:24,801 - WARNING - \u2717 Failed to create table: aprm_wb_replc_act_trtmts - Error Type: ALREADY_EXISTS
2025-12-19 12:35:25,912 - WARNING -   Could not drop table aprm_wb_replc_offrs: permission denied for relation aprm_wb_replc_offrs
2025-12-19 12:35:28,387 - WARNING - \u2717 Failed to create table: aprm_wb_replc_offrs - Error Type: ALREADY_EXISTS
2025-12-19 12:35:30,162 - WARNING -   Could not drop table aprm_wb_rplc_fr_prf_cntr_lt: permission denied for relation aprm_wb_rplc_fr_prf_cntr_lt
2025-12-19 12:35:31,240 - WARNING - \u2717 Failed to create table: aprm_wb_rplc_fr_prf_cntr_lt - Error Type: ALREADY_EXISTS
2025-12-19 12:35:32,355 - WARNING -   Could not drop table aprm_wb_rplc_outbnd_msg_snt: permission denied for relation aprm_wb_rplc_outbnd_msg_snt
2025-12-19 12:35:33,384 - WARNING - \u2717 Failed to create table: aprm_wb_rplc_outbnd_msg_snt - Error Type: ALREADY_EXISTS
2025-12-19 12:35:34,908 - INFO -   Dropped existing table (if any): arc_aem_rco_txn
2025-12-19 12:35:37,283 - INFO - \u2713 Successfully created table: arc_aem_rco_txn
2025-12-19 12:35:38,333 - WARNING -   Could not drop table arc_biomed_smry: permission denied for relation arc_biomed_smry
2025-12-19 12:35:39,421 - WARNING - \u2717 Failed to create table: arc_biomed_smry - Error Type: ALREADY_EXISTS
2025-12-19 12:35:40,512 - INFO -   Dropped existing table (if any): arc_biomed_smry_bkp
2025-12-19 12:35:42,063 - INFO - \u2713 Successfully created table: arc_biomed_smry_bkp
2025-12-19 12:35:43,145 - WARNING -   Could not drop table arc_biomed_txn: permission denied for relation arc_biomed_txn
2025-12-19 12:35:44,252 - WARNING - \u2717 Failed to create table: arc_biomed_txn - Error Type: ALREADY_EXISTS
2025-12-19 12:35:45,343 - INFO -   Dropped existing table (if any): arc_biomed_txn_bkp
2025-12-19 12:35:46,869 - INFO - \u2713 Successfully created table: arc_biomed_txn_bkp
2025-12-19 12:35:47,949 - INFO -   Dropped existing table (if any): arc_biomed_txn_ext_staff
2025-12-19 12:35:49,505 - INFO - \u2713 Successfully created table: arc_biomed_txn_ext_staff
2025-12-19 12:35:50,668 - INFO -   Dropped existing table (if any): arc_biomed_txn_ext_staff_bkp
2025-12-19 12:35:52,138 - INFO - \u2713 Successfully created table: arc_biomed_txn_ext_staff_bkp
2025-12-19 12:35:53,251 - INFO -   Dropped existing table (if any): arc_cdi_smry_addr_tmp
2025-12-19 12:35:54,737 - INFO - \u2713 Successfully created table: arc_cdi_smry_addr_tmp
2025-12-19 12:35:55,850 - INFO -   Dropped existing table (if any): arc_cdi_smry_email_tmp
2025-12-19 12:35:57,364 - INFO - \u2713 Successfully created table: arc_cdi_smry_email_tmp
2025-12-19 12:35:58,450 - INFO -   Dropped existing table (if any): arc_cdi_smry_extrct
2025-12-19 12:35:59,929 - INFO - \u2713 Successfully created table: arc_cdi_smry_extrct
2025-12-19 12:36:01,057 - INFO -   Dropped existing table (if any): arc_cdi_smry_phn_tmp
2025-12-19 12:36:02,904 - INFO - \u2713 Successfully created table: arc_cdi_smry_phn_tmp
2025-12-19 12:36:04,032 - INFO -   Dropped existing table (if any): arc_crm_ent_infrd_prfl
2025-12-19 12:36:05,773 - INFO - \u2713 Successfully created table: arc_crm_ent_infrd_prfl
2025-12-19 12:36:07,146 - INFO -   Dropped existing table (if any): arc_crm_ent_prfl
2025-12-19 12:36:08,591 - INFO - \u2713 Successfully created table: arc_crm_ent_prfl
2025-12-19 12:36:09,683 - INFO -   Dropped existing table (if any): arc_fr_smry_extrct
2025-12-19 12:36:11,398 - INFO - \u2713 Successfully created table: arc_fr_smry_extrct
2025-12-19 12:36:12,508 - INFO -   Dropped existing table (if any): arc_fr_smry_extrct_tmp
2025-12-19 12:36:14,093 - INFO - \u2713 Successfully created table: arc_fr_smry_extrct_tmp
2025-12-19 12:36:14,093 - INFO - Progress: 100/408 tables processed
2025-12-19 12:36:16,050 - INFO -   Dropped existing table (if any): arc_fr_smry_mdl
2025-12-19 12:36:18,266 - INFO - \u2713 Successfully created table: arc_fr_smry_mdl
2025-12-19 12:36:19,390 - INFO -   Dropped existing table (if any): arc_fr_txn_all_cnst
2025-12-19 12:36:20,828 - INFO - \u2713 Successfully created table: arc_fr_txn_all_cnst
2025-12-19 12:36:21,955 - INFO -   Dropped existing table (if any): arc_fr_txn_bkp
2025-12-19 12:36:23,435 - INFO - \u2713 Successfully created table: arc_fr_txn_bkp
2025-12-19 12:36:24,574 - INFO -   Dropped existing table (if any): arc_fr_txn_bnchmrk_extrct
2025-12-19 12:36:26,077 - INFO - \u2713 Successfully created table: arc_fr_txn_bnchmrk_extrct
2025-12-19 12:36:27,189 - INFO -   Dropped existing table (if any): arc_fr_txn_del
2025-12-19 12:36:28,758 - INFO - \u2713 Successfully created table: arc_fr_txn_del
2025-12-19 12:36:29,852 - INFO -   Dropped existing table (if any): arc_fr_txn_extrct
2025-12-19 12:36:31,484 - INFO - \u2713 Successfully created table: arc_fr_txn_extrct
2025-12-19 12:36:32,611 - INFO -   Dropped existing table (if any): arc_fr_txn_tst
2025-12-19 12:36:34,145 - INFO - \u2713 Successfully created table: arc_fr_txn_tst
2025-12-19 12:36:35,230 - INFO -   Dropped existing table (if any): arc_fundrsng_summary
2025-12-19 12:36:39,137 - INFO - \u2713 Successfully created table: arc_fundrsng_summary
2025-12-19 12:36:40,221 - INFO -   Dropped existing table (if any): arc_glossary
2025-12-19 12:36:45,301 - INFO - \u2713 Successfully created table: arc_glossary
2025-12-19 12:36:46,408 - INFO -   Dropped existing table (if any): arc_lob_smry_extrct
2025-12-19 12:36:48,483 - INFO - \u2713 Successfully created table: arc_lob_smry_extrct
2025-12-19 12:36:49,561 - INFO -   Dropped existing table (if any): arc_lob_smry_extrct_oct
2025-12-19 12:36:50,961 - INFO - \u2713 Successfully created table: arc_lob_smry_extrct_oct
2025-12-19 12:36:52,035 - INFO -   Dropped existing table (if any): arc_lob_smry_non_fr_extrct
2025-12-19 12:36:53,439 - INFO - \u2713 Successfully created table: arc_lob_smry_non_fr_extrct
2025-12-19 12:36:54,505 - INFO -   Dropped existing table (if any): arc_missing_script_numbers
2025-12-19 12:36:55,961 - INFO - \u2713 Successfully created table: arc_missing_script_numbers
2025-12-19 12:36:57,058 - INFO -   Dropped existing table (if any): arc_phss_recert_txn
2025-12-19 12:36:58,430 - INFO - \u2713 Successfully created table: arc_phss_recert_txn
2025-12-19 12:37:00,015 - INFO -   Dropped existing table (if any): arc_phss_recert_txn_bkp
2025-12-19 12:37:01,395 - INFO - \u2713 Successfully created table: arc_phss_recert_txn_bkp
2025-12-19 12:37:02,512 - INFO -   Dropped existing table (if any): arc_phss_smry
2025-12-19 12:37:04,001 - INFO - \u2713 Successfully created table: arc_phss_smry
2025-12-19 12:37:05,104 - INFO -   Dropped existing table (if any): arc_phss_smry_bkp
2025-12-19 12:37:07,410 - INFO - \u2713 Successfully created table: arc_phss_smry_bkp
2025-12-19 12:37:08,586 - INFO -   Dropped existing table (if any): arc_phss_txn
2025-12-19 12:37:10,451 - INFO - \u2713 Successfully created table: arc_phss_txn
2025-12-19 12:37:11,571 - INFO -   Dropped existing table (if any): arc_phss_txn_bkp
2025-12-19 12:37:13,084 - INFO - \u2713 Successfully created table: arc_phss_txn_bkp
2025-12-19 12:37:14,170 - INFO -   Dropped existing table (if any): arc_simio_rfm_assets_appends
2025-12-19 12:37:15,767 - INFO - \u2713 Successfully created table: arc_simio_rfm_assets_appends
2025-12-19 12:37:17,967 - INFO -   Dropped existing table (if any): arc_tag_extrct_bridge
2025-12-19 12:37:19,355 - INFO - \u2713 Successfully created table: arc_tag_extrct_bridge
2025-12-19 12:37:20,440 - INFO -   Dropped existing table (if any): arc_tag_extrct_bridge_bkp
2025-12-19 12:37:21,807 - INFO - \u2713 Successfully created table: arc_tag_extrct_bridge_bkp
2025-12-19 12:37:24,195 - INFO -   Dropped existing table (if any): arc_tag_non_fr_extrct_bridge
2025-12-19 12:37:25,544 - INFO - \u2713 Successfully created table: arc_tag_non_fr_extrct_bridge
2025-12-19 12:37:26,664 - INFO -   Dropped existing table (if any): arc_tag_non_fr_extrct_bridge_bkp
2025-12-19 12:37:28,075 - INFO - \u2713 Successfully created table: arc_tag_non_fr_extrct_bridge_bkp
2025-12-19 12:37:29,820 - INFO -   Dropped existing table (if any): arc_tag_non_fr_extrct_bridge_tmp
2025-12-19 12:37:32,189 - INFO - \u2713 Successfully created table: arc_tag_non_fr_extrct_bridge_tmp
2025-12-19 12:37:33,255 - INFO -   Dropped existing table (if any): arc_vms_smry
2025-12-19 12:37:34,693 - INFO - \u2713 Successfully created table: arc_vms_smry
2025-12-19 12:37:35,784 - INFO -   Dropped existing table (if any): arc_vms_txn
2025-12-19 12:37:37,180 - INFO - \u2713 Successfully created table: arc_vms_txn
2025-12-19 12:37:38,260 - INFO -   Dropped existing table (if any): area_code_2_time_zone
2025-12-19 12:37:40,971 - INFO - \u2713 Successfully created table: area_code_2_time_zone
2025-12-19 12:37:44,087 - WARNING -   Could not drop table audit_log: permission denied for relation audit_log
2025-12-19 12:37:45,533 - WARNING - \u2717 Failed to create table: audit_log - Error Type: ALREADY_EXISTS
2025-12-19 12:37:46,712 - INFO -   Dropped existing table (if any): awb_cdi_mstr_mrg
2025-12-19 12:37:48,128 - INFO - \u2713 Successfully created table: awb_cdi_mstr_mrg
2025-12-19 12:37:49,372 - INFO -   Dropped existing table (if any): awb_dmail_xtrct
2025-12-19 12:37:50,781 - INFO - \u2713 Successfully created table: awb_dmail_xtrct
2025-12-19 12:37:51,860 - INFO -   Dropped existing table (if any): awb_dntn_xtrct
2025-12-19 12:37:53,325 - INFO - \u2713 Successfully created table: awb_dntn_xtrct
2025-12-19 12:37:54,409 - INFO -   Dropped existing table (if any): awb_rcpnt_2_cdi_mstr
2025-12-19 12:37:55,804 - INFO - \u2713 Successfully created table: awb_rcpnt_2_cdi_mstr
2025-12-19 12:37:57,403 - INFO -   Dropped existing table (if any): awb_rcpnt_2_cdi_mstr_xtrct
2025-12-19 12:37:58,816 - INFO - \u2713 Successfully created table: awb_rcpnt_2_cdi_mstr_xtrct
2025-12-19 12:37:59,896 - INFO -   Dropped existing table (if any): bio_dnr_srvy_donat_key_map
2025-12-19 12:38:01,347 - INFO - \u2713 Successfully created table: bio_dnr_srvy_donat_key_map
2025-12-19 12:38:03,765 - INFO -   Dropped existing table (if any): bzfc_active_cnst_multi_snpsht
2025-12-19 12:38:05,650 - INFO - \u2713 Successfully created table: bzfc_active_cnst_multi_snpsht
2025-12-19 12:38:07,666 - INFO -   Dropped existing table (if any): bzfc_active_cnst_segmnt
2025-12-19 12:38:09,124 - INFO - \u2713 Successfully created table: bzfc_active_cnst_segmnt
2025-12-19 12:38:10,229 - INFO -   Dropped existing table (if any): bzfc_active_cnst_snpsht
2025-12-19 12:38:11,590 - INFO - \u2713 Successfully created table: bzfc_active_cnst_snpsht
2025-12-19 12:38:12,690 - INFO -   Dropped existing table (if any): bzfc_adb_recipient_insrt_delta
2025-12-19 12:38:14,069 - INFO - \u2713 Successfully created table: bzfc_adb_recipient_insrt_delta
2025-12-19 12:38:15,123 - INFO -   Dropped existing table (if any): bzfc_adb_recipient_updt_delta
2025-12-19 12:38:16,690 - INFO - \u2713 Successfully created table: bzfc_adb_recipient_updt_delta
2025-12-19 12:38:17,764 - INFO -   Dropped existing table (if any): bzfc_bio_dnr_segment_dashbrd
2025-12-19 12:38:19,104 - INFO - \u2713 Successfully created table: bzfc_bio_dnr_segment_dashbrd
2025-12-19 12:38:20,160 - INFO -   Dropped existing table (if any): bzfc_cnst_cdi_phss_email_prfl
2025-12-19 12:38:22,486 - INFO - \u2713 Successfully created table: bzfc_cnst_cdi_phss_email_prfl
2025-12-19 12:38:23,583 - INFO -   Dropped existing table (if any): bzfc_cnst_fr_prfr_em_prfl
2025-12-19 12:38:25,163 - INFO - \u2713 Successfully created table: bzfc_cnst_fr_prfr_em_prfl
2025-12-19 12:38:26,226 - INFO -   Dropped existing table (if any): bzfc_fact_dmail_interaction
2025-12-19 12:38:27,624 - INFO - \u2713 Successfully created table: bzfc_fact_dmail_interaction
2025-12-19 12:38:31,341 - WARNING -   Could not drop table bzfc_fact_dmail_intrctn_norm: permission denied for relation bzfc_fact_dmail_intrctn_norm
2025-12-19 12:38:33,743 - WARNING - \u2717 Failed to create table: bzfc_fact_dmail_intrctn_norm - Error Type: OTHER_ERROR
2025-12-19 12:38:34,807 - INFO -   Dropped existing table (if any): bzfc_fact_donation
2025-12-19 12:38:36,325 - INFO - \u2713 Successfully created table: bzfc_fact_donation
2025-12-19 12:38:37,433 - INFO -   Dropped existing table (if any): bzfc_fact_interaction
2025-12-19 12:38:38,903 - INFO - \u2713 Successfully created table: bzfc_fact_interaction
2025-12-19 12:38:40,059 - INFO -   Dropped existing table (if any): bzfc_fact_interaction_all
2025-12-19 12:38:41,593 - INFO - \u2713 Successfully created table: bzfc_fact_interaction_all
2025-12-19 12:38:42,660 - INFO -   Dropped existing table (if any): bzfc_fact_intrctn_em_smry
2025-12-19 12:38:44,332 - INFO - \u2713 Successfully created table: bzfc_fact_intrctn_em_smry
2025-12-19 12:38:46,167 - INFO -   Dropped existing table (if any): bzfc_fact_phone_interaction
2025-12-19 12:38:47,652 - INFO - \u2713 Successfully created table: bzfc_fact_phone_interaction
2025-12-19 12:38:47,655 - INFO - Progress: 150/408 tables processed
2025-12-19 12:38:48,751 - INFO -   Dropped existing table (if any): bzfc_fact_response_all
2025-12-19 12:38:50,125 - INFO - \u2713 Successfully created table: bzfc_fact_response_all
2025-12-19 12:38:51,213 - INFO -   Dropped existing table (if any): bzfc_fact_response_new
2025-12-19 12:38:52,790 - INFO - \u2713 Successfully created table: bzfc_fact_response_new
2025-12-19 12:38:53,890 - INFO -   Dropped existing table (if any): bzfc_fact_surv_resp
2025-12-19 12:38:55,274 - INFO - \u2713 Successfully created table: bzfc_fact_surv_resp
2025-12-19 12:38:56,352 - INFO -   Dropped existing table (if any): bzfc_pg_response_log
2025-12-19 12:38:58,117 - INFO - \u2713 Successfully created table: bzfc_pg_response_log
2025-12-19 12:38:59,183 - INFO -   Dropped existing table (if any): bzfc_pg_response_log_ref
2025-12-19 12:39:00,589 - INFO - \u2713 Successfully created table: bzfc_pg_response_log_ref
2025-12-19 12:39:01,658 - INFO -   Dropped existing table (if any): bzfc_phss_lrnr_list_membrshp
2025-12-19 12:39:03,094 - INFO - \u2713 Successfully created table: bzfc_phss_lrnr_list_membrshp
2025-12-19 12:39:04,166 - INFO -   Dropped existing table (if any): bzfc_sms_fr_prfl
2025-12-19 12:39:05,656 - INFO - \u2713 Successfully created table: bzfc_sms_fr_prfl
2025-12-19 12:39:06,815 - INFO -   Dropped existing table (if any): bzfc_sms_profile
2025-12-19 12:39:08,364 - INFO - \u2713 Successfully created table: bzfc_sms_profile
2025-12-19 12:39:09,448 - INFO -   Dropped existing table (if any): bzfc_sponsor_journey_detail
2025-12-19 12:39:10,922 - INFO - \u2713 Successfully created table: bzfc_sponsor_journey_detail
2025-12-19 12:39:12,065 - INFO -   Dropped existing table (if any): bzfc_sponsor_journey_smry
2025-12-19 12:39:13,566 - INFO - \u2713 Successfully created table: bzfc_sponsor_journey_smry
2025-12-19 12:39:14,640 - INFO -   Dropped existing table (if any): bzf_cem_cnst_opt_outs_copy
2025-12-19 12:39:16,065 - INFO - \u2713 Successfully created table: bzf_cem_cnst_opt_outs_copy
2025-12-19 12:39:17,121 - INFO -   Dropped existing table (if any): bzf_cem_cnst_opt_outs_stg
2025-12-19 12:39:19,052 - INFO - \u2713 Successfully created table: bzf_cem_cnst_opt_outs_stg
2025-12-19 12:39:20,085 - WARNING -   Could not drop table bzf_cnst_cdi_sltn_id: permission denied for relation bzf_cnst_cdi_sltn_id
2025-12-19 12:39:21,122 - WARNING - \u2717 Failed to create table: bzf_cnst_cdi_sltn_id - Error Type: ALREADY_EXISTS
2025-12-19 12:39:22,184 - INFO -   Dropped existing table (if any): bzf_cnst_cdi_sltn_id_1
2025-12-19 12:39:23,714 - INFO - \u2713 Successfully created table: bzf_cnst_cdi_sltn_id_1
2025-12-19 12:39:24,797 - INFO -   Dropped existing table (if any): bzf_cnst_cdi_sltn_id_2
2025-12-19 12:39:26,148 - INFO - \u2713 Successfully created table: bzf_cnst_cdi_sltn_id_2
2025-12-19 12:39:27,230 - INFO -   Dropped existing table (if any): bzf_cnst_cdi_sltn_id_3
2025-12-19 12:39:28,640 - INFO - \u2713 Successfully created table: bzf_cnst_cdi_sltn_id_3
2025-12-19 12:39:30,609 - INFO -   Dropped existing table (if any): bzf_cnst_cdi_sltn_id_4
2025-12-19 12:39:32,048 - INFO - \u2713 Successfully created table: bzf_cnst_cdi_sltn_id_4
2025-12-19 12:39:33,142 - INFO -   Dropped existing table (if any): bzf_cnst_cdi_sltn_id_5
2025-12-19 12:39:34,703 - INFO - \u2713 Successfully created table: bzf_cnst_cdi_sltn_id_5
2025-12-19 12:39:35,791 - INFO -   Dropped existing table (if any): bzf_cnst_cdi_sltn_id_all
2025-12-19 12:39:37,237 - INFO - \u2713 Successfully created table: bzf_cnst_cdi_sltn_id_all
2025-12-19 12:39:38,321 - INFO -   Dropped existing table (if any): bzf_cnst_cdi_sltn_id_bk
2025-12-19 12:39:39,751 - INFO - \u2713 Successfully created table: bzf_cnst_cdi_sltn_id_bk
2025-12-19 12:39:40,801 - WARNING -   Could not drop table bzf_cnst_chrctrstc_simio: permission denied for relation bzf_cnst_chrctrstc_simio
2025-12-19 12:39:42,505 - WARNING - \u2717 Failed to create table: bzf_cnst_chrctrstc_simio - Error Type: ALREADY_EXISTS
2025-12-19 12:39:43,599 - INFO -   Dropped existing table (if any): bzf_cnst_scr
2025-12-19 12:39:45,391 - INFO - \u2713 Successfully created table: bzf_cnst_scr
2025-12-19 12:39:46,455 - WARNING -   Could not drop table bzf_cnst_scr_simio: permission denied for relation bzf_cnst_scr_simio
2025-12-19 12:39:47,563 - WARNING - \u2717 Failed to create table: bzf_cnst_scr_simio - Error Type: ALREADY_EXISTS
2025-12-19 12:39:48,612 - WARNING -   Could not drop table bzl_cnst_fsa_acqstn: permission denied for relation bzl_cnst_fsa_acqstn
2025-12-19 12:39:49,796 - WARNING - \u2717 Failed to create table: bzl_cnst_fsa_acqstn - Error Type: ALREADY_EXISTS
2025-12-19 12:39:50,844 - WARNING -   Could not drop table bzl_cnst_mstr_fsa_in_primary: permission denied for relation bzl_cnst_mstr_fsa_in_primary
2025-12-19 12:39:51,892 - WARNING - \u2717 Failed to create table: bzl_cnst_mstr_fsa_in_primary - Error Type: ALREADY_EXISTS
2025-12-19 12:39:52,972 - INFO -   Dropped existing table (if any): bz_adobe_analytics_rcb_txn
2025-12-19 12:39:54,364 - INFO - \u2713 Successfully created table: bz_adobe_analytics_rcb_txn
2025-12-19 12:39:55,422 - INFO -   Dropped existing table (if any): bz_adobe_analytics_rco_txn
2025-12-19 12:39:56,936 - INFO - \u2713 Successfully created table: bz_adobe_analytics_rco_txn
2025-12-19 12:39:58,073 - INFO -   Dropped existing table (if any): bz_adobe_analytics_ts_txn
2025-12-19 12:39:59,507 - INFO - \u2713 Successfully created table: bz_adobe_analytics_ts_txn
2025-12-19 12:40:00,621 - INFO -   Dropped existing table (if any): bz_arcpg_response_typ
2025-12-19 12:40:02,171 - INFO - \u2713 Successfully created table: bz_arcpg_response_typ
2025-12-19 12:40:03,498 - INFO -   Dropped existing table (if any): bz_arc_fr_smry_atg_first_tm
2025-12-19 12:40:04,951 - INFO - \u2713 Successfully created table: bz_arc_fr_smry_atg_first_tm
2025-12-19 12:40:06,113 - INFO -   Dropped existing table (if any): bz_arc_fr_smry_rco_first_tm
2025-12-19 12:40:07,873 - INFO - \u2713 Successfully created table: bz_arc_fr_smry_rco_first_tm
2025-12-19 12:40:08,939 - INFO -   Dropped existing table (if any): bz_arc_fr_smry_rco_last_donat
2025-12-19 12:40:10,342 - INFO - \u2713 Successfully created table: bz_arc_fr_smry_rco_last_donat
2025-12-19 12:40:11,457 - INFO -   Dropped existing table (if any): bz_arc_fr_smry_rco_last_sustnr_donat
2025-12-19 12:40:12,900 - INFO - \u2713 Successfully created table: bz_arc_fr_smry_rco_last_sustnr_donat
2025-12-19 12:40:14,984 - INFO -   Dropped existing table (if any): bz_cnst_birth_best
2025-12-19 12:40:17,285 - INFO - \u2713 Successfully created table: bz_cnst_birth_best
2025-12-19 12:40:18,415 - INFO -   Dropped existing table (if any): bz_cnst_gender_best
2025-12-19 12:40:19,836 - INFO - \u2713 Successfully created table: bz_cnst_gender_best
2025-12-19 12:40:20,930 - INFO -   Dropped existing table (if any): bz_cur_mth_bio_donor_freq
2025-12-19 12:40:22,349 - INFO - \u2713 Successfully created table: bz_cur_mth_bio_donor_freq
2025-12-19 12:40:23,416 - INFO -   Dropped existing table (if any): bz_cur_mth_bio_donor_freq2
2025-12-19 12:40:24,881 - INFO - \u2713 Successfully created table: bz_cur_mth_bio_donor_freq2
2025-12-19 12:40:26,218 - INFO -   Dropped existing table (if any): bz_dim_cnst_demographic
2025-12-19 12:40:27,908 - INFO - \u2713 Successfully created table: bz_dim_cnst_demographic
2025-12-19 12:40:29,022 - INFO -   Dropped existing table (if any): bz_dim_rpt_cell_cd
2025-12-19 12:40:31,268 - INFO - \u2713 Successfully created table: bz_dim_rpt_cell_cd
2025-12-19 12:40:32,344 - INFO -   Dropped existing table (if any): bz_dim_treatmnt
2025-12-19 12:40:33,746 - INFO - \u2713 Successfully created table: bz_dim_treatmnt
2025-12-19 12:40:34,815 - INFO -   Dropped existing table (if any): bz_email_src_cd
2025-12-19 12:40:36,161 - INFO - \u2713 Successfully created table: bz_email_src_cd
2025-12-19 12:40:37,224 - INFO -   Dropped existing table (if any): bz_fact_interaction_pg
2025-12-19 12:40:38,649 - INFO - \u2713 Successfully created table: bz_fact_interaction_pg
2025-12-19 12:40:39,742 - INFO -   Dropped existing table (if any): bz_fact_response_pg
2025-12-19 12:40:41,116 - INFO - \u2713 Successfully created table: bz_fact_response_pg
2025-12-19 12:40:42,181 - INFO -   Dropped existing table (if any): bz_gms_arc_fr_txn_segmnt
2025-12-19 12:40:43,738 - INFO - \u2713 Successfully created table: bz_gms_arc_fr_txn_segmnt
2025-12-19 12:40:44,797 - INFO -   Dropped existing table (if any): bz_google_analytics_txn
2025-12-19 12:40:46,183 - INFO - \u2713 Successfully created table: bz_google_analytics_txn
2025-12-19 12:40:47,336 - INFO -   Dropped existing table (if any): bz_pg_group_membrshp
2025-12-19 12:40:48,675 - INFO - \u2713 Successfully created table: bz_pg_group_membrshp
2025-12-19 12:40:49,755 - INFO -   Dropped existing table (if any): campgn_prospct_list
2025-12-19 12:40:51,160 - INFO - \u2713 Successfully created table: campgn_prospct_list
2025-12-19 12:40:52,257 - INFO -   Dropped existing table (if any): campgn_yr_end_dow_projctn
2025-12-19 12:40:53,644 - INFO - \u2713 Successfully created table: campgn_yr_end_dow_projctn
2025-12-19 12:40:54,721 - INFO -   Dropped existing table (if any): chptr_list_membrshp
2025-12-19 12:40:56,117 - INFO - \u2713 Successfully created table: chptr_list_membrshp
2025-12-19 12:40:57,192 - INFO -   Dropped existing table (if any): chptr_portal_list_typ_ref
2025-12-19 12:40:58,561 - INFO - \u2713 Successfully created table: chptr_portal_list_typ_ref
2025-12-19 12:40:58,568 - INFO - Progress: 200/408 tables processed
2025-12-19 12:40:59,635 - INFO -   Dropped existing table (if any): cnst_addr_ncoa_log
2025-12-19 12:41:00,970 - INFO - \u2713 Successfully created table: cnst_addr_ncoa_log
2025-12-19 12:41:02,021 - WARNING -   Could not drop table cnst_cdi_bio_preferred_dmail: permission denied for relation cnst_cdi_bio_preferred_dmail
2025-12-19 12:41:03,055 - WARNING - \u2717 Failed to create table: cnst_cdi_bio_preferred_dmail - Error Type: ALREADY_EXISTS
2025-12-19 12:41:04,111 - WARNING -   Could not drop table cnst_cdi_bio_preferred_email: permission denied for relation cnst_cdi_bio_preferred_email
2025-12-19 12:41:05,156 - WARNING - \u2717 Failed to create table: cnst_cdi_bio_preferred_email - Error Type: ALREADY_EXISTS
2025-12-19 12:41:06,248 - INFO -   Dropped existing table (if any): cnst_cdi_phss_preferred_dmail
2025-12-19 12:41:07,676 - INFO - \u2713 Successfully created table: cnst_cdi_phss_preferred_dmail
2025-12-19 12:41:08,741 - WARNING -   Could not drop table cnst_cdi_phss_preferred_email: permission denied for relation cnst_cdi_phss_preferred_email
2025-12-19 12:41:09,760 - WARNING - \u2717 Failed to create table: cnst_cdi_phss_preferred_email - Error Type: ALREADY_EXISTS
2025-12-19 12:41:10,919 - INFO -   Dropped existing table (if any): cnst_cdi_smry_bio_prfr
2025-12-19 12:41:12,288 - INFO - \u2713 Successfully created table: cnst_cdi_smry_bio_prfr
2025-12-19 12:41:13,369 - INFO -   Dropped existing table (if any): cnst_cdi_smry_non_fr_prfr
2025-12-19 12:41:14,830 - INFO - \u2713 Successfully created table: cnst_cdi_smry_non_fr_prfr
2025-12-19 12:41:15,984 - INFO -   Dropped existing table (if any): cnst_cdi_smry_phss_prfr
2025-12-19 12:41:17,616 - INFO - \u2713 Successfully created table: cnst_cdi_smry_phss_prfr
2025-12-19 12:41:18,769 - INFO -   Dropped existing table (if any): cnst_cdi_smry_phss_prfr_stg
2025-12-19 12:41:20,275 - INFO - \u2713 Successfully created table: cnst_cdi_smry_phss_prfr_stg
2025-12-19 12:41:21,384 - INFO -   Dropped existing table (if any): cnst_cdi_smry_vms_prfr
2025-12-19 12:41:22,833 - INFO - \u2713 Successfully created table: cnst_cdi_smry_vms_prfr
2025-12-19 12:41:23,932 - INFO -   Dropped existing table (if any): cnst_cdi_smry_vms_prfr_stg
2025-12-19 12:41:25,392 - INFO - \u2713 Successfully created table: cnst_cdi_smry_vms_prfr_stg
2025-12-19 12:41:26,442 - WARNING -   Could not drop table cnst_cdi_s_f_p_fr_dmail: permission denied for relation cnst_cdi_s_f_p_fr_dmail
2025-12-19 12:41:27,475 - WARNING - \u2717 Failed to create table: cnst_cdi_s_f_p_fr_dmail - Error Type: ALREADY_EXISTS
2025-12-19 12:41:28,566 - INFO -   Dropped existing table (if any): cnst_cdi_s_f_p_fr_email
2025-12-19 12:41:30,380 - INFO - \u2713 Successfully created table: cnst_cdi_s_f_p_fr_email
2025-12-19 12:41:31,485 - INFO -   Dropped existing table (if any): cnst_cdi_vms_preferred_dmail
2025-12-19 12:41:32,910 - INFO - \u2713 Successfully created table: cnst_cdi_vms_preferred_dmail
2025-12-19 12:41:33,987 - INFO -   Dropped existing table (if any): cnst_cdi_vms_preferred_email
2025-12-19 12:41:35,572 - INFO - \u2713 Successfully created table: cnst_cdi_vms_preferred_email
2025-12-19 12:41:36,671 - INFO -   Dropped existing table (if any): cnst_scr_acct
2025-12-19 12:41:38,075 - INFO - \u2713 Successfully created table: cnst_scr_acct
2025-12-19 12:41:39,255 - INFO -   Dropped existing table (if any): cnvo_reactivation_list
2025-12-19 12:41:40,823 - INFO - \u2713 Successfully created table: cnvo_reactivation_list
2025-12-19 12:41:42,066 - INFO -   Dropped existing table (if any): dim_bio_donat_freq
2025-12-19 12:41:43,541 - INFO - \u2713 Successfully created table: dim_bio_donat_freq
2025-12-19 12:41:44,592 - WARNING -   Could not drop table dim_bio_mstr_cust_appnd: permission denied for relation dim_bio_mstr_cust_appnd
2025-12-19 12:41:45,677 - WARNING - \u2717 Failed to create table: dim_bio_mstr_cust_appnd - Error Type: ALREADY_EXISTS
2025-12-19 12:41:46,973 - INFO -   Dropped existing table (if any): dim_bio_product
2025-12-19 12:41:47,973 - WARNING - \u2717 Failed to create table: dim_bio_product - Error Type: SYNTAX_ERROR
2025-12-19 12:41:49,008 - WARNING -   Could not drop table dim_campgn: permission denied for relation dim_campgn
2025-12-19 12:41:50,359 - WARNING - \u2717 Failed to create table: dim_campgn - Error Type: ALREADY_EXISTS
2025-12-19 12:41:51,914 - WARNING -   Could not drop table dim_delivery: permission denied for relation dim_delivery
2025-12-19 12:41:52,962 - WARNING - \u2717 Failed to create table: dim_delivery - Error Type: ALREADY_EXISTS
2025-12-19 12:41:54,087 - INFO -   Dropped existing table (if any): dim_dm_src_treatmnt_xref
2025-12-19 12:41:55,560 - INFO - \u2713 Successfully created table: dim_dm_src_treatmnt_xref
2025-12-19 12:41:56,661 - INFO -   Dropped existing table (if any): dim_edrtl_response_period
2025-12-19 12:41:58,625 - INFO - \u2713 Successfully created table: dim_edrtl_response_period
2025-12-19 12:41:59,793 - INFO -   Dropped existing table (if any): dim_email_segmnt
2025-12-19 12:42:01,167 - INFO - \u2713 Successfully created table: dim_email_segmnt
2025-12-19 12:42:02,265 - INFO -   Dropped existing table (if any): dim_odr
2025-12-19 12:42:03,650 - INFO - \u2713 Successfully created table: dim_odr
2025-12-19 12:42:04,731 - INFO -   Dropped existing table (if any): dim_online_channel
2025-12-19 12:42:06,156 - INFO - \u2713 Successfully created table: dim_online_channel
2025-12-19 12:42:08,247 - INFO -   Dropped existing table (if any): dim_phone_adtnl_reqst
2025-12-19 12:42:09,594 - INFO - \u2713 Successfully created table: dim_phone_adtnl_reqst
2025-12-19 12:42:12,046 - INFO -   Dropped existing table (if any): dim_phone_call_dspstn
2025-12-19 12:42:13,526 - INFO - \u2713 Successfully created table: dim_phone_call_dspstn
2025-12-19 12:42:14,582 - WARNING -   Could not drop table dim_phone_campgn: permission denied for relation dim_phone_campgn
2025-12-19 12:42:15,642 - WARNING - \u2717 Failed to create table: dim_phone_campgn - Error Type: ALREADY_EXISTS
2025-12-19 12:42:16,821 - WARNING -   Could not drop table dim_phone_campgn_bkp: permission denied for relation dim_phone_campgn_bkp
2025-12-19 12:42:17,906 - WARNING - \u2717 Failed to create table: dim_phone_campgn_bkp - Error Type: ALREADY_EXISTS
2025-12-19 12:42:19,152 - INFO -   Dropped existing table (if any): dim_phone_campgn_src_cd_xref
2025-12-19 12:42:21,479 - INFO - \u2713 Successfully created table: dim_phone_campgn_src_cd_xref
2025-12-19 12:42:22,538 - WARNING -   Could not drop table dim_phone_script: permission denied for relation dim_phone_script
2025-12-19 12:42:23,592 - WARNING - \u2717 Failed to create table: dim_phone_script - Error Type: ALREADY_EXISTS
2025-12-19 12:42:24,646 - WARNING -   Could not drop table dim_recipient: permission denied for relation dim_recipient
2025-12-19 12:42:25,676 - WARNING - \u2717 Failed to create table: dim_recipient - Error Type: ALREADY_EXISTS
2025-12-19 12:42:26,759 - INFO -   Dropped existing table (if any): dim_region_rsmo
2025-12-19 12:42:28,226 - INFO - \u2713 Successfully created table: dim_region_rsmo
2025-12-19 12:42:29,356 - INFO -   Dropped existing table (if any): dim_src_2_intrctn_brdg
2025-12-19 12:42:30,731 - INFO - \u2713 Successfully created table: dim_src_2_intrctn_brdg
2025-12-19 12:42:31,771 - WARNING -   Could not drop table dim_treatmnt: permission denied for relation dim_treatmnt
2025-12-19 12:42:32,811 - WARNING - \u2717 Failed to create table: dim_treatmnt - Error Type: ALREADY_EXISTS
2025-12-19 12:42:33,862 - WARNING -   Could not drop table dim_unit_military_station_zips: permission denied for relation dim_unit_military_station_zips
2025-12-19 12:42:34,876 - WARNING - \u2717 Failed to create table: dim_unit_military_station_zips - Error Type: ALREADY_EXISTS
2025-12-19 12:42:35,908 - WARNING -   Could not drop table dim_vol_inactvtn_rsn_cd: permission denied for relation dim_vol_inactvtn_rsn_cd
2025-12-19 12:42:36,960 - WARNING - \u2717 Failed to create table: dim_vol_inactvtn_rsn_cd - Error Type: ALREADY_EXISTS
2025-12-19 12:42:38,064 - INFO -   Dropped existing table (if any): dm_campaign_hist
2025-12-19 12:42:39,543 - INFO - \u2713 Successfully created table: dm_campaign_hist
2025-12-19 12:42:40,639 - INFO -   Dropped existing table (if any): dm_campaign_pg_hist
2025-12-19 12:42:42,046 - INFO - \u2713 Successfully created table: dm_campaign_pg_hist
2025-12-19 12:42:43,126 - INFO -   Dropped existing table (if any): dv_active_segmnt_snapsht
2025-12-19 12:42:44,528 - INFO - \u2713 Successfully created table: dv_active_segmnt_snapsht
2025-12-19 12:42:45,601 - INFO -   Dropped existing table (if any): dv_arc_bio_smry
2025-12-19 12:42:46,999 - INFO - \u2713 Successfully created table: dv_arc_bio_smry
2025-12-19 12:42:48,141 - INFO -   Dropped existing table (if any): dv_arc_entrprs_smry
2025-12-19 12:42:49,571 - INFO - \u2713 Successfully created table: dv_arc_entrprs_smry
2025-12-19 12:42:50,673 - INFO -   Dropped existing table (if any): dv_arc_fr_smry
2025-12-19 12:42:52,040 - INFO - \u2713 Successfully created table: dv_arc_fr_smry
2025-12-19 12:42:53,140 - INFO -   Dropped existing table (if any): dv_arc_phss_smry
2025-12-19 12:42:54,557 - INFO - \u2713 Successfully created table: dv_arc_phss_smry
2025-12-19 12:42:55,657 - INFO -   Dropped existing table (if any): dv_arc_vms_smry
2025-12-19 12:42:57,031 - INFO - \u2713 Successfully created table: dv_arc_vms_smry
2025-12-19 12:42:58,127 - INFO -   Dropped existing table (if any): dv_channel_accessibility
2025-12-19 12:42:59,141 - WARNING - \u2717 Failed to create table: dv_channel_accessibility - Error Type: OTHER_ERROR
2025-12-19 12:43:00,219 - INFO -   Dropped existing table (if any): dv_channel_accessibility_stg
2025-12-19 12:43:01,615 - INFO - \u2713 Successfully created table: dv_channel_accessibility_stg
2025-12-19 12:43:02,729 - INFO -   Dropped existing table (if any): dv_de_accessblty_lifestg
2025-12-19 12:43:04,063 - INFO - \u2713 Successfully created table: dv_de_accessblty_lifestg
2025-12-19 12:43:04,079 - INFO - Progress: 250/408 tables processed
2025-12-19 12:43:05,174 - INFO -   Dropped existing table (if any): dv_de_accessblty_overall
2025-12-19 12:43:06,193 - WARNING - \u2717 Failed to create table: dv_de_accessblty_overall - Error Type: OTHER_ERROR
2025-12-19 12:43:07,333 - INFO -   Dropped existing table (if any): dv_de_scorcrd_campgns
2025-12-19 12:43:08,681 - INFO - \u2713 Successfully created table: dv_de_scorcrd_campgns
2025-12-19 12:43:09,831 - INFO -   Dropped existing table (if any): dv_digtl_engmnt_scorcrd
2025-12-19 12:43:11,270 - INFO - \u2713 Successfully created table: dv_digtl_engmnt_scorcrd
2025-12-19 12:43:12,371 - INFO -   Dropped existing table (if any): email_src_cd
2025-12-19 12:43:17,261 - INFO - \u2713 Successfully created table: email_src_cd
2025-12-19 12:43:19,228 - INFO -   Dropped existing table (if any): esri_blockgroup_demgrphc
2025-12-19 12:43:20,844 - INFO - \u2713 Successfully created table: esri_blockgroup_demgrphc
2025-12-19 12:43:21,988 - INFO -   Dropped existing table (if any): esri_zip_cd_demgrphc
2025-12-19 12:43:28,221 - INFO - \u2713 Successfully created table: esri_zip_cd_demgrphc
2025-12-19 12:43:29,256 - WARNING -   Could not drop table fact_dmail_interaction: permission denied for relation fact_dmail_interaction
2025-12-19 12:43:30,289 - WARNING - \u2717 Failed to create table: fact_dmail_interaction - Error Type: ALREADY_EXISTS
2025-12-19 12:43:31,435 - INFO -   Dropped existing table (if any): fact_dmail_interaction_bkp
2025-12-19 12:43:32,451 - WARNING - \u2717 Failed to create table: fact_dmail_interaction_bkp - Error Type: OTHER_ERROR
2025-12-19 12:43:35,952 - WARNING -   Could not drop table fact_email_interaction: permission denied for relation fact_email_interaction
2025-12-19 12:43:36,986 - WARNING - \u2717 Failed to create table: fact_email_interaction - Error Type: ALREADY_EXISTS
2025-12-19 12:43:38,016 - WARNING -   Could not drop table fact_interaction_aprm: permission denied for relation fact_interaction_aprm
2025-12-19 12:43:39,066 - WARNING - \u2717 Failed to create table: fact_interaction_aprm - Error Type: ALREADY_EXISTS
2025-12-19 12:43:40,137 - INFO -   Dropped existing table (if any): fact_interaction_bb
2025-12-19 12:43:41,983 - INFO - \u2713 Successfully created table: fact_interaction_bb
2025-12-19 12:43:43,015 - WARNING -   Could not drop table fact_interaction_ff: permission denied for relation fact_interaction_ff
2025-12-19 12:43:44,045 - WARNING - \u2717 Failed to create table: fact_interaction_ff - Error Type: ALREADY_EXISTS
2025-12-19 12:43:45,118 - INFO -   Dropped existing table (if any): fact_phone_interaction
2025-12-19 12:43:46,493 - INFO - \u2713 Successfully created table: fact_phone_interaction
2025-12-19 12:43:47,566 - INFO -   Dropped existing table (if any): fact_response_aprm
2025-12-19 12:43:48,957 - INFO - \u2713 Successfully created table: fact_response_aprm
2025-12-19 12:43:50,029 - INFO -   Dropped existing table (if any): fact_vol_applctn
2025-12-19 12:43:51,760 - INFO - \u2713 Successfully created table: fact_vol_applctn
2025-12-19 12:43:52,839 - INFO -   Dropped existing table (if any): fact_vs_surv_resp
2025-12-19 12:43:54,232 - INFO - \u2713 Successfully created table: fact_vs_surv_resp
2025-12-19 12:43:55,316 - INFO -   Dropped existing table (if any): final_mobile_common_opt_out
2025-12-19 12:43:56,693 - INFO - \u2713 Successfully created table: final_mobile_common_opt_out
2025-12-19 12:43:57,773 - INFO -   Dropped existing table (if any): fix_site_vol_recruit
2025-12-19 12:43:59,136 - INFO - \u2713 Successfully created table: fix_site_vol_recruit
2025-12-19 12:44:00,219 - INFO -   Dropped existing table (if any): fresh_address_email_append
2025-12-19 12:44:01,628 - INFO - \u2713 Successfully created table: fresh_address_email_append
2025-12-19 12:44:02,677 - WARNING -   Could not drop table fundraising_profiles_20240507_unsubscribe_trimmed: permission denied for relation fundraising_profiles_20240507_unsubscribe_trimmed
2025-12-19 12:44:03,710 - WARNING - \u2717 Failed to create table: fundraising_profiles_20240507_unsubscribe_trimmed - Error Type: ALREADY_EXISTS
2025-12-19 12:44:04,808 - INFO -   Dropped existing table (if any): global_suprs_cnst_email
2025-12-19 12:44:06,215 - INFO - \u2713 Successfully created table: global_suprs_cnst_email
2025-12-19 12:44:07,296 - INFO -   Dropped existing table (if any): global_suprs_domain
2025-12-19 12:44:08,648 - INFO - \u2713 Successfully created table: global_suprs_domain
2025-12-19 12:44:09,714 - INFO -   Dropped existing table (if any): global_suprs_email
2025-12-19 12:44:11,175 - INFO - \u2713 Successfully created table: global_suprs_email
2025-12-19 12:44:12,222 - INFO -   Dropped existing table (if any): gms_arc_fr_smry
2025-12-19 12:44:13,268 - WARNING - \u2717 Failed to create table: gms_arc_fr_smry - Error Type: OTHER_ERROR
2025-12-19 12:44:14,335 - INFO -   Dropped existing table (if any): gms_arc_fr_smry_cbg
2025-12-19 12:44:15,335 - WARNING - \u2717 Failed to create table: gms_arc_fr_smry_cbg - Error Type: OTHER_ERROR
2025-12-19 12:44:16,402 - INFO -   Dropped existing table (if any): gms_arc_fr_smry_sustnr
2025-12-19 12:44:17,767 - INFO - \u2713 Successfully created table: gms_arc_fr_smry_sustnr
2025-12-19 12:44:18,835 - INFO -   Dropped existing table (if any): gms_arc_fr_txn
2025-12-19 12:44:23,625 - INFO - \u2713 Successfully created table: gms_arc_fr_txn
2025-12-19 12:44:24,697 - INFO -   Dropped existing table (if any): gms_bzfc_adb_fact_donation
2025-12-19 12:44:30,722 - INFO - \u2713 Successfully created table: gms_bzfc_adb_fact_donation
2025-12-19 12:44:40,456 - INFO -   Dropped existing table (if any): gms_bzfc_cdi_fr_prfr_email_profile
2025-12-19 12:44:41,904 - INFO - \u2713 Successfully created table: gms_bzfc_cdi_fr_prfr_email_profile
2025-12-19 12:44:43,069 - INFO -   Dropped existing table (if any): gms_bzfc_cnst_fr_prfr_em_prfl
2025-12-19 12:44:44,447 - INFO - \u2713 Successfully created table: gms_bzfc_cnst_fr_prfr_em_prfl
2025-12-19 12:44:45,512 - INFO -   Dropped existing table (if any): gms_bzfc_donation_rank
2025-12-19 12:44:46,848 - INFO - \u2713 Successfully created table: gms_bzfc_donation_rank
2025-12-19 12:44:47,914 - INFO -   Dropped existing table (if any): gms_bzfc_fact_ask_cntct_intrctn
2025-12-19 12:44:49,345 - INFO - \u2713 Successfully created table: gms_bzfc_fact_ask_cntct_intrctn
2025-12-19 12:44:50,370 - WARNING -   Could not drop table gms_bzfc_fact_email_intrctn_smry: permission denied for relation gms_bzfc_fact_email_intrctn_smry
2025-12-19 12:44:51,389 - WARNING - \u2717 Failed to create table: gms_bzfc_fact_email_intrctn_smry - Error Type: OTHER_ERROR
2025-12-19 12:44:52,453 - INFO -   Dropped existing table (if any): gms_bzf_cnst_cnstcy
2025-12-19 12:44:53,826 - INFO - \u2713 Successfully created table: gms_bzf_cnst_cnstcy
2025-12-19 12:44:54,931 - INFO -   Dropped existing table (if any): gms_bzf_cnst_cnstcy_curnt
2025-12-19 12:44:56,331 - INFO - \u2713 Successfully created table: gms_bzf_cnst_cnstcy_curnt
2025-12-19 12:44:57,408 - INFO -   Dropped existing table (if any): gms_bz_pg_group_membrshp
2025-12-19 12:44:58,751 - INFO - \u2713 Successfully created table: gms_bz_pg_group_membrshp
2025-12-19 12:44:59,817 - INFO -   Dropped existing table (if any): gms_cnst_behvrl_segmnt
2025-12-19 12:45:01,140 - INFO - \u2713 Successfully created table: gms_cnst_behvrl_segmnt
2025-12-19 12:45:02,202 - INFO -   Dropped existing table (if any): gms_cnst_cdi_smry_fr_pa_dm
2025-12-19 12:45:03,547 - INFO - \u2713 Successfully created table: gms_cnst_cdi_smry_fr_pa_dm
2025-12-19 12:45:04,596 - INFO -   Dropped existing table (if any): gms_cnst_cdi_smry_fr_prfr
2025-12-19 12:45:05,630 - WARNING - \u2717 Failed to create table: gms_cnst_cdi_smry_fr_prfr - Error Type: OTHER_ERROR
2025-12-19 12:45:06,727 - INFO -   Dropped existing table (if any): gms_cnst_cdi_smry_fr_prfr_bzf_cem_cnst_opt_outs_stg
2025-12-19 12:45:08,061 - INFO - \u2713 Successfully created table: gms_cnst_cdi_smry_fr_prfr_bzf_cem_cnst_opt_outs_stg
2025-12-19 12:45:09,112 - INFO -   Dropped existing table (if any): gms_cnst_cdi_smry_fr_prfr_stg
2025-12-19 12:45:10,503 - INFO - \u2713 Successfully created table: gms_cnst_cdi_smry_fr_prfr_stg
2025-12-19 12:45:11,568 - INFO -   Dropped existing table (if any): gofundraise_donor
2025-12-19 12:45:12,959 - INFO - \u2713 Successfully created table: gofundraise_donor
2025-12-19 12:45:14,023 - INFO -   Dropped existing table (if any): google_analytics_txn
2025-12-19 12:45:15,348 - INFO - \u2713 Successfully created table: google_analytics_txn
2025-12-19 12:45:16,410 - INFO -   Dropped existing table (if any): lkp_positions_taxonomy_mktg_stg
2025-12-19 12:45:18,369 - INFO - \u2713 Successfully created table: lkp_positions_taxonomy_mktg_stg
2025-12-19 12:45:22,829 - WARNING -   Could not drop table load_control_table: permission denied for relation load_control_table
2025-12-19 12:45:23,840 - WARNING - \u2717 Failed to create table: load_control_table - Error Type: ALREADY_EXISTS
2025-12-19 12:45:24,943 - WARNING -   Could not drop table mktg_load_cntl: permission denied for relation mktg_load_cntl
2025-12-19 12:45:25,967 - WARNING - \u2717 Failed to create table: mktg_load_cntl - Error Type: ALREADY_EXISTS
2025-12-19 12:45:27,020 - INFO -   Dropped existing table (if any): mktg_sky_dates
2025-12-19 12:45:28,039 - WARNING - \u2717 Failed to create table: mktg_sky_dates - Error Type: SYNTAX_ERROR
2025-12-19 12:45:29,079 - INFO -   Dropped existing table (if any): mktg_snapsht_load_cntl
2025-12-19 12:45:30,470 - INFO - \u2713 Successfully created table: mktg_snapsht_load_cntl
2025-12-19 12:45:31,504 - WARNING -   Could not drop table mobile_commons_20240507_active: permission denied for relation mobile_commons_20240507_active
2025-12-19 12:45:32,529 - WARNING - \u2717 Failed to create table: mobile_commons_20240507_active - Error Type: ALREADY_EXISTS
2025-12-19 12:45:33,577 - INFO -   Dropped existing table (if any): mobile_commons_active
2025-12-19 12:45:34,981 - INFO - \u2713 Successfully created table: mobile_commons_active
2025-12-19 12:45:34,981 - INFO - Progress: 300/408 tables processed
2025-12-19 12:45:36,029 - INFO -   Dropped existing table (if any): name_gender
2025-12-19 12:45:37,587 - INFO - \u2713 Successfully created table: name_gender
2025-12-19 12:45:38,646 - INFO -   Dropped existing table (if any): nhqmktg_cdrp_enrllmnt_ref
2025-12-19 12:45:40,047 - INFO - \u2713 Successfully created table: nhqmktg_cdrp_enrllmnt_ref
2025-12-19 12:45:41,102 - INFO -   Dropped existing table (if any): nhqmktg_cdrp_enrllmnt_sts
2025-12-19 12:45:42,434 - INFO - \u2713 Successfully created table: nhqmktg_cdrp_enrllmnt_sts
2025-12-19 12:45:43,489 - INFO -   Dropped existing table (if any): pacific_east_email_append
2025-12-19 12:45:44,864 - INFO - \u2713 Successfully created table: pacific_east_email_append
2025-12-19 12:45:45,900 - WARNING -   Could not drop table pacific_east_phone_append: permission denied for relation pacific_east_phone_append
2025-12-19 12:45:47,949 - WARNING - \u2717 Failed to create table: pacific_east_phone_append - Error Type: ALREADY_EXISTS
2025-12-19 12:45:50,081 - INFO -   Dropped existing table (if any): pbi_bio_demogrphcs
2025-12-19 12:45:52,802 - INFO - \u2713 Successfully created table: pbi_bio_demogrphcs
2025-12-19 12:45:53,857 - INFO -   Dropped existing table (if any): pbi_bzl_fact_show_prodctv_ind
2025-12-19 12:45:56,281 - INFO - \u2713 Successfully created table: pbi_bzl_fact_show_prodctv_ind
2025-12-19 12:45:57,913 - INFO -   Dropped existing table (if any): pbi_cfremappend_cnst
2025-12-19 12:45:59,421 - INFO - \u2713 Successfully created table: pbi_cfremappend_cnst
2025-12-19 12:46:00,489 - INFO -   Dropped existing table (if any): pbi_cfremappend_cohort
2025-12-19 12:46:01,952 - INFO - \u2713 Successfully created table: pbi_cfremappend_cohort
2025-12-19 12:46:03,606 - INFO -   Dropped existing table (if any): pbi_entrprs_campgn_comnts
2025-12-19 12:46:04,996 - INFO - \u2713 Successfully created table: pbi_entrprs_campgn_comnts
2025-12-19 12:46:06,480 - INFO -   Dropped existing table (if any): pbi_entrprs_campgn_non_adb
2025-12-19 12:46:07,869 - INFO - \u2713 Successfully created table: pbi_entrprs_campgn_non_adb
2025-12-19 12:46:08,949 - INFO -   Dropped existing table (if any): pbi_entrprs_campgn_results
2025-12-19 12:46:10,308 - INFO - \u2713 Successfully created table: pbi_entrprs_campgn_results
2025-12-19 12:46:12,840 - INFO -   Dropped existing table (if any): pbi_entrprs_campgn_smry
2025-12-19 12:46:17,071 - INFO - \u2713 Successfully created table: pbi_entrprs_campgn_smry
2025-12-19 12:46:19,203 - INFO -   Dropped existing table (if any): pbi_entrprs_campgn_ts_sends
2025-12-19 12:46:20,589 - INFO - \u2713 Successfully created table: pbi_entrprs_campgn_ts_sends
2025-12-19 12:46:21,656 - INFO -   Dropped existing table (if any): pbi_model_perf_auc
2025-12-19 12:46:23,134 - INFO - \u2713 Successfully created table: pbi_model_perf_auc
2025-12-19 12:46:24,204 - INFO -   Dropped existing table (if any): pbi_model_perf_dashbrd
2025-12-19 12:46:25,615 - INFO - \u2713 Successfully created table: pbi_model_perf_dashbrd
2025-12-19 12:46:26,734 - INFO -   Dropped existing table (if any): pbi_model_perf_dim_lol
2025-12-19 12:46:28,101 - INFO - \u2713 Successfully created table: pbi_model_perf_dim_lol
2025-12-19 12:46:29,166 - INFO -   Dropped existing table (if any): pbi_model_perf_tlres
2025-12-19 12:46:30,677 - INFO - \u2713 Successfully created table: pbi_model_perf_tlres
2025-12-19 12:46:31,714 - WARNING -   Could not drop table pbi_sales_pricing_budget: permission denied for relation pbi_sales_pricing_budget
2025-12-19 12:46:34,065 - WARNING - \u2717 Failed to create table: pbi_sales_pricing_budget - Error Type: ALREADY_EXISTS
2025-12-19 12:46:35,112 - WARNING -   Could not drop table pg_calc_stuart_upld_lkp: permission denied for relation pg_calc_stuart_upld_lkp
2025-12-19 12:46:36,144 - WARNING - \u2717 Failed to create table: pg_calc_stuart_upld_lkp - Error Type: ALREADY_EXISTS
2025-12-19 12:46:37,210 - INFO -   Dropped existing table (if any): pg_group_ref
2025-12-19 12:46:38,685 - INFO - \u2713 Successfully created table: pg_group_ref
2025-12-19 12:46:39,775 - INFO -   Dropped existing table (if any): pg_response_log_exclusion
2025-12-19 12:46:41,380 - INFO - \u2713 Successfully created table: pg_response_log_exclusion
2025-12-19 12:46:42,555 - INFO -   Dropped existing table (if any): pg_src_convrsn
2025-12-19 12:46:44,033 - INFO - \u2713 Successfully created table: pg_src_convrsn
2025-12-19 12:46:45,103 - INFO -   Dropped existing table (if any): phone_interaction_eoc
2025-12-19 12:46:46,581 - INFO - \u2713 Successfully created table: phone_interaction_eoc
2025-12-19 12:46:47,662 - INFO -   Dropped existing table (if any): phone_interaction_pg_eoc
2025-12-19 12:46:49,017 - INFO - \u2713 Successfully created table: phone_interaction_pg_eoc
2025-12-19 12:46:50,066 - INFO -   Dropped existing table (if any): phone_interaction_sustnr_upgr
2025-12-19 12:46:51,420 - INFO - \u2713 Successfully created table: phone_interaction_sustnr_upgr
2025-12-19 12:46:52,481 - INFO -   Dropped existing table (if any): pref_cnst_mstr
2025-12-19 12:46:54,007 - INFO - \u2713 Successfully created table: pref_cnst_mstr
2025-12-19 12:46:55,069 - WARNING -   Could not drop table prodct_distrbtn_bdgt: permission denied for relation prodct_distrbtn_bdgt
2025-12-19 12:46:56,094 - WARNING - \u2717 Failed to create table: prodct_distrbtn_bdgt - Error Type: ALREADY_EXISTS
2025-12-19 12:46:58,208 - INFO -   Dropped existing table (if any): replication_adb_nmsbroadlogmsg
2025-12-19 12:46:59,826 - INFO - \u2713 Successfully created table: replication_adb_nmsbroadlogmsg
2025-12-19 12:47:01,177 - INFO -   Dropped existing table (if any): replication_adb_nmsoperation
2025-12-19 12:47:02,862 - INFO - \u2713 Successfully created table: replication_adb_nmsoperation
2025-12-19 12:47:03,887 - WARNING -   Could not drop table replication_adb_xtkworkflow: permission denied for relation replication_adb_xtkworkflow
2025-12-19 12:47:04,920 - WARNING - \u2717 Failed to create table: replication_adb_xtkworkflow - Error Type: ALREADY_EXISTS
2025-12-19 12:47:05,958 - WARNING -   Could not drop table replication_aprm_email_remove: permission denied for relation replication_aprm_email_remove
2025-12-19 12:47:07,836 - WARNING - \u2717 Failed to create table: replication_aprm_email_remove - Error Type: ALREADY_EXISTS
2025-12-19 12:47:10,013 - INFO -   Dropped existing table (if any): replication_dim_person
2025-12-19 12:47:11,806 - INFO - \u2713 Successfully created table: replication_dim_person
2025-12-19 12:47:13,098 - INFO -   Dropped existing table (if any): replication_dim_recipient
2025-12-19 12:47:14,433 - INFO - \u2713 Successfully created table: replication_dim_recipient
2025-12-19 12:47:16,435 - INFO -   Dropped existing table (if any): replication_fact_interaction_aprm
2025-12-19 12:47:18,191 - INFO - \u2713 Successfully created table: replication_fact_interaction_aprm
2025-12-19 12:47:19,284 - INFO -   Dropped existing table (if any): replication_rr_rqq_rql_file_xref
2025-12-19 12:47:21,369 - INFO - \u2713 Successfully created table: replication_rr_rqq_rql_file_xref
2025-12-19 12:47:22,435 - INFO -   Dropped existing table (if any): rr_rqq_rql_file_xref
2025-12-19 12:47:25,265 - INFO - \u2713 Successfully created table: rr_rqq_rql_file_xref
2025-12-19 12:47:27,336 - INFO -   Dropped existing table (if any): scr
2025-12-19 12:47:30,103 - INFO - \u2713 Successfully created table: scr
2025-12-19 12:47:31,419 - INFO -   Dropped existing table (if any): scr_val_ref
2025-12-19 12:47:33,820 - INFO - \u2713 Successfully created table: scr_val_ref
2025-12-19 12:47:36,268 - INFO -   Dropped existing table (if any): srvy_anvrsry_vlntr_load_cntl
2025-12-19 12:47:37,602 - INFO - \u2713 Successfully created table: srvy_anvrsry_vlntr_load_cntl
2025-12-19 12:47:38,662 - INFO -   Dropped existing table (if any): srvy_anvrsry_vlntr_questions
2025-12-19 12:47:41,191 - INFO - \u2713 Successfully created table: srvy_anvrsry_vlntr_questions
2025-12-19 12:47:43,509 - INFO -   Dropped existing table (if any): srvy_anvrsry_vlntr_questn_2_srvy_xref
2025-12-19 12:47:44,909 - INFO - \u2713 Successfully created table: srvy_anvrsry_vlntr_questn_2_srvy_xref
2025-12-19 12:47:45,985 - INFO -   Dropped existing table (if any): srvy_anvrsry_vlntr_rspns_norm
2025-12-19 12:47:47,377 - INFO - \u2713 Successfully created table: srvy_anvrsry_vlntr_rspns_norm
2025-12-19 12:47:48,469 - INFO -   Dropped existing table (if any): srvy_anvrsry_vlntr_rspns_txt_norm
2025-12-19 12:47:49,539 - WARNING - \u2717 Failed to create table: srvy_anvrsry_vlntr_rspns_txt_norm - Error Type: OTHER_ERROR
2025-12-19 12:47:51,632 - INFO -   Dropped existing table (if any): srvy_anvrsy_vlntr_rspns
2025-12-19 12:47:53,744 - INFO - \u2713 Successfully created table: srvy_anvrsy_vlntr_rspns
2025-12-19 12:47:54,813 - INFO -   Dropped existing table (if any): srvy_anvrsy_vlntr_rspns_all
2025-12-19 12:47:56,172 - WARNING - \u2717 Failed to create table: srvy_anvrsy_vlntr_rspns_all - Error Type: OTHER_ERROR
2025-12-19 12:47:57,590 - INFO -   Dropped existing table (if any): srvy_anvrsy_vlntr_rspns_cmnt
2025-12-19 12:47:59,480 - INFO - \u2713 Successfully created table: srvy_anvrsy_vlntr_rspns_cmnt
2025-12-19 12:48:00,577 - INFO -   Dropped existing table (if any): srvy_anvrsy_vlntr_rspns_cmnt_curnt
2025-12-19 12:48:01,580 - WARNING - \u2717 Failed to create table: srvy_anvrsy_vlntr_rspns_cmnt_curnt - Error Type: OTHER_ERROR
2025-12-19 12:48:02,664 - INFO -   Dropped existing table (if any): srvy_anvrsy_vlntr_rspns_fy21
2025-12-19 12:48:04,436 - INFO - \u2713 Successfully created table: srvy_anvrsy_vlntr_rspns_fy21
2025-12-19 12:48:05,538 - INFO -   Dropped existing table (if any): srvy_anvrsy_vlntr_rspns_fy22
2025-12-19 12:48:07,050 - INFO - \u2713 Successfully created table: srvy_anvrsy_vlntr_rspns_fy22
2025-12-19 12:48:07,050 - INFO - Progress: 350/408 tables processed
2025-12-19 12:48:09,525 - INFO -   Dropped existing table (if any): srvy_anvrsy_vlntr_rspns_load_cntl
2025-12-19 12:48:11,012 - INFO - \u2713 Successfully created table: srvy_anvrsy_vlntr_rspns_load_cntl
2025-12-19 12:48:12,091 - INFO -   Dropped existing table (if any): srvy_blood_sponsor_load_cntl
2025-12-19 12:48:13,595 - INFO - \u2713 Successfully created table: srvy_blood_sponsor_load_cntl
2025-12-19 12:48:14,716 - INFO -   Dropped existing table (if any): srvy_blood_sponsor_questions
2025-12-19 12:48:17,066 - INFO - \u2713 Successfully created table: srvy_blood_sponsor_questions
2025-12-19 12:48:18,170 - INFO -   Dropped existing table (if any): srvy_blood_sponsor_questn_2_srvy_xref
2025-12-19 12:48:19,632 - INFO - \u2713 Successfully created table: srvy_blood_sponsor_questn_2_srvy_xref
2025-12-19 12:48:20,744 - INFO -   Dropped existing table (if any): srvy_blood_sponsor_respondents
2025-12-19 12:48:22,086 - INFO - \u2713 Successfully created table: srvy_blood_sponsor_respondents
2025-12-19 12:48:23,168 - INFO -   Dropped existing table (if any): srvy_blood_sponsor_rspns
2025-12-19 12:48:24,576 - INFO - \u2713 Successfully created table: srvy_blood_sponsor_rspns
2025-12-19 12:48:25,698 - INFO -   Dropped existing table (if any): srvy_dim_survey
2025-12-19 12:48:27,072 - INFO - \u2713 Successfully created table: srvy_dim_survey
2025-12-19 12:48:28,573 - INFO -   Dropped existing table (if any): srvy_dim_values
2025-12-19 12:48:29,940 - INFO - \u2713 Successfully created table: srvy_dim_values
2025-12-19 12:48:31,022 - INFO -   Dropped existing table (if any): srvy_gplg_rspns
2025-12-19 12:48:32,401 - INFO - \u2713 Successfully created table: srvy_gplg_rspns
2025-12-19 12:48:33,450 - WARNING -   Could not drop table srvy_gplg_rspns_ss: permission denied for relation srvy_gplg_rspns_ss
2025-12-19 12:48:34,510 - WARNING - \u2717 Failed to create table: srvy_gplg_rspns_ss - Error Type: ALREADY_EXISTS
2025-12-19 12:48:35,575 - INFO -   Dropped existing table (if any): srvy_hsptl_customer_contact
2025-12-19 12:48:36,973 - INFO - \u2713 Successfully created table: srvy_hsptl_customer_contact
2025-12-19 12:48:38,054 - INFO -   Dropped existing table (if any): srvy_hsptl_load_cntl
2025-12-19 12:48:40,375 - INFO - \u2713 Successfully created table: srvy_hsptl_load_cntl
2025-12-19 12:48:41,438 - INFO -   Dropped existing table (if any): srvy_hsptl_periods_hst
2025-12-19 12:48:42,825 - INFO - \u2713 Successfully created table: srvy_hsptl_periods_hst
2025-12-19 12:48:43,888 - INFO -   Dropped existing table (if any): srvy_hsptl_questions
2025-12-19 12:48:45,295 - INFO - \u2713 Successfully created table: srvy_hsptl_questions
2025-12-19 12:48:47,407 - INFO -   Dropped existing table (if any): srvy_hsptl_questions_hst
2025-12-19 12:48:48,750 - INFO - \u2713 Successfully created table: srvy_hsptl_questions_hst
2025-12-19 12:48:49,830 - INFO -   Dropped existing table (if any): srvy_hsptl_questn_2_srvy_xref
2025-12-19 12:48:51,212 - INFO - \u2713 Successfully created table: srvy_hsptl_questn_2_srvy_xref
2025-12-19 12:48:55,651 - INFO -   Dropped existing table (if any): srvy_hsptl_questn_catgry
2025-12-19 12:48:57,057 - INFO - \u2713 Successfully created table: srvy_hsptl_questn_catgry
2025-12-19 12:48:58,331 - INFO -   Dropped existing table (if any): srvy_hsptl_respondents
2025-12-19 12:48:59,679 - INFO - \u2713 Successfully created table: srvy_hsptl_respondents
2025-12-19 12:49:00,739 - INFO -   Dropped existing table (if any): srvy_hsptl_respondents_hst
2025-12-19 12:49:02,128 - INFO - \u2713 Successfully created table: srvy_hsptl_respondents_hst
2025-12-19 12:49:03,191 - INFO -   Dropped existing table (if any): srvy_hsptl_respondents_hst_b4072825
2025-12-19 12:49:04,582 - INFO - \u2713 Successfully created table: srvy_hsptl_respondents_hst_b4072825
2025-12-19 12:49:05,652 - INFO -   Dropped existing table (if any): srvy_hsptl_rspns
2025-12-19 12:49:06,657 - WARNING - \u2717 Failed to create table: srvy_hsptl_rspns - Error Type: OTHER_ERROR
2025-12-19 12:49:07,727 - INFO -   Dropped existing table (if any): srvy_hsptl_rspns_hst
2025-12-19 12:49:09,109 - INFO - \u2713 Successfully created table: srvy_hsptl_rspns_hst
2025-12-19 12:49:11,196 - INFO -   Dropped existing table (if any): srvy_hsptl_rspns_txt
2025-12-19 12:49:12,214 - WARNING - \u2717 Failed to create table: srvy_hsptl_rspns_txt - Error Type: OTHER_ERROR
2025-12-19 12:49:13,311 - INFO -   Dropped existing table (if any): srvy_hsptl_sf_contact
2025-12-19 12:49:14,678 - INFO - \u2713 Successfully created table: srvy_hsptl_sf_contact
2025-12-19 12:49:15,744 - INFO -   Dropped existing table (if any): srvy_hsptl_survey
2025-12-19 12:49:17,064 - INFO - \u2713 Successfully created table: srvy_hsptl_survey
2025-12-19 12:49:19,140 - INFO -   Dropped existing table (if any): srvy_hsptl_survey_hst
2025-12-19 12:49:20,517 - INFO - \u2713 Successfully created table: srvy_hsptl_survey_hst
2025-12-19 12:49:21,589 - INFO -   Dropped existing table (if any): srvy_hsptl_values
2025-12-19 12:49:22,906 - INFO - \u2713 Successfully created table: srvy_hsptl_values
2025-12-19 12:49:25,571 - INFO -   Dropped existing table (if any): srvy_hsptl_values_hst
2025-12-19 12:49:27,555 - INFO - \u2713 Successfully created table: srvy_hsptl_values_hst
2025-12-19 12:49:28,883 - INFO -   Dropped existing table (if any): srvy_new_vlntr_load_cntl
2025-12-19 12:49:31,189 - INFO - \u2713 Successfully created table: srvy_new_vlntr_load_cntl
2025-12-19 12:49:32,255 - INFO -   Dropped existing table (if any): srvy_new_vlntr_questions
2025-12-19 12:49:33,597 - INFO - \u2713 Successfully created table: srvy_new_vlntr_questions
2025-12-19 12:49:34,680 - INFO -   Dropped existing table (if any): srvy_new_vlntr_questn_2_srvy_xref
2025-12-19 12:49:36,076 - INFO - \u2713 Successfully created table: srvy_new_vlntr_questn_2_srvy_xref
2025-12-19 12:49:37,158 - INFO -   Dropped existing table (if any): srvy_new_vlntr_rspns
2025-12-19 12:49:38,175 - WARNING - \u2717 Failed to create table: srvy_new_vlntr_rspns - Error Type: OTHER_ERROR
2025-12-19 12:49:39,228 - INFO -   Dropped existing table (if any): srvy_new_vlntr_rspns_cmnt_curnt
2025-12-19 12:49:40,227 - WARNING - \u2717 Failed to create table: srvy_new_vlntr_rspns_cmnt_curnt - Error Type: OTHER_ERROR
2025-12-19 12:49:41,312 - INFO -   Dropped existing table (if any): srvy_new_vlntr_rspns_fy21
2025-12-19 12:49:42,868 - INFO - \u2713 Successfully created table: srvy_new_vlntr_rspns_fy21
2025-12-19 12:49:45,187 - INFO -   Dropped existing table (if any): srvy_new_vlntr_rspns_fy22
2025-12-19 12:49:47,262 - INFO - \u2713 Successfully created table: srvy_new_vlntr_rspns_fy22
2025-12-19 12:49:48,336 - INFO -   Dropped existing table (if any): srvy_new_vlntr_rspns_load_cntl
2025-12-19 12:49:49,739 - INFO - \u2713 Successfully created table: srvy_new_vlntr_rspns_load_cntl
2025-12-19 12:49:50,932 - INFO -   Dropped existing table (if any): srvy_new_vlntr_rspns_norm
2025-12-19 12:49:52,321 - INFO - \u2713 Successfully created table: srvy_new_vlntr_rspns_norm
2025-12-19 12:49:53,398 - INFO -   Dropped existing table (if any): srvy_new_vlntr_rspns_txt_norm
2025-12-19 12:49:54,411 - WARNING - \u2717 Failed to create table: srvy_new_vlntr_rspns_txt_norm - Error Type: OTHER_ERROR
2025-12-19 12:49:55,519 - INFO -   Dropped existing table (if any): srvy_new_vlntr_rspns_v21
2025-12-19 12:49:56,901 - INFO - \u2713 Successfully created table: srvy_new_vlntr_rspns_v21
2025-12-19 12:49:59,295 - INFO -   Dropped existing table (if any): srvy_rgnl_ldrshp
2025-12-19 12:50:00,688 - INFO - \u2713 Successfully created table: srvy_rgnl_ldrshp
2025-12-19 12:50:02,962 - INFO -   Dropped existing table (if any): srvy_rgnl_ldrshp_fy21
2025-12-19 12:50:05,045 - INFO - \u2713 Successfully created table: srvy_rgnl_ldrshp_fy21
2025-12-19 12:50:07,464 - INFO -   Dropped existing table (if any): srvy_rgnl_ldrshp_hst
2025-12-19 12:50:08,838 - INFO - \u2713 Successfully created table: srvy_rgnl_ldrshp_hst
2025-12-19 12:50:09,900 - INFO -   Dropped existing table (if any): srvy_rgnl_ldrshp_sent
2025-12-19 12:50:11,311 - INFO - \u2713 Successfully created table: srvy_rgnl_ldrshp_sent
2025-12-19 12:50:13,382 - INFO -   Dropped existing table (if any): srvy_vlntr_dim_values
2025-12-19 12:50:14,948 - INFO - \u2713 Successfully created table: srvy_vlntr_dim_values
2025-12-19 12:50:16,002 - INFO -   Dropped existing table (if any): srvy_vlntr_p2p_rfrl
2025-12-19 12:50:17,023 - WARNING - \u2717 Failed to create table: srvy_vlntr_p2p_rfrl - Error Type: OTHER_ERROR
2025-12-19 12:50:18,108 - INFO -   Dropped existing table (if any): suprsn_ts_cnst
2025-12-19 12:50:19,463 - INFO - \u2713 Successfully created table: suprsn_ts_cnst
2025-12-19 12:50:20,551 - INFO -   Dropped existing table (if any): suspect_domains
2025-12-19 12:50:21,989 - INFO - \u2713 Successfully created table: suspect_domains
2025-12-19 12:50:23,135 - INFO -   Dropped existing table (if any): sw_email_subscrb
2025-12-19 12:50:25,992 - INFO - \u2713 Successfully created table: sw_email_subscrb
2025-12-19 12:50:28,415 - INFO -   Dropped existing table (if any): sw_email_unsubscrb
2025-12-19 12:50:30,054 - INFO - \u2713 Successfully created table: sw_email_unsubscrb
2025-12-19 12:50:31,126 - INFO -   Dropped existing table (if any): users
2025-12-19 12:50:32,496 - INFO - \u2713 Successfully created table: users
2025-12-19 12:50:32,506 - INFO - Progress: 400/408 tables processed
2025-12-19 12:50:33,560 - INFO -   Dropped existing table (if any): utl_angry_client
2025-12-19 12:50:34,850 - INFO - \u2713 Successfully created table: utl_angry_client
2025-12-19 12:50:35,915 - INFO -   Dropped existing table (if any): utl_mcl_hard_bounces
2025-12-19 12:50:37,375 - INFO - \u2713 Successfully created table: utl_mcl_hard_bounces
2025-12-19 12:50:38,433 - INFO -   Dropped existing table (if any): utl_mc_bounces
2025-12-19 12:50:39,843 - INFO - \u2713 Successfully created table: utl_mc_bounces
2025-12-19 12:50:40,924 - INFO -   Dropped existing table (if any): utl_mc_unsubs
2025-12-19 12:50:42,338 - INFO - \u2713 Successfully created table: utl_mc_unsubs
2025-12-19 12:50:43,433 - INFO -   Dropped existing table (if any): vaidity_email_valdtn
2025-12-19 12:50:44,827 - INFO - \u2713 Successfully created table: vaidity_email_valdtn
2025-12-19 12:50:45,892 - INFO -   Dropped existing table (if any): vcn_smry_intake
2025-12-19 12:50:47,284 - INFO - \u2713 Successfully created table: vcn_smry_intake
2025-12-19 12:50:48,345 - INFO -   Dropped existing table (if any): vms_sta_indivs
2025-12-19 12:50:49,738 - INFO - \u2713 Successfully created table: vms_sta_indivs
2025-12-19 12:50:50,807 - INFO -   Dropped existing table (if any): vms_sta_orgs
2025-12-19 12:50:52,143 - INFO - \u2713 Successfully created table: vms_sta_orgs
2025-12-19 12:50:53,226 - INFO -   Dropped existing table (if any): _zeroetl_watermark
2025-12-19 12:50:54,248 - WARNING - \u2717 Failed to create table: _zeroetl_watermark - Error Type: OTHER_ERROR
2025-12-19 12:50:54,253 - INFO - ================================================================================
2025-12-19 12:50:54,254 - INFO - STARTING TABLE VALIDATION
2025-12-19 12:50:54,256 - INFO - ================================================================================
2025-12-19 12:50:54,266 - INFO - Found 316 table(s) to validate
2025-12-19 12:50:55,403 - INFO - \u2713 Validation successful: adb_anlytc_hit_tgt_tst
2025-12-19 12:50:56,472 - INFO - \u2713 Validation successful: adb_anlytc_hit_tgt_xtrct
2025-12-19 12:50:57,488 - INFO - \u2713 Validation successful: adb_arcinsms_report_intermediate
2025-12-19 12:50:58,505 - INFO - \u2713 Validation successful: adb_arcregionchaptermapping
2025-12-19 12:50:59,654 - INFO - \u2713 Validation successful: adb_bio_dnr_stsfctn_srvy
2025-12-19 12:51:00,859 - INFO - \u2713 Validation successful: adb_enumrtn_lkp
2025-12-19 12:51:01,891 - INFO - \u2713 Validation successful: adb_nmspropositionrcp
2025-12-19 12:51:02,955 - INFO - \u2713 Validation successful: adb_vlntr_srvy_rspns
2025-12-19 12:51:04,041 - INFO - \u2713 Validation successful: adb_vlntr_srvy_rspns_tmp
2025-12-19 12:51:05,122 - INFO - \u2713 Validation successful: adb_vlntr_srvy_rspns_v20
2025-12-19 12:51:06,235 - INFO - \u2713 Validation successful: adobe_analytics_txn
2025-12-19 12:51:07,317 - INFO - \u2713 Validation successful: adobe_analytics_visits
2025-12-19 12:51:08,333 - INFO - \u2713 Validation successful: adobe_dwb_intrctn
2025-12-19 12:51:09,371 - INFO - \u2713 Validation successful: adobe_dwb_intrctn_bkp
2025-12-19 12:51:10,395 - INFO - \u2713 Validation successful: adobe_dwb_intrctn_stg
2025-12-19 12:51:11,423 - INFO - \u2713 Validation successful: adobe_dwb_intrctn_stg_tmp
2025-12-19 12:51:12,435 - INFO - \u2713 Validation successful: adobe_dwb_txn
2025-12-19 12:51:13,466 - INFO - \u2713 Validation successful: adobe_dwb_txn_bkp
2025-12-19 12:51:14,498 - INFO - \u2713 Validation successful: adobe_dwb_txn_stg
2025-12-19 12:51:15,523 - INFO - \u2713 Validation successful: agent
2025-12-19 12:51:16,634 - INFO - \u2713 Validation successful: all_aem_rco_rows
2025-12-19 12:51:17,716 - INFO - \u2713 Validation successful: aprm_arc_comm_log
2025-12-19 12:51:19,020 - INFO - \u2713 Validation successful: aprm_audmem_map
2025-12-19 12:51:20,738 - INFO - \u2713 Validation successful: aprm_bncd_eml_img
2025-12-19 12:51:21,803 - INFO - \u2713 Validation successful: aprm_email_bncd
2025-12-19 12:51:22,854 - INFO - \u2713 Validation successful: aprm_email_lnk_clkd
2025-12-19 12:51:23,890 - INFO - \u2713 Validation successful: aprm_email_lnk_clkd_img
2025-12-19 12:51:24,925 - INFO - \u2713 Validation successful: aprm_email_opened
2025-12-19 12:51:25,950 - INFO - \u2713 Validation successful: aprm_email_opened_img
2025-12-19 12:51:26,985 - INFO - \u2713 Validation successful: aprm_email_remove
2025-12-19 12:51:28,022 - INFO - \u2713 Validation successful: aprm_email_remove_img
2025-12-19 12:51:29,054 - INFO - \u2713 Validation successful: aprm_email_sent
2025-12-19 12:51:30,082 - INFO - \u2713 Validation successful: aprm_email_sent_img
2025-12-19 12:51:31,116 - INFO - \u2713 Validation successful: aprm_msg_cnt_blk_img
2025-12-19 12:51:32,193 - INFO - \u2713 Validation successful: aprm_msg_content_block
2025-12-19 12:51:33,231 - INFO - \u2713 Validation successful: aprm_wb_apnd_bncd_eml
2025-12-19 12:51:34,325 - INFO - \u2713 Validation successful: aprm_wb_apnd_cell_cds
2025-12-19 12:51:35,412 - INFO - \u2713 Validation successful: aprm_wb_apnd_cm_segmnt
2025-12-19 12:51:36,453 - INFO - \u2713 Validation successful: aprm_wb_apnd_email
2025-12-19 12:51:37,509 - INFO - \u2713 Validation successful: aprm_wb_apnd_eml_trckng
2025-12-19 12:51:38,559 - INFO - \u2713 Validation successful: aprm_wb_apnd_eml_trckng_bkp
2025-12-19 12:51:39,640 - INFO - \u2713 Validation successful: aprm_wb_apnd_inbnd_frm_cmpltd
2025-12-19 12:51:40,708 - INFO - \u2713 Validation successful: aprm_wb_apnd_mcrst_mtrcs
2025-12-19 12:51:41,757 - INFO - \u2713 Validation successful: aprm_wb_apnd_outbnd_msgs
2025-12-19 12:51:42,804 - INFO - \u2713 Validation successful: aprm_wb_apnd_outbnd_msg_snt
2025-12-19 12:51:43,822 - INFO - \u2713 Validation successful: aprm_wb_apnd_prfrnc_cntr
2025-12-19 12:51:44,846 - INFO - \u2713 Validation successful: aprm_wb_apnd_rmv_frm_lst
2025-12-19 12:51:45,875 - INFO - \u2713 Validation successful: aprm_wb_apnd_segmntn
2025-12-19 12:51:46,891 - INFO - \u2713 Validation successful: aprm_wb_apnd_treatmnts
2025-12-19 12:51:48,020 - INFO - \u2713 Validation successful: arc_aem_rco_txn
2025-12-19 12:51:49,069 - INFO - \u2713 Validation successful: arc_biomed_smry_bkp
2025-12-19 12:51:50,088 - INFO - \u2713 Validation successful: arc_biomed_txn_bkp
2025-12-19 12:51:51,153 - INFO - \u2713 Validation successful: arc_biomed_txn_ext_staff
2025-12-19 12:51:52,171 - INFO - \u2713 Validation successful: arc_biomed_txn_ext_staff_bkp
2025-12-19 12:51:53,205 - INFO - \u2713 Validation successful: arc_cdi_smry_addr_tmp
2025-12-19 12:51:54,318 - INFO - \u2713 Validation successful: arc_cdi_smry_email_tmp
2025-12-19 12:51:55,335 - INFO - \u2713 Validation successful: arc_cdi_smry_extrct
2025-12-19 12:51:56,373 - INFO - \u2713 Validation successful: arc_cdi_smry_phn_tmp
2025-12-19 12:51:57,411 - INFO - \u2713 Validation successful: arc_crm_ent_infrd_prfl
2025-12-19 12:51:58,470 - INFO - \u2713 Validation successful: arc_crm_ent_prfl
2025-12-19 12:51:59,520 - INFO - \u2713 Validation successful: arc_fr_smry_extrct
2025-12-19 12:52:00,553 - INFO - \u2713 Validation successful: arc_fr_smry_extrct_tmp
2025-12-19 12:52:01,589 - INFO - \u2713 Validation successful: arc_fr_smry_mdl
2025-12-19 12:52:02,621 - INFO - \u2713 Validation successful: arc_fr_txn_all_cnst
2025-12-19 12:52:03,657 - INFO - \u2713 Validation successful: arc_fr_txn_bkp
2025-12-19 12:52:04,704 - INFO - \u2713 Validation successful: arc_fr_txn_bnchmrk_extrct
2025-12-19 12:52:05,782 - INFO - \u2713 Validation successful: arc_fr_txn_del
2025-12-19 12:52:06,824 - INFO - \u2713 Validation successful: arc_fr_txn_extrct
2025-12-19 12:52:07,868 - INFO - \u2713 Validation successful: arc_fr_txn_tst
2025-12-19 12:52:08,926 - INFO - \u2713 Validation successful: arc_fundrsng_summary
2025-12-19 12:52:09,966 - INFO - \u2713 Validation successful: arc_glossary
2025-12-19 12:52:11,020 - INFO - \u2713 Validation successful: arc_lob_smry_extrct
2025-12-19 12:52:12,057 - INFO - \u2713 Validation successful: arc_lob_smry_extrct_oct
2025-12-19 12:52:13,065 - INFO - \u2713 Validation successful: arc_lob_smry_non_fr_extrct
2025-12-19 12:52:14,110 - INFO - \u2713 Validation successful: arc_missing_script_numbers
2025-12-19 12:52:15,141 - INFO - \u2713 Validation successful: arc_phss_recert_txn
2025-12-19 12:52:16,164 - INFO - \u2713 Validation successful: arc_phss_recert_txn_bkp
2025-12-19 12:52:17,214 - INFO - \u2713 Validation successful: arc_phss_smry
2025-12-19 12:52:18,248 - INFO - \u2713 Validation successful: arc_phss_smry_bkp
2025-12-19 12:52:19,279 - INFO - \u2713 Validation successful: arc_phss_txn
2025-12-19 12:52:20,311 - INFO - \u2713 Validation successful: arc_phss_txn_bkp
2025-12-19 12:52:21,361 - INFO - \u2713 Validation successful: arc_simio_rfm_assets_appends
2025-12-19 12:52:22,399 - INFO - \u2713 Validation successful: arc_tag_extrct_bridge
2025-12-19 12:52:23,429 - INFO - \u2713 Validation successful: arc_tag_extrct_bridge_bkp
2025-12-19 12:52:24,476 - INFO - \u2713 Validation successful: arc_tag_non_fr_extrct_bridge
2025-12-19 12:52:25,506 - INFO - \u2713 Validation successful: arc_tag_non_fr_extrct_bridge_bkp
2025-12-19 12:52:26,525 - INFO - \u2713 Validation successful: arc_tag_non_fr_extrct_bridge_tmp
2025-12-19 12:52:27,723 - INFO - \u2713 Validation successful: arc_vms_smry
2025-12-19 12:52:28,782 - INFO - \u2713 Validation successful: arc_vms_txn
2025-12-19 12:52:29,809 - INFO - \u2713 Validation successful: area_code_2_time_zone
2025-12-19 12:52:30,832 - INFO - \u2713 Validation successful: awb_cdi_mstr_mrg
2025-12-19 12:52:31,870 - INFO - \u2713 Validation successful: awb_dmail_xtrct
2025-12-19 12:52:32,908 - INFO - \u2713 Validation successful: awb_dntn_xtrct
2025-12-19 12:52:33,941 - INFO - \u2713 Validation successful: awb_rcpnt_2_cdi_mstr
2025-12-19 12:52:34,983 - INFO - \u2713 Validation successful: awb_rcpnt_2_cdi_mstr_xtrct
2025-12-19 12:52:36,028 - INFO - \u2713 Validation successful: bio_dnr_srvy_donat_key_map
2025-12-19 12:52:37,067 - INFO - \u2713 Validation successful: bzfc_active_cnst_multi_snpsht
2025-12-19 12:52:38,092 - INFO - \u2713 Validation successful: bzfc_active_cnst_segmnt
2025-12-19 12:52:39,126 - INFO - \u2713 Validation successful: bzfc_active_cnst_snpsht
2025-12-19 12:52:40,176 - INFO - \u2713 Validation successful: bzfc_adb_recipient_insrt_delta
2025-12-19 12:52:41,243 - INFO - \u2713 Validation successful: bzfc_adb_recipient_updt_delta
2025-12-19 12:52:42,341 - INFO - \u2713 Validation successful: bzfc_bio_dnr_segment_dashbrd
2025-12-19 12:52:43,372 - INFO - \u2713 Validation successful: bzfc_cnst_cdi_phss_email_prfl
2025-12-19 12:52:44,432 - INFO - \u2713 Validation successful: bzfc_cnst_fr_prfr_em_prfl
2025-12-19 12:52:45,473 - INFO - \u2713 Validation successful: bzfc_fact_dmail_interaction
2025-12-19 12:52:46,521 - INFO - \u2713 Validation successful: bzfc_fact_donation
2025-12-19 12:52:47,654 - INFO - \u2713 Validation successful: bzfc_fact_interaction
2025-12-19 12:52:48,795 - INFO - \u2713 Validation successful: bzfc_fact_interaction_all
2025-12-19 12:52:49,861 - INFO - \u2713 Validation successful: bzfc_fact_intrctn_em_smry
2025-12-19 12:52:50,956 - INFO - \u2713 Validation successful: bzfc_fact_phone_interaction
2025-12-19 12:52:52,008 - INFO - \u2713 Validation successful: bzfc_fact_response_all
2025-12-19 12:52:53,169 - INFO - \u2713 Validation successful: bzfc_fact_response_new
2025-12-19 12:52:54,410 - INFO - \u2713 Validation successful: bzfc_fact_surv_resp
2025-12-19 12:52:55,722 - INFO - \u2713 Validation successful: bzfc_pg_response_log
2025-12-19 12:52:57,946 - INFO - \u2713 Validation successful: bzfc_pg_response_log_ref
2025-12-19 12:53:00,211 - INFO - \u2713 Validation successful: bzfc_phss_lrnr_list_membrshp
2025-12-19 12:53:01,288 - INFO - \u2713 Validation successful: bzfc_sms_fr_prfl
2025-12-19 12:53:02,408 - INFO - \u2713 Validation successful: bzfc_sms_profile
2025-12-19 12:53:03,462 - INFO - \u2713 Validation successful: bzfc_sponsor_journey_detail
2025-12-19 12:53:04,603 - INFO - \u2713 Validation successful: bzfc_sponsor_journey_smry
2025-12-19 12:53:05,653 - INFO - \u2713 Validation successful: bzf_cem_cnst_opt_outs_copy
2025-12-19 12:53:06,719 - INFO - \u2713 Validation successful: bzf_cem_cnst_opt_outs_stg
2025-12-19 12:53:07,971 - INFO - \u2713 Validation successful: bzf_cnst_cdi_sltn_id_1
2025-12-19 12:53:09,186 - INFO - \u2713 Validation successful: bzf_cnst_cdi_sltn_id_2
2025-12-19 12:53:10,316 - INFO - \u2713 Validation successful: bzf_cnst_cdi_sltn_id_3
2025-12-19 12:53:11,363 - INFO - \u2713 Validation successful: bzf_cnst_cdi_sltn_id_4
2025-12-19 12:53:12,414 - INFO - \u2713 Validation successful: bzf_cnst_cdi_sltn_id_5
2025-12-19 12:53:13,506 - INFO - \u2713 Validation successful: bzf_cnst_cdi_sltn_id_all
2025-12-19 12:53:14,599 - INFO - \u2713 Validation successful: bzf_cnst_cdi_sltn_id_bk
2025-12-19 12:53:15,766 - INFO - \u2713 Validation successful: bzf_cnst_scr
2025-12-19 12:53:17,007 - INFO - \u2713 Validation successful: bz_adobe_analytics_rcb_txn
2025-12-19 12:53:18,144 - INFO - \u2713 Validation successful: bz_adobe_analytics_rco_txn
2025-12-19 12:53:19,227 - INFO - \u2713 Validation successful: bz_adobe_analytics_ts_txn
2025-12-19 12:53:20,261 - INFO - \u2713 Validation successful: bz_arcpg_response_typ
2025-12-19 12:53:21,278 - INFO - \u2713 Validation successful: bz_arc_fr_smry_atg_first_tm
2025-12-19 12:53:22,312 - INFO - \u2713 Validation successful: bz_arc_fr_smry_rco_first_tm
2025-12-19 12:53:23,344 - INFO - \u2713 Validation successful: bz_arc_fr_smry_rco_last_donat
2025-12-19 12:53:24,363 - INFO - \u2713 Validation successful: bz_arc_fr_smry_rco_last_sustnr_donat
2025-12-19 12:53:25,381 - INFO - \u2713 Validation successful: bz_cnst_birth_best
2025-12-19 12:53:26,428 - INFO - \u2713 Validation successful: bz_cnst_gender_best
2025-12-19 12:53:27,464 - INFO - \u2713 Validation successful: bz_cur_mth_bio_donor_freq
2025-12-19 12:53:28,497 - INFO - \u2713 Validation successful: bz_cur_mth_bio_donor_freq2
2025-12-19 12:53:29,532 - INFO - \u2713 Validation successful: bz_dim_cnst_demographic
2025-12-19 12:53:30,564 - INFO - \u2713 Validation successful: bz_dim_rpt_cell_cd
2025-12-19 12:53:31,619 - INFO - \u2713 Validation successful: bz_dim_treatmnt
2025-12-19 12:53:32,649 - INFO - \u2713 Validation successful: bz_email_src_cd
2025-12-19 12:53:33,687 - INFO - \u2713 Validation successful: bz_fact_interaction_pg
2025-12-19 12:53:34,723 - INFO - \u2713 Validation successful: bz_fact_response_pg
2025-12-19 12:53:35,743 - INFO - \u2713 Validation successful: bz_gms_arc_fr_txn_segmnt
2025-12-19 12:53:36,775 - INFO - \u2713 Validation successful: bz_google_analytics_txn
2025-12-19 12:53:37,804 - INFO - \u2713 Validation successful: bz_pg_group_membrshp
2025-12-19 12:53:38,845 - INFO - \u2713 Validation successful: campgn_prospct_list
2025-12-19 12:53:39,868 - INFO - \u2713 Validation successful: campgn_yr_end_dow_projctn
2025-12-19 12:53:40,912 - INFO - \u2713 Validation successful: chptr_list_membrshp
2025-12-19 12:53:41,957 - INFO - \u2713 Validation successful: chptr_portal_list_typ_ref
2025-12-19 12:53:42,994 - INFO - \u2713 Validation successful: cnst_addr_ncoa_log
2025-12-19 12:53:44,023 - INFO - \u2713 Validation successful: cnst_cdi_phss_preferred_dmail
2025-12-19 12:53:45,045 - INFO - \u2713 Validation successful: cnst_cdi_smry_bio_prfr
2025-12-19 12:53:46,091 - INFO - \u2713 Validation successful: cnst_cdi_smry_non_fr_prfr
2025-12-19 12:53:47,125 - INFO - \u2713 Validation successful: cnst_cdi_smry_phss_prfr
2025-12-19 12:53:48,170 - INFO - \u2713 Validation successful: cnst_cdi_smry_phss_prfr_stg
2025-12-19 12:53:49,345 - INFO - \u2713 Validation successful: cnst_cdi_smry_vms_prfr
2025-12-19 12:53:50,426 - INFO - \u2713 Validation successful: cnst_cdi_smry_vms_prfr_stg
2025-12-19 12:53:51,654 - INFO - \u2713 Validation successful: cnst_cdi_s_f_p_fr_email
2025-12-19 12:53:52,694 - INFO - \u2713 Validation successful: cnst_cdi_vms_preferred_dmail
2025-12-19 12:53:53,727 - INFO - \u2713 Validation successful: cnst_cdi_vms_preferred_email
2025-12-19 12:53:54,751 - INFO - \u2713 Validation successful: cnst_scr_acct
2025-12-19 12:53:55,781 - INFO - \u2713 Validation successful: cnvo_reactivation_list
2025-12-19 12:53:56,810 - INFO - \u2713 Validation successful: dim_bio_donat_freq
2025-12-19 12:53:57,833 - INFO - \u2713 Validation successful: dim_dm_src_treatmnt_xref
2025-12-19 12:53:58,871 - INFO - \u2713 Validation successful: dim_edrtl_response_period
2025-12-19 12:53:59,899 - INFO - \u2713 Validation successful: dim_email_segmnt
2025-12-19 12:54:00,933 - INFO - \u2713 Validation successful: dim_odr
2025-12-19 12:54:01,967 - INFO - \u2713 Validation successful: dim_online_channel
2025-12-19 12:54:03,032 - INFO - \u2713 Validation successful: dim_phone_adtnl_reqst
2025-12-19 12:54:04,059 - INFO - \u2713 Validation successful: dim_phone_call_dspstn
2025-12-19 12:54:05,081 - INFO - \u2713 Validation successful: dim_phone_campgn_src_cd_xref
2025-12-19 12:54:06,120 - INFO - \u2713 Validation successful: dim_region_rsmo
2025-12-19 12:54:07,152 - INFO - \u2713 Validation successful: dim_src_2_intrctn_brdg
2025-12-19 12:54:08,184 - INFO - \u2713 Validation successful: dm_campaign_hist
2025-12-19 12:54:09,234 - INFO - \u2713 Validation successful: dm_campaign_pg_hist
2025-12-19 12:54:10,284 - INFO - \u2713 Validation successful: dv_active_segmnt_snapsht
2025-12-19 12:54:11,318 - INFO - \u2713 Validation successful: dv_arc_bio_smry
2025-12-19 12:54:12,353 - INFO - \u2713 Validation successful: dv_arc_entrprs_smry
2025-12-19 12:54:13,379 - INFO - \u2713 Validation successful: dv_arc_fr_smry
2025-12-19 12:54:14,409 - INFO - \u2713 Validation successful: dv_arc_phss_smry
2025-12-19 12:54:15,430 - INFO - \u2713 Validation successful: dv_arc_vms_smry
2025-12-19 12:54:16,495 - INFO - \u2713 Validation successful: dv_channel_accessibility_stg
2025-12-19 12:54:17,559 - INFO - \u2713 Validation successful: dv_de_accessblty_lifestg
2025-12-19 12:54:18,625 - INFO - \u2713 Validation successful: dv_de_scorcrd_campgns
2025-12-19 12:54:19,690 - INFO - \u2713 Validation successful: dv_digtl_engmnt_scorcrd
2025-12-19 12:54:20,724 - INFO - \u2713 Validation successful: email_src_cd
2025-12-19 12:54:21,757 - INFO - \u2713 Validation successful: esri_blockgroup_demgrphc
2025-12-19 12:54:22,791 - INFO - \u2713 Validation successful: esri_zip_cd_demgrphc
2025-12-19 12:54:24,875 - INFO - \u2713 Validation successful: fact_interaction_bb
2025-12-19 12:54:25,937 - INFO - \u2713 Validation successful: fact_phone_interaction
2025-12-19 12:54:27,038 - INFO - \u2713 Validation successful: fact_response_aprm
2025-12-19 12:54:28,167 - INFO - \u2713 Validation successful: fact_vol_applctn
2025-12-19 12:54:29,232 - INFO - \u2713 Validation successful: fact_vs_surv_resp
2025-12-19 12:54:30,402 - INFO - \u2713 Validation successful: final_mobile_common_opt_out
2025-12-19 12:54:31,674 - INFO - \u2713 Validation successful: fix_site_vol_recruit
2025-12-19 12:54:32,802 - INFO - \u2713 Validation successful: fresh_address_email_append
2025-12-19 12:54:33,884 - INFO - \u2713 Validation successful: global_suprs_cnst_email
2025-12-19 12:54:34,902 - INFO - \u2713 Validation successful: global_suprs_domain
2025-12-19 12:54:35,921 - INFO - \u2713 Validation successful: global_suprs_email
2025-12-19 12:54:36,985 - INFO - \u2713 Validation successful: gms_arc_fr_smry_sustnr
2025-12-19 12:54:38,425 - INFO - \u2713 Validation successful: gms_arc_fr_txn
2025-12-19 12:54:39,649 - INFO - \u2713 Validation successful: gms_bzfc_adb_fact_donation
2025-12-19 12:54:41,026 - INFO - \u2713 Validation successful: gms_bzfc_cdi_fr_prfr_email_profile
2025-12-19 12:54:42,456 - INFO - \u2713 Validation successful: gms_bzfc_cnst_fr_prfr_em_prfl
2025-12-19 12:54:43,641 - INFO - \u2713 Validation successful: gms_bzfc_donation_rank
2025-12-19 12:54:44,835 - INFO - \u2713 Validation successful: gms_bzfc_fact_ask_cntct_intrctn
2025-12-19 12:54:45,884 - INFO - \u2713 Validation successful: gms_bzf_cnst_cnstcy
2025-12-19 12:54:46,917 - INFO - \u2713 Validation successful: gms_bzf_cnst_cnstcy_curnt
2025-12-19 12:54:47,952 - INFO - \u2713 Validation successful: gms_bz_pg_group_membrshp
2025-12-19 12:54:48,984 - INFO - \u2713 Validation successful: gms_cnst_behvrl_segmnt
2025-12-19 12:54:50,019 - INFO - \u2713 Validation successful: gms_cnst_cdi_smry_fr_pa_dm
2025-12-19 12:54:51,042 - INFO - \u2713 Validation successful: gms_cnst_cdi_smry_fr_prfr_bzf_cem_cnst_opt_outs_stg
2025-12-19 12:54:52,082 - INFO - \u2713 Validation successful: gms_cnst_cdi_smry_fr_prfr_stg
2025-12-19 12:54:53,097 - INFO - \u2713 Validation successful: gofundraise_donor
2025-12-19 12:54:54,116 - INFO - \u2713 Validation successful: google_analytics_txn
2025-12-19 12:54:55,134 - INFO - \u2713 Validation successful: lkp_positions_taxonomy_mktg_stg
2025-12-19 12:54:56,167 - INFO - \u2713 Validation successful: mktg_snapsht_load_cntl
2025-12-19 12:54:57,200 - INFO - \u2713 Validation successful: mobile_commons_active
2025-12-19 12:54:58,219 - INFO - \u2713 Validation successful: name_gender
2025-12-19 12:54:59,281 - INFO - \u2713 Validation successful: nhqmktg_cdrp_enrllmnt_ref
2025-12-19 12:55:00,317 - INFO - \u2713 Validation successful: nhqmktg_cdrp_enrllmnt_sts
2025-12-19 12:55:01,355 - INFO - \u2713 Validation successful: pacific_east_email_append
2025-12-19 12:55:02,401 - INFO - \u2713 Validation successful: pbi_bio_demogrphcs
2025-12-19 12:55:03,417 - INFO - \u2713 Validation successful: pbi_bzl_fact_show_prodctv_ind
2025-12-19 12:55:04,461 - INFO - \u2713 Validation successful: pbi_cfremappend_cnst
2025-12-19 12:55:05,484 - INFO - \u2713 Validation successful: pbi_cfremappend_cohort
2025-12-19 12:55:06,512 - INFO - \u2713 Validation successful: pbi_entrprs_campgn_comnts
2025-12-19 12:55:07,539 - INFO - \u2713 Validation successful: pbi_entrprs_campgn_non_adb
2025-12-19 12:55:08,570 - INFO - \u2713 Validation successful: pbi_entrprs_campgn_results
2025-12-19 12:55:09,604 - INFO - \u2713 Validation successful: pbi_entrprs_campgn_smry
2025-12-19 12:55:10,632 - INFO - \u2713 Validation successful: pbi_entrprs_campgn_ts_sends
2025-12-19 12:55:11,667 - INFO - \u2713 Validation successful: pbi_model_perf_auc
2025-12-19 12:55:12,700 - INFO - \u2713 Validation successful: pbi_model_perf_dashbrd
2025-12-19 12:55:13,717 - INFO - \u2713 Validation successful: pbi_model_perf_dim_lol
2025-12-19 12:55:14,779 - INFO - \u2713 Validation successful: pbi_model_perf_tlres
2025-12-19 12:55:15,801 - INFO - \u2713 Validation successful: pg_group_ref
2025-12-19 12:55:16,829 - INFO - \u2713 Validation successful: pg_response_log_exclusion
2025-12-19 12:55:17,889 - INFO - \u2713 Validation successful: pg_src_convrsn
2025-12-19 12:55:18,918 - INFO - \u2713 Validation successful: phone_interaction_eoc
2025-12-19 12:55:19,977 - INFO - \u2713 Validation successful: phone_interaction_pg_eoc
2025-12-19 12:55:21,033 - INFO - \u2713 Validation successful: phone_interaction_sustnr_upgr
2025-12-19 12:55:22,083 - INFO - \u2713 Validation successful: pref_cnst_mstr
2025-12-19 12:55:23,099 - INFO - \u2713 Validation successful: replication_adb_nmsbroadlogmsg
2025-12-19 12:55:24,133 - INFO - \u2713 Validation successful: replication_adb_nmsoperation
2025-12-19 12:55:25,166 - INFO - \u2713 Validation successful: replication_dim_person
2025-12-19 12:55:26,199 - INFO - \u2713 Validation successful: replication_dim_recipient
2025-12-19 12:55:27,233 - INFO - \u2713 Validation successful: replication_fact_interaction_aprm
2025-12-19 12:55:28,264 - INFO - \u2713 Validation successful: replication_rr_rqq_rql_file_xref
2025-12-19 12:55:29,285 - INFO - \u2713 Validation successful: rr_rqq_rql_file_xref
2025-12-19 12:55:30,308 - INFO - \u2713 Validation successful: scr
2025-12-19 12:55:31,336 - INFO - \u2713 Validation successful: scr_val_ref
2025-12-19 12:55:32,367 - INFO - \u2713 Validation successful: srvy_anvrsry_vlntr_load_cntl
2025-12-19 12:55:33,404 - INFO - \u2713 Validation successful: srvy_anvrsry_vlntr_questions
2025-12-19 12:55:34,428 - INFO - \u2713 Validation successful: srvy_anvrsry_vlntr_questn_2_srvy_xref
2025-12-19 12:55:35,455 - INFO - \u2713 Validation successful: srvy_anvrsry_vlntr_rspns_norm
2025-12-19 12:55:36,494 - INFO - \u2713 Validation successful: srvy_anvrsy_vlntr_rspns
2025-12-19 12:55:37,529 - INFO - \u2713 Validation successful: srvy_anvrsy_vlntr_rspns_cmnt
2025-12-19 12:55:38,563 - INFO - \u2713 Validation successful: srvy_anvrsy_vlntr_rspns_fy21
2025-12-19 12:55:39,600 - INFO - \u2713 Validation successful: srvy_anvrsy_vlntr_rspns_fy22
2025-12-19 12:55:40,633 - INFO - \u2713 Validation successful: srvy_anvrsy_vlntr_rspns_load_cntl
2025-12-19 12:55:41,667 - INFO - \u2713 Validation successful: srvy_blood_sponsor_load_cntl
2025-12-19 12:55:42,726 - INFO - \u2713 Validation successful: srvy_blood_sponsor_questions
2025-12-19 12:55:43,749 - INFO - \u2713 Validation successful: srvy_blood_sponsor_questn_2_srvy_xref
2025-12-19 12:55:44,799 - INFO - \u2713 Validation successful: srvy_blood_sponsor_respondents
2025-12-19 12:55:45,848 - INFO - \u2713 Validation successful: srvy_blood_sponsor_rspns
2025-12-19 12:55:46,864 - INFO - \u2713 Validation successful: srvy_dim_survey
2025-12-19 12:55:47,884 - INFO - \u2713 Validation successful: srvy_dim_values
2025-12-19 12:55:48,916 - INFO - \u2713 Validation successful: srvy_gplg_rspns
2025-12-19 12:55:49,951 - INFO - \u2713 Validation successful: srvy_hsptl_customer_contact
2025-12-19 12:55:50,969 - INFO - \u2713 Validation successful: srvy_hsptl_load_cntl
2025-12-19 12:55:52,003 - INFO - \u2713 Validation successful: srvy_hsptl_periods_hst
2025-12-19 12:55:53,033 - INFO - \u2713 Validation successful: srvy_hsptl_questions
2025-12-19 12:55:54,046 - INFO - \u2713 Validation successful: srvy_hsptl_questions_hst
2025-12-19 12:55:55,084 - INFO - \u2713 Validation successful: srvy_hsptl_questn_2_srvy_xref
2025-12-19 12:55:56,128 - INFO - \u2713 Validation successful: srvy_hsptl_questn_catgry
2025-12-19 12:55:57,151 - INFO - \u2713 Validation successful: srvy_hsptl_respondents
2025-12-19 12:55:58,230 - INFO - \u2713 Validation successful: srvy_hsptl_respondents_hst
2025-12-19 12:55:59,266 - INFO - \u2713 Validation successful: srvy_hsptl_respondents_hst_b4072825
2025-12-19 12:56:00,347 - INFO - \u2713 Validation successful: srvy_hsptl_rspns_hst
2025-12-19 12:56:01,381 - INFO - \u2713 Validation successful: srvy_hsptl_sf_contact
2025-12-19 12:56:02,414 - INFO - \u2713 Validation successful: srvy_hsptl_survey
2025-12-19 12:56:03,693 - INFO - \u2713 Validation successful: srvy_hsptl_survey_hst
2025-12-19 12:56:04,725 - INFO - \u2713 Validation successful: srvy_hsptl_values
2025-12-19 12:56:06,803 - INFO - \u2713 Validation successful: srvy_hsptl_values_hst
2025-12-19 12:56:07,938 - INFO - \u2713 Validation successful: srvy_new_vlntr_load_cntl
2025-12-19 12:56:09,028 - INFO - \u2713 Validation successful: srvy_new_vlntr_questions
2025-12-19 12:56:10,279 - INFO - \u2713 Validation successful: srvy_new_vlntr_questn_2_srvy_xref
2025-12-19 12:56:11,327 - INFO - \u2713 Validation successful: srvy_new_vlntr_rspns_fy21
2025-12-19 12:56:12,423 - INFO - \u2713 Validation successful: srvy_new_vlntr_rspns_fy22
2025-12-19 12:56:13,442 - INFO - \u2713 Validation successful: srvy_new_vlntr_rspns_load_cntl
2025-12-19 12:56:14,489 - INFO - \u2713 Validation successful: srvy_new_vlntr_rspns_norm
2025-12-19 12:56:15,509 - INFO - \u2713 Validation successful: srvy_new_vlntr_rspns_v21
2025-12-19 12:56:16,545 - INFO - \u2713 Validation successful: srvy_rgnl_ldrshp
2025-12-19 12:56:17,576 - INFO - \u2713 Validation successful: srvy_rgnl_ldrshp_fy21
2025-12-19 12:56:18,609 - INFO - \u2713 Validation successful: srvy_rgnl_ldrshp_hst
2025-12-19 12:56:19,633 - INFO - \u2713 Validation successful: srvy_rgnl_ldrshp_sent
2025-12-19 12:56:20,678 - INFO - \u2713 Validation successful: srvy_vlntr_dim_values
2025-12-19 12:56:21,712 - INFO - \u2713 Validation successful: suprsn_ts_cnst
2025-12-19 12:56:22,732 - INFO - \u2713 Validation successful: suspect_domains
2025-12-19 12:56:23,753 - INFO - \u2713 Validation successful: sw_email_subscrb
2025-12-19 12:56:24,771 - INFO - \u2713 Validation successful: sw_email_unsubscrb
2025-12-19 12:56:25,790 - INFO - \u2713 Validation successful: users
2025-12-19 12:56:26,825 - INFO - \u2713 Validation successful: utl_angry_client
2025-12-19 12:56:28,104 - INFO - \u2713 Validation successful: utl_mcl_hard_bounces
2025-12-19 12:56:29,362 - INFO - \u2713 Validation successful: utl_mc_bounces
2025-12-19 12:56:30,490 - INFO - \u2713 Validation successful: utl_mc_unsubs
2025-12-19 12:56:31,544 - INFO - \u2713 Validation successful: vaidity_email_valdtn
2025-12-19 12:56:32,718 - INFO - \u2713 Validation successful: vcn_smry_intake
2025-12-19 12:56:33,752 - INFO - \u2713 Validation successful: vms_sta_indivs
2025-12-19 12:56:34,896 - INFO - \u2713 Validation successful: vms_sta_orgs
2025-12-19 12:56:34,913 - INFO - ================================================================================
2025-12-19 12:56:34,913 - INFO - TABLE VALIDATION SUMMARY
2025-12-19 12:56:34,913 - INFO - ================================================================================
2025-12-19 12:56:34,913 - INFO - Total Tables Validated: 316
2025-12-19 12:56:34,913 - INFO - \u2713 Validated Successfully: 316
2025-12-19 12:56:34,913 - INFO - \u2717 Validation Failed: 0
2025-12-19 12:56:34,915 - INFO - Validation Success Rate: 100.00%
2025-12-19 12:56:34,915 - INFO - ================================================================================
2025-12-19 12:56:34,915 - INFO - ================================================================================
2025-12-19 12:56:34,916 - INFO - EXECUTION SUMMARY
2025-12-19 12:56:34,916 - INFO - ================================================================================
2025-12-19 12:56:34,917 - INFO - Object Type: TABLE
2025-12-19 12:56:34,917 - INFO - Schema: mktg_ops_tbls
2025-12-19 12:56:34,917 - INFO - Total Objects in Folder: 408
2025-12-19 12:56:34,918 - INFO - Successfully Created: 316
2025-12-19 12:56:34,919 - INFO - Failed: 92
2025-12-19 12:56:34,920 - INFO - Success Rate: 77.45%
2025-12-19 12:56:34,920 - INFO - 
2025-12-19 12:56:34,921 - INFO - TABLE VALIDATION RESULTS:
2025-12-19 12:56:34,921 - INFO - \u2713 Validated Successfully: 316
2025-12-19 12:56:34,922 - INFO - \u2717 Validation Failed: 0
2025-12-19 12:56:34,923 - INFO - Overall Success Rate (Created + Validated): 100.00%
2025-12-19 12:56:34,923 - INFO - Created objects saved to: D:\Create_Fetch_Python_Code\database_object_migration\Create_Object_Output\Table\mktg_ops_tbls_tables_20251219_123124_created.csv
2025-12-19 12:56:34,924 - INFO - Errored objects saved to: D:\Create_Fetch_Python_Code\database_object_migration\Create_Object_Output\Table\mktg_ops_tbls_tables_20251219_123124_errored.csv
2025-12-19 12:56:34,924 - INFO - ================================================================================
2025-12-19 12:56:34,930 - INFO - Connection closed. Script execution completed.
