2026-01-15 18:42:44,659 - INFO - User selected environment: TEST
2026-01-15 18:42:44,659 - INFO - User selected object type: TABLE
2026-01-15 18:42:44,659 - INFO - User selected schema: mktg_ops_tbls
2026-01-15 18:42:44,659 - INFO - User selected mode: ALL
2026-01-15 18:42:58,473 - INFO - Successfully connected to Redshift TEST: redshift.test.datahub.redcross.net
2026-01-15 18:42:59,973 - INFO - Fetched 463 relations from schema mktg_ops_tbls
2026-01-15 18:43:00,641 - INFO - Saved DDL for users to D:\Create_Fetch_Python_Code\database_object_migration_v3\database_object_migration\Fetch_Object_Output\Table\mktg_ops_tbls_20260115_1842\users.sql
2026-01-15 18:43:01,021 - INFO - Saved DDL for nhqmktg_cdrp_enrllmnt_ref to D:\Create_Fetch_Python_Code\database_object_migration_v3\database_object_migration\Fetch_Object_Output\Table\mktg_ops_tbls_20260115_1842\nhqmktg_cdrp_enrllmnt_ref.sql
2026-01-15 18:43:01,391 - INFO - Saved DDL for nhqmktg_cdrp_enrllmnt_sts to D:\Create_Fetch_Python_Code\database_object_migration_v3\database_object_migration\Fetch_Object_Output\Table\mktg_ops_tbls_20260115_1842\nhqmktg_cdrp_enrllmnt_sts.sql
2026-01-15 18:43:01,774 - INFO - Saved DDL for adb_anlytc_hit to D:\Create_Fetch_Python_Code\database_object_migration_v3\database_object_migration\Fetch_Object_Output\Table\mktg_ops_tbls_20260115_1842\adb_anlytc_hit.sql
2026-01-15 18:43:02,153 - INFO - Saved DDL for adb_anlytc_hit_stg to D:\Create_Fetch_Python_Code\database_object_migration_v3\database_object_migration\Fetch_Object_Output\Table\mktg_ops_tbls_20260115_1842\adb_anlytc_hit_stg.sql
2026-01-15 18:43:02,779 - INFO - Saved DDL for adb_anlytc_hit_tgt to D:\Create_Fetch_Python_Code\database_object_migration_v3\database_object_migration\Fetch_Object_Output\Table\mktg_ops_tbls_20260115_1842\adb_anlytc_hit_tgt.sql
2026-01-15 18:43:03,158 - INFO - Saved DDL for adb_arcinsms_report_intermediate to D:\Create_Fetch_Python_Code\database_object_migration_v3\database_object_migration\Fetch_Object_Output\Table\mktg_ops_tbls_20260115_1842\adb_arcinsms_report_intermediate.sql
2026-01-15 18:43:03,943 - INFO - Saved DDL for adb_arcregionchaptermapping to D:\Create_Fetch_Python_Code\database_object_migration_v3\database_object_migration\Fetch_Object_Output\Table\mktg_ops_tbls_20260115_1842\adb_arcregionchaptermapping.sql
2026-01-15 18:43:04,546 - INFO - Saved DDL for adb_nmspropositionrcp to D:\Create_Fetch_Python_Code\database_object_migration_v3\database_object_migration\Fetch_Object_Output\Table\mktg_ops_tbls_20260115_1842\adb_nmspropositionrcp.sql
2026-01-15 18:43:05,163 - INFO - Saved DDL for adb_vlntr_srvy_rspns to D:\Create_Fetch_Python_Code\database_object_migration_v3\database_object_migration\Fetch_Object_Output\Table\mktg_ops_tbls_20260115_1842\adb_vlntr_srvy_rspns.sql
2026-01-15 18:43:05,775 - INFO - Saved DDL for adb_vlntr_srvy_rspns_tmp to D:\Create_Fetch_Python_Code\database_object_migration_v3\database_object_migration\Fetch_Object_Output\Table\mktg_ops_tbls_20260115_1842\adb_vlntr_srvy_rspns_tmp.sql
2026-01-15 18:43:06,394 - INFO - Saved DDL for adb_vlntr_srvy_rspns_v20 to D:\Create_Fetch_Python_Code\database_object_migration_v3\database_object_migration\Fetch_Object_Output\Table\mktg_ops_tbls_20260115_1842\adb_vlntr_srvy_rspns_v20.sql
2026-01-15 18:43:07,005 - INFO - Saved DDL for adobe_analytics_txn to D:\Create_Fetch_Python_Code\database_object_migration_v3\database_object_migration\Fetch_Object_Output\Table\mktg_ops_tbls_20260115_1842\adobe_analytics_txn.sql
2026-01-15 18:43:07,632 - INFO - Saved DDL for adobe_analytics_visits to D:\Create_Fetch_Python_Code\database_object_migration_v3\database_object_migration\Fetch_Object_Output\Table\mktg_ops_tbls_20260115_1842\adobe_analytics_visits.sql
2026-01-15 18:43:08,256 - INFO - Saved DDL for adobe_dwb_intrctn to D:\Create_Fetch_Python_Code\database_object_migration_v3\database_object_migration\Fetch_Object_Output\Table\mktg_ops_tbls_20260115_1842\adobe_dwb_intrctn.sql
2026-01-15 18:43:08,872 - INFO - Saved DDL for adobe_dwb_intrctn_bkp to D:\Create_Fetch_Python_Code\database_object_migration_v3\database_object_migration\Fetch_Object_Output\Table\mktg_ops_tbls_20260115_1842\adobe_dwb_intrctn_bkp.sql
2026-01-15 18:43:09,244 - INFO - Saved DDL for adobe_dwb_intrctn_stg to D:\Create_Fetch_Python_Code\database_object_migration_v3\database_object_migration\Fetch_Object_Output\Table\mktg_ops_tbls_20260115_1842\adobe_dwb_intrctn_stg.sql
2026-01-15 18:43:09,639 - INFO - Saved DDL for adobe_dwb_intrctn_stg_tmp to D:\Create_Fetch_Python_Code\database_object_migration_v3\database_object_migration\Fetch_Object_Output\Table\mktg_ops_tbls_20260115_1842\adobe_dwb_intrctn_stg_tmp.sql
2026-01-15 18:43:10,257 - INFO - Saved DDL for adobe_dwb_txn to D:\Create_Fetch_Python_Code\database_object_migration_v3\database_object_migration\Fetch_Object_Output\Table\mktg_ops_tbls_20260115_1842\adobe_dwb_txn.sql
2026-01-15 18:43:10,632 - INFO - Saved DDL for adobe_dwb_txn_bkp to D:\Create_Fetch_Python_Code\database_object_migration_v3\database_object_migration\Fetch_Object_Output\Table\mktg_ops_tbls_20260115_1842\adobe_dwb_txn_bkp.sql
2026-01-15 18:43:11,237 - INFO - Saved DDL for adobe_dwb_txn_stg to D:\Create_Fetch_Python_Code\database_object_migration_v3\database_object_migration\Fetch_Object_Output\Table\mktg_ops_tbls_20260115_1842\adobe_dwb_txn_stg.sql
2026-01-15 18:43:13,331 - INFO - Saved DDL for all_aem_rco_rows to D:\Create_Fetch_Python_Code\database_object_migration_v3\database_object_migration\Fetch_Object_Output\Table\mktg_ops_tbls_20260115_1842\all_aem_rco_rows.sql
2026-01-15 18:43:13,706 - INFO - Saved DDL for aprm_audmem_map to D:\Create_Fetch_Python_Code\database_object_migration_v3\database_object_migration\Fetch_Object_Output\Table\mktg_ops_tbls_20260115_1842\aprm_audmem_map.sql
2026-01-15 18:43:14,064 - INFO - Saved DDL for aprm_bncd_eml_img to D:\Create_Fetch_Python_Code\database_object_migration_v3\database_object_migration\Fetch_Object_Output\Table\mktg_ops_tbls_20260115_1842\aprm_bncd_eml_img.sql
2026-01-15 18:43:14,454 - INFO - Saved DDL for aprm_dim_activity to D:\Create_Fetch_Python_Code\database_object_migration_v3\database_object_migration\Fetch_Object_Output\Table\mktg_ops_tbls_20260115_1842\aprm_dim_activity.sql
2026-01-15 18:43:15,203 - INFO - Saved DDL for aprm_email_lnk_clkd_img to D:\Create_Fetch_Python_Code\database_object_migration_v3\database_object_migration\Fetch_Object_Output\Table\mktg_ops_tbls_20260115_1842\aprm_email_lnk_clkd_img.sql
2026-01-15 18:43:15,584 - INFO - Saved DDL for aprm_email_opened_img to D:\Create_Fetch_Python_Code\database_object_migration_v3\database_object_migration\Fetch_Object_Output\Table\mktg_ops_tbls_20260115_1842\aprm_email_opened_img.sql
2026-01-15 18:43:15,997 - INFO - Saved DDL for aprm_email_remove_img to D:\Create_Fetch_Python_Code\database_object_migration_v3\database_object_migration\Fetch_Object_Output\Table\mktg_ops_tbls_20260115_1842\aprm_email_remove_img.sql
2026-01-15 18:43:16,376 - INFO - Saved DDL for aprm_email_sent_img to D:\Create_Fetch_Python_Code\database_object_migration_v3\database_object_migration\Fetch_Object_Output\Table\mktg_ops_tbls_20260115_1842\aprm_email_sent_img.sql
2026-01-15 18:43:16,757 - INFO - Saved DDL for aprm_msg_cnt_blk_img to D:\Create_Fetch_Python_Code\database_object_migration_v3\database_object_migration\Fetch_Object_Output\Table\mktg_ops_tbls_20260115_1842\aprm_msg_cnt_blk_img.sql
2026-01-15 18:43:17,139 - INFO - Saved DDL for aprm_wb_apnd_bio_dnr_stsfctn_srvy to D:\Create_Fetch_Python_Code\database_object_migration_v3\database_object_migration\Fetch_Object_Output\Table\mktg_ops_tbls_20260115_1842\aprm_wb_apnd_bio_dnr_stsfctn_srvy.sql
2026-01-15 18:43:17,739 - INFO - Saved DDL for aprm_wb_apnd_bncd_eml to D:\Create_Fetch_Python_Code\database_object_migration_v3\database_object_migration\Fetch_Object_Output\Table\mktg_ops_tbls_20260115_1842\aprm_wb_apnd_bncd_eml.sql
2026-01-15 18:43:18,117 - INFO - Saved DDL for aprm_wb_apnd_cell_cds to D:\Create_Fetch_Python_Code\database_object_migration_v3\database_object_migration\Fetch_Object_Output\Table\mktg_ops_tbls_20260115_1842\aprm_wb_apnd_cell_cds.sql
2026-01-15 18:43:18,533 - INFO - Saved DDL for aprm_wb_apnd_cm_segmnt to D:\Create_Fetch_Python_Code\database_object_migration_v3\database_object_migration\Fetch_Object_Output\Table\mktg_ops_tbls_20260115_1842\aprm_wb_apnd_cm_segmnt.sql
2026-01-15 18:43:18,916 - INFO - Saved DDL for aprm_wb_apnd_email to D:\Create_Fetch_Python_Code\database_object_migration_v3\database_object_migration\Fetch_Object_Output\Table\mktg_ops_tbls_20260115_1842\aprm_wb_apnd_email.sql
2026-01-15 18:43:19,294 - INFO - Saved DDL for aprm_wb_apnd_eml_trckng to D:\Create_Fetch_Python_Code\database_object_migration_v3\database_object_migration\Fetch_Object_Output\Table\mktg_ops_tbls_20260115_1842\aprm_wb_apnd_eml_trckng.sql
2026-01-15 18:43:19,877 - INFO - Saved DDL for aprm_wb_apnd_eml_trckng_bkp to D:\Create_Fetch_Python_Code\database_object_migration_v3\database_object_migration\Fetch_Object_Output\Table\mktg_ops_tbls_20260115_1842\aprm_wb_apnd_eml_trckng_bkp.sql
2026-01-15 18:43:20,450 - INFO - Saved DDL for aprm_wb_apnd_inbnd_frm_cmpltd to D:\Create_Fetch_Python_Code\database_object_migration_v3\database_object_migration\Fetch_Object_Output\Table\mktg_ops_tbls_20260115_1842\aprm_wb_apnd_inbnd_frm_cmpltd.sql
2026-01-15 18:43:21,034 - INFO - Saved DDL for aprm_wb_apnd_mcrst_mtrcs to D:\Create_Fetch_Python_Code\database_object_migration_v3\database_object_migration\Fetch_Object_Output\Table\mktg_ops_tbls_20260115_1842\aprm_wb_apnd_mcrst_mtrcs.sql
2026-01-15 18:43:21,629 - INFO - Saved DDL for aprm_wb_apnd_outbnd_msg_snt to D:\Create_Fetch_Python_Code\database_object_migration_v3\database_object_migration\Fetch_Object_Output\Table\mktg_ops_tbls_20260115_1842\aprm_wb_apnd_outbnd_msg_snt.sql
2026-01-15 18:43:22,208 - INFO - Saved DDL for aprm_wb_apnd_outbnd_msgs to D:\Create_Fetch_Python_Code\database_object_migration_v3\database_object_migration\Fetch_Object_Output\Table\mktg_ops_tbls_20260115_1842\aprm_wb_apnd_outbnd_msgs.sql
2026-01-15 18:43:22,735 - INFO - Saved DDL for aprm_wb_apnd_rmv_frm_lst to D:\Create_Fetch_Python_Code\database_object_migration_v3\database_object_migration\Fetch_Object_Output\Table\mktg_ops_tbls_20260115_1842\aprm_wb_apnd_rmv_frm_lst.sql
2026-01-15 18:43:23,519 - INFO - Saved DDL for aprm_wb_apnd_segmntn to D:\Create_Fetch_Python_Code\database_object_migration_v3\database_object_migration\Fetch_Object_Output\Table\mktg_ops_tbls_20260115_1842\aprm_wb_apnd_segmntn.sql
2026-01-15 18:43:23,896 - INFO - Saved DDL for aprm_wb_apnd_unsubs_rplc to D:\Create_Fetch_Python_Code\database_object_migration_v3\database_object_migration\Fetch_Object_Output\Table\mktg_ops_tbls_20260115_1842\aprm_wb_apnd_unsubs_rplc.sql
2026-01-15 18:43:24,271 - INFO - Saved DDL for aprm_wb_replc_act_cells to D:\Create_Fetch_Python_Code\database_object_migration_v3\database_object_migration\Fetch_Object_Output\Table\mktg_ops_tbls_20260115_1842\aprm_wb_replc_act_cells.sql
2026-01-15 18:43:24,799 - INFO - Saved DDL for aprm_wb_replc_act_offrs to D:\Create_Fetch_Python_Code\database_object_migration_v3\database_object_migration\Fetch_Object_Output\Table\mktg_ops_tbls_20260115_1842\aprm_wb_replc_act_offrs.sql
2026-01-15 18:43:25,553 - INFO - Saved DDL for aprm_wb_replc_act_trtmts to D:\Create_Fetch_Python_Code\database_object_migration_v3\database_object_migration\Fetch_Object_Output\Table\mktg_ops_tbls_20260115_1842\aprm_wb_replc_act_trtmts.sql
2026-01-15 18:43:25,926 - INFO - Saved DDL for aprm_wb_replc_activities to D:\Create_Fetch_Python_Code\database_object_migration_v3\database_object_migration\Fetch_Object_Output\Table\mktg_ops_tbls_20260115_1842\aprm_wb_replc_activities.sql
2026-01-15 18:43:26,702 - INFO - Saved DDL for aprm_wb_replc_offrs to D:\Create_Fetch_Python_Code\database_object_migration_v3\database_object_migration\Fetch_Object_Output\Table\mktg_ops_tbls_20260115_1842\aprm_wb_replc_offrs.sql
2026-01-15 18:43:27,156 - INFO - Saved DDL for aprm_wb_rplc_fr_prf_cntr_lt to D:\Create_Fetch_Python_Code\database_object_migration_v3\database_object_migration\Fetch_Object_Output\Table\mktg_ops_tbls_20260115_1842\aprm_wb_rplc_fr_prf_cntr_lt.sql
2026-01-15 18:43:27,543 - INFO - Saved DDL for aprm_wb_rplc_outbnd_msg_snt to D:\Create_Fetch_Python_Code\database_object_migration_v3\database_object_migration\Fetch_Object_Output\Table\mktg_ops_tbls_20260115_1842\aprm_wb_rplc_outbnd_msg_snt.sql
2026-01-15 18:43:30,045 - INFO - Saved DDL for arc_aem_rco_txn to D:\Create_Fetch_Python_Code\database_object_migration_v3\database_object_migration\Fetch_Object_Output\Table\mktg_ops_tbls_20260115_1842\arc_aem_rco_txn.sql
2026-01-15 18:43:30,859 - INFO - Saved DDL for arc_biomed_smry_bkp to D:\Create_Fetch_Python_Code\database_object_migration_v3\database_object_migration\Fetch_Object_Output\Table\mktg_ops_tbls_20260115_1842\arc_biomed_smry_bkp.sql
2026-01-15 18:43:31,239 - INFO - Saved DDL for arc_biomed_txn_bkp to D:\Create_Fetch_Python_Code\database_object_migration_v3\database_object_migration\Fetch_Object_Output\Table\mktg_ops_tbls_20260115_1842\arc_biomed_txn_bkp.sql
2026-01-15 18:43:31,619 - INFO - Saved DDL for arc_cdi_smry_addr_tmp to D:\Create_Fetch_Python_Code\database_object_migration_v3\database_object_migration\Fetch_Object_Output\Table\mktg_ops_tbls_20260115_1842\arc_cdi_smry_addr_tmp.sql
2026-01-15 18:43:31,988 - INFO - Saved DDL for arc_cdi_smry_email_tmp to D:\Create_Fetch_Python_Code\database_object_migration_v3\database_object_migration\Fetch_Object_Output\Table\mktg_ops_tbls_20260115_1842\arc_cdi_smry_email_tmp.sql
2026-01-15 18:43:32,368 - INFO - Saved DDL for arc_cdi_smry_extrct to D:\Create_Fetch_Python_Code\database_object_migration_v3\database_object_migration\Fetch_Object_Output\Table\mktg_ops_tbls_20260115_1842\arc_cdi_smry_extrct.sql
2026-01-15 18:43:32,746 - INFO - Saved DDL for arc_cdi_smry_phn_tmp to D:\Create_Fetch_Python_Code\database_object_migration_v3\database_object_migration\Fetch_Object_Output\Table\mktg_ops_tbls_20260115_1842\arc_cdi_smry_phn_tmp.sql
2026-01-15 18:43:33,126 - INFO - Saved DDL for arc_crm_ent_infrd_prfl to D:\Create_Fetch_Python_Code\database_object_migration_v3\database_object_migration\Fetch_Object_Output\Table\mktg_ops_tbls_20260115_1842\arc_crm_ent_infrd_prfl.sql
2026-01-15 18:43:33,621 - INFO - Saved DDL for arc_crm_ent_prfl to D:\Create_Fetch_Python_Code\database_object_migration_v3\database_object_migration\Fetch_Object_Output\Table\mktg_ops_tbls_20260115_1842\arc_crm_ent_prfl.sql
2026-01-15 18:43:33,990 - INFO - Saved DDL for arc_fr_smry_extrct to D:\Create_Fetch_Python_Code\database_object_migration_v3\database_object_migration\Fetch_Object_Output\Table\mktg_ops_tbls_20260115_1842\arc_fr_smry_extrct.sql
2026-01-15 18:43:34,377 - INFO - Saved DDL for arc_fr_smry_extrct_tmp to D:\Create_Fetch_Python_Code\database_object_migration_v3\database_object_migration\Fetch_Object_Output\Table\mktg_ops_tbls_20260115_1842\arc_fr_smry_extrct_tmp.sql
2026-01-15 18:43:34,894 - INFO - Saved DDL for arc_fr_smry_mdl to D:\Create_Fetch_Python_Code\database_object_migration_v3\database_object_migration\Fetch_Object_Output\Table\mktg_ops_tbls_20260115_1842\arc_fr_smry_mdl.sql
2026-01-15 18:43:35,395 - INFO - Saved DDL for arc_fr_txn_bnchmrk_extrct to D:\Create_Fetch_Python_Code\database_object_migration_v3\database_object_migration\Fetch_Object_Output\Table\mktg_ops_tbls_20260115_1842\arc_fr_txn_bnchmrk_extrct.sql
2026-01-15 18:43:35,907 - INFO - Saved DDL for arc_fr_txn_extrct to D:\Create_Fetch_Python_Code\database_object_migration_v3\database_object_migration\Fetch_Object_Output\Table\mktg_ops_tbls_20260115_1842\arc_fr_txn_extrct.sql
2026-01-15 18:43:36,424 - INFO - Saved DDL for arc_fundrsng_summary to D:\Create_Fetch_Python_Code\database_object_migration_v3\database_object_migration\Fetch_Object_Output\Table\mktg_ops_tbls_20260115_1842\arc_fundrsng_summary.sql
2026-01-15 18:43:36,809 - INFO - Saved DDL for arc_lob_smry_extrct to D:\Create_Fetch_Python_Code\database_object_migration_v3\database_object_migration\Fetch_Object_Output\Table\mktg_ops_tbls_20260115_1842\arc_lob_smry_extrct.sql
2026-01-15 18:43:37,496 - INFO - Saved DDL for arc_lob_smry_extrct_oct to D:\Create_Fetch_Python_Code\database_object_migration_v3\database_object_migration\Fetch_Object_Output\Table\mktg_ops_tbls_20260115_1842\arc_lob_smry_extrct_oct.sql
2026-01-15 18:43:37,876 - INFO - Saved DDL for arc_lob_smry_non_fr_extrct to D:\Create_Fetch_Python_Code\database_object_migration_v3\database_object_migration\Fetch_Object_Output\Table\mktg_ops_tbls_20260115_1842\arc_lob_smry_non_fr_extrct.sql
2026-01-15 18:43:38,309 - INFO - Saved DDL for arc_missing_script_numbers to D:\Create_Fetch_Python_Code\database_object_migration_v3\database_object_migration\Fetch_Object_Output\Table\mktg_ops_tbls_20260115_1842\arc_missing_script_numbers.sql
2026-01-15 18:43:38,684 - INFO - Saved DDL for arc_phss_recert_txn to D:\Create_Fetch_Python_Code\database_object_migration_v3\database_object_migration\Fetch_Object_Output\Table\mktg_ops_tbls_20260115_1842\arc_phss_recert_txn.sql
2026-01-15 18:43:39,055 - INFO - Saved DDL for arc_phss_recert_txn_bkp to D:\Create_Fetch_Python_Code\database_object_migration_v3\database_object_migration\Fetch_Object_Output\Table\mktg_ops_tbls_20260115_1842\arc_phss_recert_txn_bkp.sql
2026-01-15 18:43:39,415 - INFO - Saved DDL for arc_phss_smry_bkp to D:\Create_Fetch_Python_Code\database_object_migration_v3\database_object_migration\Fetch_Object_Output\Table\mktg_ops_tbls_20260115_1842\arc_phss_smry_bkp.sql
2026-01-15 18:43:39,791 - INFO - Saved DDL for arc_phss_txn_bkp to D:\Create_Fetch_Python_Code\database_object_migration_v3\database_object_migration\Fetch_Object_Output\Table\mktg_ops_tbls_20260115_1842\arc_phss_txn_bkp.sql
2026-01-15 18:43:40,168 - INFO - Saved DDL for arc_simio_rfm_assets_appends to D:\Create_Fetch_Python_Code\database_object_migration_v3\database_object_migration\Fetch_Object_Output\Table\mktg_ops_tbls_20260115_1842\arc_simio_rfm_assets_appends.sql
2026-01-15 18:43:40,567 - INFO - Saved DDL for arc_tag_extrct_bridge to D:\Create_Fetch_Python_Code\database_object_migration_v3\database_object_migration\Fetch_Object_Output\Table\mktg_ops_tbls_20260115_1842\arc_tag_extrct_bridge.sql
2026-01-15 18:43:40,949 - INFO - Saved DDL for arc_tag_extrct_bridge_bkp to D:\Create_Fetch_Python_Code\database_object_migration_v3\database_object_migration\Fetch_Object_Output\Table\mktg_ops_tbls_20260115_1842\arc_tag_extrct_bridge_bkp.sql
2026-01-15 18:43:41,326 - INFO - Saved DDL for arc_tag_non_fr_extrct_bridge to D:\Create_Fetch_Python_Code\database_object_migration_v3\database_object_migration\Fetch_Object_Output\Table\mktg_ops_tbls_20260115_1842\arc_tag_non_fr_extrct_bridge.sql
2026-01-15 18:43:41,717 - INFO - Saved DDL for arc_tag_non_fr_extrct_bridge_bkp to D:\Create_Fetch_Python_Code\database_object_migration_v3\database_object_migration\Fetch_Object_Output\Table\mktg_ops_tbls_20260115_1842\arc_tag_non_fr_extrct_bridge_bkp.sql
2026-01-15 18:43:42,089 - INFO - Saved DDL for arc_tag_non_fr_extrct_bridge_tmp to D:\Create_Fetch_Python_Code\database_object_migration_v3\database_object_migration\Fetch_Object_Output\Table\mktg_ops_tbls_20260115_1842\arc_tag_non_fr_extrct_bridge_tmp.sql
2026-01-15 18:43:42,472 - INFO - Saved DDL for awb_cdi_mstr_mrg to D:\Create_Fetch_Python_Code\database_object_migration_v3\database_object_migration\Fetch_Object_Output\Table\mktg_ops_tbls_20260115_1842\awb_cdi_mstr_mrg.sql
2026-01-15 18:43:42,847 - INFO - Saved DDL for awb_dmail_xtrct to D:\Create_Fetch_Python_Code\database_object_migration_v3\database_object_migration\Fetch_Object_Output\Table\mktg_ops_tbls_20260115_1842\awb_dmail_xtrct.sql
2026-01-15 18:43:43,230 - INFO - Saved DDL for awb_dntn_xtrct to D:\Create_Fetch_Python_Code\database_object_migration_v3\database_object_migration\Fetch_Object_Output\Table\mktg_ops_tbls_20260115_1842\awb_dntn_xtrct.sql
2026-01-15 18:43:43,606 - INFO - Saved DDL for awb_rcpnt_2_cdi_mstr to D:\Create_Fetch_Python_Code\database_object_migration_v3\database_object_migration\Fetch_Object_Output\Table\mktg_ops_tbls_20260115_1842\awb_rcpnt_2_cdi_mstr.sql
2026-01-15 18:43:43,981 - INFO - Saved DDL for awb_rcpnt_2_cdi_mstr_xtrct to D:\Create_Fetch_Python_Code\database_object_migration_v3\database_object_migration\Fetch_Object_Output\Table\mktg_ops_tbls_20260115_1842\awb_rcpnt_2_cdi_mstr_xtrct.sql
2026-01-15 18:43:44,351 - INFO - Saved DDL for agent to D:\Create_Fetch_Python_Code\database_object_migration_v3\database_object_migration\Fetch_Object_Output\Table\mktg_ops_tbls_20260115_1842\agent.sql
2026-01-15 18:43:44,729 - INFO - Saved DDL for aprm_msg_content_block to D:\Create_Fetch_Python_Code\database_object_migration_v3\database_object_migration\Fetch_Object_Output\Table\mktg_ops_tbls_20260115_1842\aprm_msg_content_block.sql
2026-01-15 18:43:45,100 - INFO - Saved DDL for arc_biomed_txn_ext_staff to D:\Create_Fetch_Python_Code\database_object_migration_v3\database_object_migration\Fetch_Object_Output\Table\mktg_ops_tbls_20260115_1842\arc_biomed_txn_ext_staff.sql
2026-01-15 18:43:45,472 - INFO - Saved DDL for arc_biomed_txn_ext_staff_bkp to D:\Create_Fetch_Python_Code\database_object_migration_v3\database_object_migration\Fetch_Object_Output\Table\mktg_ops_tbls_20260115_1842\arc_biomed_txn_ext_staff_bkp.sql
2026-01-15 18:43:45,837 - INFO - Saved DDL for arc_fr_txn_all_cnst to D:\Create_Fetch_Python_Code\database_object_migration_v3\database_object_migration\Fetch_Object_Output\Table\mktg_ops_tbls_20260115_1842\arc_fr_txn_all_cnst.sql
2026-01-15 18:43:46,218 - INFO - Saved DDL for arc_fr_txn_bkp to D:\Create_Fetch_Python_Code\database_object_migration_v3\database_object_migration\Fetch_Object_Output\Table\mktg_ops_tbls_20260115_1842\arc_fr_txn_bkp.sql
2026-01-15 18:43:46,601 - INFO - Saved DDL for arc_fr_txn_del to D:\Create_Fetch_Python_Code\database_object_migration_v3\database_object_migration\Fetch_Object_Output\Table\mktg_ops_tbls_20260115_1842\arc_fr_txn_del.sql
2026-01-15 18:43:46,973 - INFO - Saved DDL for arc_fr_txn_tst to D:\Create_Fetch_Python_Code\database_object_migration_v3\database_object_migration\Fetch_Object_Output\Table\mktg_ops_tbls_20260115_1842\arc_fr_txn_tst.sql
2026-01-15 18:43:47,347 - INFO - Saved DDL for pacific_east_phone_append to D:\Create_Fetch_Python_Code\database_object_migration_v3\database_object_migration\Fetch_Object_Output\Table\mktg_ops_tbls_20260115_1842\pacific_east_phone_append.sql
2026-01-15 18:43:47,729 - INFO - Saved DDL for arc_phss_txn to D:\Create_Fetch_Python_Code\database_object_migration_v3\database_object_migration\Fetch_Object_Output\Table\mktg_ops_tbls_20260115_1842\arc_phss_txn.sql
2026-01-15 18:43:48,099 - INFO - Saved DDL for load_control_table to D:\Create_Fetch_Python_Code\database_object_migration_v3\database_object_migration\Fetch_Object_Output\Table\mktg_ops_tbls_20260115_1842\load_control_table.sql
2026-01-15 18:43:48,467 - INFO - Saved DDL for dim_region_rsmo to D:\Create_Fetch_Python_Code\database_object_migration_v3\database_object_migration\Fetch_Object_Output\Table\mktg_ops_tbls_20260115_1842\dim_region_rsmo.sql
2026-01-15 18:43:48,831 - INFO - Saved DDL for dim_bio_donat_freq to D:\Create_Fetch_Python_Code\database_object_migration_v3\database_object_migration\Fetch_Object_Output\Table\mktg_ops_tbls_20260115_1842\dim_bio_donat_freq.sql
2026-01-15 18:43:49,207 - INFO - Saved DDL for bzf_cem_cnst_opt_outs_copy to D:\Create_Fetch_Python_Code\database_object_migration_v3\database_object_migration\Fetch_Object_Output\Table\mktg_ops_tbls_20260115_1842\bzf_cem_cnst_opt_outs_copy.sql
2026-01-15 18:43:49,585 - INFO - Saved DDL for gofundraise_donor to D:\Create_Fetch_Python_Code\database_object_migration_v3\database_object_migration\Fetch_Object_Output\Table\mktg_ops_tbls_20260115_1842\gofundraise_donor.sql
2026-01-15 18:43:49,949 - INFO - Saved DDL for audit_log to D:\Create_Fetch_Python_Code\database_object_migration_v3\database_object_migration\Fetch_Object_Output\Table\mktg_ops_tbls_20260115_1842\audit_log.sql
2026-01-15 18:43:50,335 - INFO - Saved DDL for arc_glossary to D:\Create_Fetch_Python_Code\database_object_migration_v3\database_object_migration\Fetch_Object_Output\Table\mktg_ops_tbls_20260115_1842\arc_glossary.sql
2026-01-15 18:43:50,704 - INFO - Saved DDL for dim_edrtl_response_period to D:\Create_Fetch_Python_Code\database_object_migration_v3\database_object_migration\Fetch_Object_Output\Table\mktg_ops_tbls_20260115_1842\dim_edrtl_response_period.sql
2026-01-15 18:43:51,072 - INFO - Saved DDL for dv_arc_bio_smry to D:\Create_Fetch_Python_Code\database_object_migration_v3\database_object_migration\Fetch_Object_Output\Table\mktg_ops_tbls_20260115_1842\dv_arc_bio_smry.sql
2026-01-15 18:43:51,447 - INFO - Saved DDL for dv_arc_entrprs_smry to D:\Create_Fetch_Python_Code\database_object_migration_v3\database_object_migration\Fetch_Object_Output\Table\mktg_ops_tbls_20260115_1842\dv_arc_entrprs_smry.sql
2026-01-15 18:43:51,817 - INFO - Saved DDL for dv_arc_fr_smry to D:\Create_Fetch_Python_Code\database_object_migration_v3\database_object_migration\Fetch_Object_Output\Table\mktg_ops_tbls_20260115_1842\dv_arc_fr_smry.sql
2026-01-15 18:43:52,235 - INFO - Saved DDL for dv_arc_phss_smry to D:\Create_Fetch_Python_Code\database_object_migration_v3\database_object_migration\Fetch_Object_Output\Table\mktg_ops_tbls_20260115_1842\dv_arc_phss_smry.sql
2026-01-15 18:43:52,639 - INFO - Saved DDL for dv_arc_vms_smry to D:\Create_Fetch_Python_Code\database_object_migration_v3\database_object_migration\Fetch_Object_Output\Table\mktg_ops_tbls_20260115_1842\dv_arc_vms_smry.sql
2026-01-15 18:43:53,038 - INFO - Saved DDL for aprm_wb_apnd_prfrnc_cntr to D:\Create_Fetch_Python_Code\database_object_migration_v3\database_object_migration\Fetch_Object_Output\Table\mktg_ops_tbls_20260115_1842\aprm_wb_apnd_prfrnc_cntr.sql
2026-01-15 18:43:53,439 - INFO - Saved DDL for adb_enumrtn_lkp to D:\Create_Fetch_Python_Code\database_object_migration_v3\database_object_migration\Fetch_Object_Output\Table\mktg_ops_tbls_20260115_1842\adb_enumrtn_lkp.sql
2026-01-15 18:43:53,847 - INFO - Saved DDL for aprm_wb_apnd_treatmnts to D:\Create_Fetch_Python_Code\database_object_migration_v3\database_object_migration\Fetch_Object_Output\Table\mktg_ops_tbls_20260115_1842\aprm_wb_apnd_treatmnts.sql
2026-01-15 18:43:54,261 - INFO - Saved DDL for srvy_rgnl_ldrshp_hst to D:\Create_Fetch_Python_Code\database_object_migration_v3\database_object_migration\Fetch_Object_Output\Table\mktg_ops_tbls_20260115_1842\srvy_rgnl_ldrshp_hst.sql
2026-01-15 18:43:54,642 - INFO - Saved DDL for srvy_anvrsy_vlntr_rspns_load_cntl to D:\Create_Fetch_Python_Code\database_object_migration_v3\database_object_migration\Fetch_Object_Output\Table\mktg_ops_tbls_20260115_1842\srvy_anvrsy_vlntr_rspns_load_cntl.sql
2026-01-15 18:43:55,053 - INFO - Saved DDL for srvy_rgnl_ldrshp_sent to D:\Create_Fetch_Python_Code\database_object_migration_v3\database_object_migration\Fetch_Object_Output\Table\mktg_ops_tbls_20260115_1842\srvy_rgnl_ldrshp_sent.sql
2026-01-15 18:43:55,463 - INFO - Saved DDL for srvy_blood_sponsor_respondents to D:\Create_Fetch_Python_Code\database_object_migration_v3\database_object_migration\Fetch_Object_Output\Table\mktg_ops_tbls_20260115_1842\srvy_blood_sponsor_respondents.sql
2026-01-15 18:43:55,878 - INFO - Saved DDL for srvy_hsptl_questions_hst to D:\Create_Fetch_Python_Code\database_object_migration_v3\database_object_migration\Fetch_Object_Output\Table\mktg_ops_tbls_20260115_1842\srvy_hsptl_questions_hst.sql
2026-01-15 18:43:56,275 - INFO - Saved DDL for srvy_hsptl_rspns_hst to D:\Create_Fetch_Python_Code\database_object_migration_v3\database_object_migration\Fetch_Object_Output\Table\mktg_ops_tbls_20260115_1842\srvy_hsptl_rspns_hst.sql
2026-01-15 18:43:56,805 - INFO - Saved DDL for srvy_hsptl_customer_contact to D:\Create_Fetch_Python_Code\database_object_migration_v3\database_object_migration\Fetch_Object_Output\Table\mktg_ops_tbls_20260115_1842\srvy_hsptl_customer_contact.sql
2026-01-15 18:43:57,304 - INFO - Saved DDL for srvy_dim_survey to D:\Create_Fetch_Python_Code\database_object_migration_v3\database_object_migration\Fetch_Object_Output\Table\mktg_ops_tbls_20260115_1842\srvy_dim_survey.sql
2026-01-15 18:43:57,824 - INFO - Saved DDL for srvy_dim_values to D:\Create_Fetch_Python_Code\database_object_migration_v3\database_object_migration\Fetch_Object_Output\Table\mktg_ops_tbls_20260115_1842\srvy_dim_values.sql
2026-01-15 18:43:58,337 - INFO - Saved DDL for srvy_hsptl_load_cntl to D:\Create_Fetch_Python_Code\database_object_migration_v3\database_object_migration\Fetch_Object_Output\Table\mktg_ops_tbls_20260115_1842\srvy_hsptl_load_cntl.sql
2026-01-15 18:43:58,723 - INFO - Saved DDL for srvy_hsptl_periods_hst to D:\Create_Fetch_Python_Code\database_object_migration_v3\database_object_migration\Fetch_Object_Output\Table\mktg_ops_tbls_20260115_1842\srvy_hsptl_periods_hst.sql
2026-01-15 18:43:59,106 - INFO - Saved DDL for srvy_hsptl_questions to D:\Create_Fetch_Python_Code\database_object_migration_v3\database_object_migration\Fetch_Object_Output\Table\mktg_ops_tbls_20260115_1842\srvy_hsptl_questions.sql
2026-01-15 18:43:59,478 - INFO - Saved DDL for srvy_hsptl_questn_catgry to D:\Create_Fetch_Python_Code\database_object_migration_v3\database_object_migration\Fetch_Object_Output\Table\mktg_ops_tbls_20260115_1842\srvy_hsptl_questn_catgry.sql
2026-01-15 18:44:00,041 - INFO - Saved DDL for srvy_hsptl_sf_contact to D:\Create_Fetch_Python_Code\database_object_migration_v3\database_object_migration\Fetch_Object_Output\Table\mktg_ops_tbls_20260115_1842\srvy_hsptl_sf_contact.sql
2026-01-15 18:44:00,584 - INFO - Saved DDL for srvy_hsptl_survey to D:\Create_Fetch_Python_Code\database_object_migration_v3\database_object_migration\Fetch_Object_Output\Table\mktg_ops_tbls_20260115_1842\srvy_hsptl_survey.sql
2026-01-15 18:44:01,141 - INFO - Saved DDL for srvy_hsptl_survey_hst to D:\Create_Fetch_Python_Code\database_object_migration_v3\database_object_migration\Fetch_Object_Output\Table\mktg_ops_tbls_20260115_1842\srvy_hsptl_survey_hst.sql
2026-01-15 18:44:01,511 - INFO - Saved DDL for srvy_hsptl_values to D:\Create_Fetch_Python_Code\database_object_migration_v3\database_object_migration\Fetch_Object_Output\Table\mktg_ops_tbls_20260115_1842\srvy_hsptl_values.sql
2026-01-15 18:44:01,880 - INFO - Saved DDL for srvy_hsptl_values_hst to D:\Create_Fetch_Python_Code\database_object_migration_v3\database_object_migration\Fetch_Object_Output\Table\mktg_ops_tbls_20260115_1842\srvy_hsptl_values_hst.sql
2026-01-15 18:44:02,376 - INFO - Saved DDL for srvy_hsptl_questn_2_srvy_xref to D:\Create_Fetch_Python_Code\database_object_migration_v3\database_object_migration\Fetch_Object_Output\Table\mktg_ops_tbls_20260115_1842\srvy_hsptl_questn_2_srvy_xref.sql
2026-01-15 18:44:02,876 - INFO - Saved DDL for srvy_anvrsry_vlntr_load_cntl to D:\Create_Fetch_Python_Code\database_object_migration_v3\database_object_migration\Fetch_Object_Output\Table\mktg_ops_tbls_20260115_1842\srvy_anvrsry_vlntr_load_cntl.sql
2026-01-15 18:44:03,381 - INFO - Saved DDL for srvy_anvrsry_vlntr_questions to D:\Create_Fetch_Python_Code\database_object_migration_v3\database_object_migration\Fetch_Object_Output\Table\mktg_ops_tbls_20260115_1842\srvy_anvrsry_vlntr_questions.sql
2026-01-15 18:44:03,874 - INFO - Saved DDL for srvy_new_vlntr_questn_2_srvy_xref to D:\Create_Fetch_Python_Code\database_object_migration_v3\database_object_migration\Fetch_Object_Output\Table\mktg_ops_tbls_20260115_1842\srvy_new_vlntr_questn_2_srvy_xref.sql
2026-01-15 18:44:04,387 - INFO - Saved DDL for srvy_anvrsry_vlntr_questn_2_srvy_xref to D:\Create_Fetch_Python_Code\database_object_migration_v3\database_object_migration\Fetch_Object_Output\Table\mktg_ops_tbls_20260115_1842\srvy_anvrsry_vlntr_questn_2_srvy_xref.sql
2026-01-15 18:44:04,753 - INFO - Saved DDL for srvy_blood_sponsor_load_cntl to D:\Create_Fetch_Python_Code\database_object_migration_v3\database_object_migration\Fetch_Object_Output\Table\mktg_ops_tbls_20260115_1842\srvy_blood_sponsor_load_cntl.sql
2026-01-15 18:44:05,119 - INFO - Saved DDL for srvy_blood_sponsor_questions to D:\Create_Fetch_Python_Code\database_object_migration_v3\database_object_migration\Fetch_Object_Output\Table\mktg_ops_tbls_20260115_1842\srvy_blood_sponsor_questions.sql
2026-01-15 18:44:05,613 - INFO - Saved DDL for srvy_blood_sponsor_questn_2_srvy_xref to D:\Create_Fetch_Python_Code\database_object_migration_v3\database_object_migration\Fetch_Object_Output\Table\mktg_ops_tbls_20260115_1842\srvy_blood_sponsor_questn_2_srvy_xref.sql
2026-01-15 18:44:05,978 - INFO - Saved DDL for srvy_new_vlntr_load_cntl to D:\Create_Fetch_Python_Code\database_object_migration_v3\database_object_migration\Fetch_Object_Output\Table\mktg_ops_tbls_20260115_1842\srvy_new_vlntr_load_cntl.sql
2026-01-15 18:44:06,439 - INFO - Saved DDL for srvy_new_vlntr_questions to D:\Create_Fetch_Python_Code\database_object_migration_v3\database_object_migration\Fetch_Object_Output\Table\mktg_ops_tbls_20260115_1842\srvy_new_vlntr_questions.sql
2026-01-15 18:44:06,905 - INFO - Saved DDL for srvy_vlntr_dim_values to D:\Create_Fetch_Python_Code\database_object_migration_v3\database_object_migration\Fetch_Object_Output\Table\mktg_ops_tbls_20260115_1842\srvy_vlntr_dim_values.sql
2026-01-15 18:44:07,284 - INFO - Saved DDL for srvy_hsptl_respondents_hst_b4072825 to D:\Create_Fetch_Python_Code\database_object_migration_v3\database_object_migration\Fetch_Object_Output\Table\mktg_ops_tbls_20260115_1842\srvy_hsptl_respondents_hst_b4072825.sql
2026-01-15 18:44:07,666 - INFO - Saved DDL for srvy_hsptl_respondents_hst to D:\Create_Fetch_Python_Code\database_object_migration_v3\database_object_migration\Fetch_Object_Output\Table\mktg_ops_tbls_20260115_1842\srvy_hsptl_respondents_hst.sql
2026-01-15 18:44:08,170 - INFO - Saved DDL for srvy_hsptl_respondents to D:\Create_Fetch_Python_Code\database_object_migration_v3\database_object_migration\Fetch_Object_Output\Table\mktg_ops_tbls_20260115_1842\srvy_hsptl_respondents.sql
2026-01-15 18:44:08,776 - INFO - Saved DDL for srvy_new_vlntr_rspns_norm to D:\Create_Fetch_Python_Code\database_object_migration_v3\database_object_migration\Fetch_Object_Output\Table\mktg_ops_tbls_20260115_1842\srvy_new_vlntr_rspns_norm.sql
2026-01-15 18:44:09,138 - INFO - Saved DDL for name_gender to D:\Create_Fetch_Python_Code\database_object_migration_v3\database_object_migration\Fetch_Object_Output\Table\mktg_ops_tbls_20260115_1842\name_gender.sql
2026-01-15 18:44:09,537 - INFO - Saved DDL for srvy_anvrsy_vlntr_rspns to D:\Create_Fetch_Python_Code\database_object_migration_v3\database_object_migration\Fetch_Object_Output\Table\mktg_ops_tbls_20260115_1842\srvy_anvrsy_vlntr_rspns.sql
2026-01-15 18:44:10,301 - INFO - Saved DDL for srvy_anvrsry_vlntr_rspns_norm to D:\Create_Fetch_Python_Code\database_object_migration_v3\database_object_migration\Fetch_Object_Output\Table\mktg_ops_tbls_20260115_1842\srvy_anvrsry_vlntr_rspns_norm.sql
2026-01-15 18:44:10,974 - INFO - Saved DDL for area_code_2_time_zone to D:\Create_Fetch_Python_Code\database_object_migration_v3\database_object_migration\Fetch_Object_Output\Table\mktg_ops_tbls_20260115_1842\area_code_2_time_zone.sql
2026-01-15 18:44:11,792 - INFO - Saved DDL for final_mobile_common_opt_out to D:\Create_Fetch_Python_Code\database_object_migration_v3\database_object_migration\Fetch_Object_Output\Table\mktg_ops_tbls_20260115_1842\final_mobile_common_opt_out.sql
2026-01-15 18:44:12,270 - INFO - Saved DDL for utl_mc_bounces to D:\Create_Fetch_Python_Code\database_object_migration_v3\database_object_migration\Fetch_Object_Output\Table\mktg_ops_tbls_20260115_1842\utl_mc_bounces.sql
2026-01-15 18:44:12,665 - INFO - Saved DDL for utl_mcl_hard_bounces to D:\Create_Fetch_Python_Code\database_object_migration_v3\database_object_migration\Fetch_Object_Output\Table\mktg_ops_tbls_20260115_1842\utl_mcl_hard_bounces.sql
2026-01-15 18:44:13,044 - INFO - Saved DDL for pbi_entrprs_campgn_ts_sends to D:\Create_Fetch_Python_Code\database_object_migration_v3\database_object_migration\Fetch_Object_Output\Table\mktg_ops_tbls_20260115_1842\pbi_entrprs_campgn_ts_sends.sql
2026-01-15 18:44:13,864 - INFO - Saved DDL for srvy_blood_sponsor_rspns to D:\Create_Fetch_Python_Code\database_object_migration_v3\database_object_migration\Fetch_Object_Output\Table\mktg_ops_tbls_20260115_1842\srvy_blood_sponsor_rspns.sql
2026-01-15 18:44:14,382 - INFO - Saved DDL for fact_vs_surv_resp to D:\Create_Fetch_Python_Code\database_object_migration_v3\database_object_migration\Fetch_Object_Output\Table\mktg_ops_tbls_20260115_1842\fact_vs_surv_resp.sql
2026-01-15 18:44:14,760 - INFO - Saved DDL for adb_bio_dnr_stsfctn_srvy to D:\Create_Fetch_Python_Code\database_object_migration_v3\database_object_migration\Fetch_Object_Output\Table\mktg_ops_tbls_20260115_1842\adb_bio_dnr_stsfctn_srvy.sql
2026-01-15 18:44:15,540 - INFO - Saved DDL for srvy_new_vlntr_rspns_load_cntl to D:\Create_Fetch_Python_Code\database_object_migration_v3\database_object_migration\Fetch_Object_Output\Table\mktg_ops_tbls_20260115_1842\srvy_new_vlntr_rspns_load_cntl.sql
2026-01-15 18:44:15,907 - INFO - Saved DDL for srvy_anvrsy_vlntr_rspns_cmnt to D:\Create_Fetch_Python_Code\database_object_migration_v3\database_object_migration\Fetch_Object_Output\Table\mktg_ops_tbls_20260115_1842\srvy_anvrsy_vlntr_rspns_cmnt.sql
2026-01-15 18:44:16,387 - INFO - Saved DDL for bz_arcpg_response_typ to D:\Create_Fetch_Python_Code\database_object_migration_v3\database_object_migration\Fetch_Object_Output\Table\mktg_ops_tbls_20260115_1842\bz_arcpg_response_typ.sql
2026-01-15 18:44:16,905 - INFO - Saved DDL for dim_phone_campgn to D:\Create_Fetch_Python_Code\database_object_migration_v3\database_object_migration\Fetch_Object_Output\Table\mktg_ops_tbls_20260115_1842\dim_phone_campgn.sql
2026-01-15 18:44:17,286 - INFO - Saved DDL for arc_phss_smry to D:\Create_Fetch_Python_Code\database_object_migration_v3\database_object_migration\Fetch_Object_Output\Table\mktg_ops_tbls_20260115_1842\arc_phss_smry.sql
2026-01-15 18:44:17,759 - INFO - Saved DDL for srvy_rgnl_ldrshp to D:\Create_Fetch_Python_Code\database_object_migration_v3\database_object_migration\Fetch_Object_Output\Table\mktg_ops_tbls_20260115_1842\srvy_rgnl_ldrshp.sql
2026-01-15 18:44:18,460 - INFO - Saved DDL for dv_de_scorcrd_campgns to D:\Create_Fetch_Python_Code\database_object_migration_v3\database_object_migration\Fetch_Object_Output\Table\mktg_ops_tbls_20260115_1842\dv_de_scorcrd_campgns.sql
2026-01-15 18:44:18,826 - INFO - Saved DDL for gms_bzfc_donation_rank to D:\Create_Fetch_Python_Code\database_object_migration_v3\database_object_migration\Fetch_Object_Output\Table\mktg_ops_tbls_20260115_1842\gms_bzfc_donation_rank.sql
2026-01-15 18:44:19,514 - INFO - Saved DDL for cnst_cdi_vms_preferred_dmail to D:\Create_Fetch_Python_Code\database_object_migration_v3\database_object_migration\Fetch_Object_Output\Table\mktg_ops_tbls_20260115_1842\cnst_cdi_vms_preferred_dmail.sql
2026-01-15 18:44:19,900 - INFO - Saved DDL for cnst_cdi_vms_preferred_email to D:\Create_Fetch_Python_Code\database_object_migration_v3\database_object_migration\Fetch_Object_Output\Table\mktg_ops_tbls_20260115_1842\cnst_cdi_vms_preferred_email.sql
2026-01-15 18:44:20,351 - INFO - Saved DDL for dim_phone_campgn_src_cd_xref to D:\Create_Fetch_Python_Code\database_object_migration_v3\database_object_migration\Fetch_Object_Output\Table\mktg_ops_tbls_20260115_1842\dim_phone_campgn_src_cd_xref.sql
2026-01-15 18:44:20,797 - INFO - Saved DDL for replication_adb_nmsoperation to D:\Create_Fetch_Python_Code\database_object_migration_v3\database_object_migration\Fetch_Object_Output\Table\mktg_ops_tbls_20260115_1842\replication_adb_nmsoperation.sql
2026-01-15 18:44:21,158 - INFO - Saved DDL for replication_adb_xtkworkflow to D:\Create_Fetch_Python_Code\database_object_migration_v3\database_object_migration\Fetch_Object_Output\Table\mktg_ops_tbls_20260115_1842\replication_adb_xtkworkflow.sql
2026-01-15 18:44:21,544 - INFO - Saved DDL for scr to D:\Create_Fetch_Python_Code\database_object_migration_v3\database_object_migration\Fetch_Object_Output\Table\mktg_ops_tbls_20260115_1842\scr.sql
2026-01-15 18:44:22,005 - INFO - Saved DDL for mktg_load_cntl to D:\Create_Fetch_Python_Code\database_object_migration_v3\database_object_migration\Fetch_Object_Output\Table\mktg_ops_tbls_20260115_1842\mktg_load_cntl.sql
2026-01-15 18:44:22,392 - INFO - Saved DDL for pbi_entrprs_campgn_comnts to D:\Create_Fetch_Python_Code\database_object_migration_v3\database_object_migration\Fetch_Object_Output\Table\mktg_ops_tbls_20260115_1842\pbi_entrprs_campgn_comnts.sql
2026-01-15 18:44:23,131 - INFO - Saved DDL for esri_zip_cd_demgrphc to D:\Create_Fetch_Python_Code\database_object_migration_v3\database_object_migration\Fetch_Object_Output\Table\mktg_ops_tbls_20260115_1842\esri_zip_cd_demgrphc.sql
2026-01-15 18:44:23,507 - INFO - Saved DDL for cnst_scr_acct to D:\Create_Fetch_Python_Code\database_object_migration_v3\database_object_migration\Fetch_Object_Output\Table\mktg_ops_tbls_20260115_1842\cnst_scr_acct.sql
2026-01-15 18:44:24,195 - INFO - Saved DDL for replication_aprm_email_remove to D:\Create_Fetch_Python_Code\database_object_migration_v3\database_object_migration\Fetch_Object_Output\Table\mktg_ops_tbls_20260115_1842\replication_aprm_email_remove.sql
2026-01-15 18:44:24,684 - INFO - Saved DDL for aprm_email_remove to D:\Create_Fetch_Python_Code\database_object_migration_v3\database_object_migration\Fetch_Object_Output\Table\mktg_ops_tbls_20260115_1842\aprm_email_remove.sql
2026-01-15 18:44:25,429 - INFO - Saved DDL for bz_dim_cnst_demographic to D:\Create_Fetch_Python_Code\database_object_migration_v3\database_object_migration\Fetch_Object_Output\Table\mktg_ops_tbls_20260115_1842\bz_dim_cnst_demographic.sql
2026-01-15 18:44:26,152 - INFO - Saved DDL for dim_treatmnt to D:\Create_Fetch_Python_Code\database_object_migration_v3\database_object_migration\Fetch_Object_Output\Table\mktg_ops_tbls_20260115_1842\dim_treatmnt.sql
2026-01-15 18:44:26,891 - INFO - Saved DDL for srvy_gplg_rspns_ss to D:\Create_Fetch_Python_Code\database_object_migration_v3\database_object_migration\Fetch_Object_Output\Table\mktg_ops_tbls_20260115_1842\srvy_gplg_rspns_ss.sql
2026-01-15 18:44:27,623 - INFO - Saved DDL for dim_vol_inactvtn_rsn_cd to D:\Create_Fetch_Python_Code\database_object_migration_v3\database_object_migration\Fetch_Object_Output\Table\mktg_ops_tbls_20260115_1842\dim_vol_inactvtn_rsn_cd.sql
2026-01-15 18:44:28,351 - INFO - Saved DDL for fresh_address_email_append to D:\Create_Fetch_Python_Code\database_object_migration_v3\database_object_migration\Fetch_Object_Output\Table\mktg_ops_tbls_20260115_1842\fresh_address_email_append.sql
2026-01-15 18:44:28,820 - INFO - Saved DDL for phone_interaction_eoc to D:\Create_Fetch_Python_Code\database_object_migration_v3\database_object_migration\Fetch_Object_Output\Table\mktg_ops_tbls_20260115_1842\phone_interaction_eoc.sql
2026-01-15 18:44:29,506 - INFO - Saved DDL for pacific_east_email_append to D:\Create_Fetch_Python_Code\database_object_migration_v3\database_object_migration\Fetch_Object_Output\Table\mktg_ops_tbls_20260115_1842\pacific_east_email_append.sql
2026-01-15 18:44:29,890 - INFO - Saved DDL for bz_fact_response_pg to D:\Create_Fetch_Python_Code\database_object_migration_v3\database_object_migration\Fetch_Object_Output\Table\mktg_ops_tbls_20260115_1842\bz_fact_response_pg.sql
2026-01-15 18:44:30,524 - INFO - Saved DDL for bzfc_fact_response_new to D:\Create_Fetch_Python_Code\database_object_migration_v3\database_object_migration\Fetch_Object_Output\Table\mktg_ops_tbls_20260115_1842\bzfc_fact_response_new.sql
2026-01-15 18:44:31,176 - INFO - Saved DDL for mobile_commons_20240507_active to D:\Create_Fetch_Python_Code\database_object_migration_v3\database_object_migration\Fetch_Object_Output\Table\mktg_ops_tbls_20260115_1842\mobile_commons_20240507_active.sql
2026-01-15 18:44:31,756 - INFO - Saved DDL for pg_calc_stuart_upld_lkp to D:\Create_Fetch_Python_Code\database_object_migration_v3\database_object_migration\Fetch_Object_Output\Table\mktg_ops_tbls_20260115_1842\pg_calc_stuart_upld_lkp.sql
2026-01-15 18:44:32,128 - INFO - Saved DDL for bzfc_fact_response_all to D:\Create_Fetch_Python_Code\database_object_migration_v3\database_object_migration\Fetch_Object_Output\Table\mktg_ops_tbls_20260115_1842\bzfc_fact_response_all.sql
2026-01-15 18:44:32,501 - INFO - Saved DDL for dim_phone_adtnl_reqst to D:\Create_Fetch_Python_Code\database_object_migration_v3\database_object_migration\Fetch_Object_Output\Table\mktg_ops_tbls_20260115_1842\dim_phone_adtnl_reqst.sql
2026-01-15 18:44:32,878 - INFO - Saved DDL for dim_phone_call_dspstn to D:\Create_Fetch_Python_Code\database_object_migration_v3\database_object_migration\Fetch_Object_Output\Table\mktg_ops_tbls_20260115_1842\dim_phone_call_dspstn.sql
2026-01-15 18:44:33,258 - INFO - Saved DDL for fundraising_profiles_20240507_unsubscribe_trimmed to D:\Create_Fetch_Python_Code\database_object_migration_v3\database_object_migration\Fetch_Object_Output\Table\mktg_ops_tbls_20260115_1842\fundraising_profiles_20240507_unsubscribe_trimmed.sql
2026-01-15 18:44:33,770 - INFO - Saved DDL for mobile_commons_active to D:\Create_Fetch_Python_Code\database_object_migration_v3\database_object_migration\Fetch_Object_Output\Table\mktg_ops_tbls_20260115_1842\mobile_commons_active.sql
2026-01-15 18:44:34,128 - INFO - Saved DDL for dim_phone_script to D:\Create_Fetch_Python_Code\database_object_migration_v3\database_object_migration\Fetch_Object_Output\Table\mktg_ops_tbls_20260115_1842\dim_phone_script.sql
2026-01-15 18:44:34,507 - INFO - Saved DDL for bzf_cnst_scr_simio to D:\Create_Fetch_Python_Code\database_object_migration_v3\database_object_migration\Fetch_Object_Output\Table\mktg_ops_tbls_20260115_1842\bzf_cnst_scr_simio.sql
2026-01-15 18:44:34,883 - INFO - Saved DDL for dim_campgn to D:\Create_Fetch_Python_Code\database_object_migration_v3\database_object_migration\Fetch_Object_Output\Table\mktg_ops_tbls_20260115_1842\dim_campgn.sql
2026-01-15 18:44:35,284 - INFO - Saved DDL for bzfc_pg_response_log_ref to D:\Create_Fetch_Python_Code\database_object_migration_v3\database_object_migration\Fetch_Object_Output\Table\mktg_ops_tbls_20260115_1842\bzfc_pg_response_log_ref.sql
2026-01-15 18:44:35,917 - INFO - Saved DDL for fix_site_vol_recruit to D:\Create_Fetch_Python_Code\database_object_migration_v3\database_object_migration\Fetch_Object_Output\Table\mktg_ops_tbls_20260115_1842\fix_site_vol_recruit.sql
2026-01-15 18:44:36,497 - INFO - Saved DDL for gms_bz_pg_group_membrshp to D:\Create_Fetch_Python_Code\database_object_migration_v3\database_object_migration\Fetch_Object_Output\Table\mktg_ops_tbls_20260115_1842\gms_bz_pg_group_membrshp.sql
2026-01-15 18:44:36,871 - INFO - Saved DDL for pg_response_log_exclusion to D:\Create_Fetch_Python_Code\database_object_migration_v3\database_object_migration\Fetch_Object_Output\Table\mktg_ops_tbls_20260115_1842\pg_response_log_exclusion.sql
2026-01-15 18:44:37,503 - INFO - Saved DDL for bzfc_active_cnst_segmnt to D:\Create_Fetch_Python_Code\database_object_migration_v3\database_object_migration\Fetch_Object_Output\Table\mktg_ops_tbls_20260115_1842\bzfc_active_cnst_segmnt.sql
2026-01-15 18:44:38,117 - INFO - Saved DDL for dv_channel_accessibility_stg to D:\Create_Fetch_Python_Code\database_object_migration_v3\database_object_migration\Fetch_Object_Output\Table\mktg_ops_tbls_20260115_1842\dv_channel_accessibility_stg.sql
2026-01-15 18:44:38,691 - INFO - Saved DDL for bz_dim_rpt_cell_cd to D:\Create_Fetch_Python_Code\database_object_migration_v3\database_object_migration\Fetch_Object_Output\Table\mktg_ops_tbls_20260115_1842\bz_dim_rpt_cell_cd.sql
2026-01-15 18:44:39,531 - INFO - Saved DDL for sw_email_subscrb to D:\Create_Fetch_Python_Code\database_object_migration_v3\database_object_migration\Fetch_Object_Output\Table\mktg_ops_tbls_20260115_1842\sw_email_subscrb.sql
2026-01-15 18:44:39,910 - INFO - Saved DDL for sw_email_unsubscrb to D:\Create_Fetch_Python_Code\database_object_migration_v3\database_object_migration\Fetch_Object_Output\Table\mktg_ops_tbls_20260115_1842\sw_email_unsubscrb.sql
2026-01-15 18:44:40,283 - INFO - Saved DDL for utl_angry_client to D:\Create_Fetch_Python_Code\database_object_migration_v3\database_object_migration\Fetch_Object_Output\Table\mktg_ops_tbls_20260115_1842\utl_angry_client.sql
2026-01-15 18:44:40,753 - INFO - Saved DDL for utl_mc_unsubs to D:\Create_Fetch_Python_Code\database_object_migration_v3\database_object_migration\Fetch_Object_Output\Table\mktg_ops_tbls_20260115_1842\utl_mc_unsubs.sql
2026-01-15 18:44:41,313 - INFO - Saved DDL for pbi_entrprs_campgn_smry to D:\Create_Fetch_Python_Code\database_object_migration_v3\database_object_migration\Fetch_Object_Output\Table\mktg_ops_tbls_20260115_1842\pbi_entrprs_campgn_smry.sql
2026-01-15 18:44:41,694 - INFO - Saved DDL for dim_email_segmnt to D:\Create_Fetch_Python_Code\database_object_migration_v3\database_object_migration\Fetch_Object_Output\Table\mktg_ops_tbls_20260115_1842\dim_email_segmnt.sql
2026-01-15 18:44:42,088 - INFO - Saved DDL for pbi_entrprs_campgn_non_adb to D:\Create_Fetch_Python_Code\database_object_migration_v3\database_object_migration\Fetch_Object_Output\Table\mktg_ops_tbls_20260115_1842\pbi_entrprs_campgn_non_adb.sql
2026-01-15 18:44:42,606 - INFO - Saved DDL for fact_dmail_interaction to D:\Create_Fetch_Python_Code\database_object_migration_v3\database_object_migration\Fetch_Object_Output\Table\mktg_ops_tbls_20260115_1842\fact_dmail_interaction.sql
2026-01-15 18:44:43,195 - INFO - Saved DDL for fact_phone_interaction to D:\Create_Fetch_Python_Code\database_object_migration_v3\database_object_migration\Fetch_Object_Output\Table\mktg_ops_tbls_20260115_1842\fact_phone_interaction.sql
2026-01-15 18:44:43,767 - INFO - Saved DDL for bzfc_fact_donation to D:\Create_Fetch_Python_Code\database_object_migration_v3\database_object_migration\Fetch_Object_Output\Table\mktg_ops_tbls_20260115_1842\bzfc_fact_donation.sql
2026-01-15 18:44:44,185 - INFO - Saved DDL for srvy_gplg_rspns to D:\Create_Fetch_Python_Code\database_object_migration_v3\database_object_migration\Fetch_Object_Output\Table\mktg_ops_tbls_20260115_1842\srvy_gplg_rspns.sql
2026-01-15 18:44:44,836 - INFO - Saved DDL for bzfc_active_cnst_snpsht to D:\Create_Fetch_Python_Code\database_object_migration_v3\database_object_migration\Fetch_Object_Output\Table\mktg_ops_tbls_20260115_1842\bzfc_active_cnst_snpsht.sql
2026-01-15 18:44:45,218 - INFO - Saved DDL for global_suprs_cnst_email to D:\Create_Fetch_Python_Code\database_object_migration_v3\database_object_migration\Fetch_Object_Output\Table\mktg_ops_tbls_20260115_1842\global_suprs_cnst_email.sql
2026-01-15 18:44:46,138 - INFO - Saved DDL for srvy_new_vlntr_rspns_v21 to D:\Create_Fetch_Python_Code\database_object_migration_v3\database_object_migration\Fetch_Object_Output\Table\mktg_ops_tbls_20260115_1842\srvy_new_vlntr_rspns_v21.sql
2026-01-15 18:44:46,512 - INFO - Saved DDL for bz_google_analytics_txn to D:\Create_Fetch_Python_Code\database_object_migration_v3\database_object_migration\Fetch_Object_Output\Table\mktg_ops_tbls_20260115_1842\bz_google_analytics_txn.sql
2026-01-15 18:44:46,887 - INFO - Saved DDL for gms_arc_fr_txn to D:\Create_Fetch_Python_Code\database_object_migration_v3\database_object_migration\Fetch_Object_Output\Table\mktg_ops_tbls_20260115_1842\gms_arc_fr_txn.sql
2026-01-15 18:44:47,253 - INFO - Saved DDL for bzfc_fact_surv_resp to D:\Create_Fetch_Python_Code\database_object_migration_v3\database_object_migration\Fetch_Object_Output\Table\mktg_ops_tbls_20260115_1842\bzfc_fact_surv_resp.sql
2026-01-15 18:44:47,907 - INFO - Saved DDL for srvy_anvrsy_vlntr_rspns_fy21 to D:\Create_Fetch_Python_Code\database_object_migration_v3\database_object_migration\Fetch_Object_Output\Table\mktg_ops_tbls_20260115_1842\srvy_anvrsy_vlntr_rspns_fy21.sql
2026-01-15 18:44:48,629 - INFO - Saved DDL for fact_vol_applctn to D:\Create_Fetch_Python_Code\database_object_migration_v3\database_object_migration\Fetch_Object_Output\Table\mktg_ops_tbls_20260115_1842\fact_vol_applctn.sql
2026-01-15 18:44:49,610 - INFO - Saved DDL for gms_cnst_behvrl_segmnt to D:\Create_Fetch_Python_Code\database_object_migration_v3\database_object_migration\Fetch_Object_Output\Table\mktg_ops_tbls_20260115_1842\gms_cnst_behvrl_segmnt.sql
2026-01-15 18:44:51,152 - INFO - Saved DDL for suprsn_ts_cnst to D:\Create_Fetch_Python_Code\database_object_migration_v3\database_object_migration\Fetch_Object_Output\Table\mktg_ops_tbls_20260115_1842\suprsn_ts_cnst.sql
2026-01-15 18:44:51,525 - INFO - Saved DDL for bzl_cnst_fsa_acqstn to D:\Create_Fetch_Python_Code\database_object_migration_v3\database_object_migration\Fetch_Object_Output\Table\mktg_ops_tbls_20260115_1842\bzl_cnst_fsa_acqstn.sql
2026-01-15 18:44:51,910 - INFO - Saved DDL for bzfc_fact_interaction to D:\Create_Fetch_Python_Code\database_object_migration_v3\database_object_migration\Fetch_Object_Output\Table\mktg_ops_tbls_20260115_1842\bzfc_fact_interaction.sql
2026-01-15 18:44:52,417 - INFO - Saved DDL for bzfc_phss_lrnr_list_membrshp to D:\Create_Fetch_Python_Code\database_object_migration_v3\database_object_migration\Fetch_Object_Output\Table\mktg_ops_tbls_20260115_1842\bzfc_phss_lrnr_list_membrshp.sql
2026-01-15 18:44:52,789 - INFO - Saved DDL for google_analytics_txn to D:\Create_Fetch_Python_Code\database_object_migration_v3\database_object_migration\Fetch_Object_Output\Table\mktg_ops_tbls_20260115_1842\google_analytics_txn.sql
2026-01-15 18:44:53,471 - INFO - Saved DDL for srvy_anvrsy_vlntr_rspns_fy22 to D:\Create_Fetch_Python_Code\database_object_migration_v3\database_object_migration\Fetch_Object_Output\Table\mktg_ops_tbls_20260115_1842\srvy_anvrsy_vlntr_rspns_fy22.sql
2026-01-15 18:44:53,965 - INFO - Saved DDL for campgn_prospct_list to D:\Create_Fetch_Python_Code\database_object_migration_v3\database_object_migration\Fetch_Object_Output\Table\mktg_ops_tbls_20260115_1842\campgn_prospct_list.sql
2026-01-15 18:44:54,357 - INFO - Saved DDL for fact_email_interaction to D:\Create_Fetch_Python_Code\database_object_migration_v3\database_object_migration\Fetch_Object_Output\Table\mktg_ops_tbls_20260115_1842\fact_email_interaction.sql
2026-01-15 18:44:54,738 - INFO - Saved DDL for pbi_model_perf_dashbrd to D:\Create_Fetch_Python_Code\database_object_migration_v3\database_object_migration\Fetch_Object_Output\Table\mktg_ops_tbls_20260115_1842\pbi_model_perf_dashbrd.sql
2026-01-15 18:44:55,137 - INFO - Saved DDL for srvy_new_vlntr_rspns_fy22 to D:\Create_Fetch_Python_Code\database_object_migration_v3\database_object_migration\Fetch_Object_Output\Table\mktg_ops_tbls_20260115_1842\srvy_new_vlntr_rspns_fy22.sql
2026-01-15 18:44:55,520 - INFO - Saved DDL for phone_interaction_sustnr_upgr to D:\Create_Fetch_Python_Code\database_object_migration_v3\database_object_migration\Fetch_Object_Output\Table\mktg_ops_tbls_20260115_1842\phone_interaction_sustnr_upgr.sql
2026-01-15 18:44:55,910 - INFO - Saved DDL for dim_odr to D:\Create_Fetch_Python_Code\database_object_migration_v3\database_object_migration\Fetch_Object_Output\Table\mktg_ops_tbls_20260115_1842\dim_odr.sql
2026-01-15 18:44:56,296 - INFO - Saved DDL for bz_adobe_analytics_rcb_txn to D:\Create_Fetch_Python_Code\database_object_migration_v3\database_object_migration\Fetch_Object_Output\Table\mktg_ops_tbls_20260115_1842\bz_adobe_analytics_rcb_txn.sql
2026-01-15 18:44:56,690 - INFO - Saved DDL for pbi_entrprs_campgn_results to D:\Create_Fetch_Python_Code\database_object_migration_v3\database_object_migration\Fetch_Object_Output\Table\mktg_ops_tbls_20260115_1842\pbi_entrprs_campgn_results.sql
2026-01-15 18:44:57,072 - INFO - Saved DDL for bz_adobe_analytics_ts_txn to D:\Create_Fetch_Python_Code\database_object_migration_v3\database_object_migration\Fetch_Object_Output\Table\mktg_ops_tbls_20260115_1842\bz_adobe_analytics_ts_txn.sql
2026-01-15 18:44:57,458 - INFO - Saved DDL for bz_adobe_analytics_rco_txn to D:\Create_Fetch_Python_Code\database_object_migration_v3\database_object_migration\Fetch_Object_Output\Table\mktg_ops_tbls_20260115_1842\bz_adobe_analytics_rco_txn.sql
2026-01-15 18:44:57,846 - INFO - Saved DDL for bzfc_active_cnst_multi_snpsht to D:\Create_Fetch_Python_Code\database_object_migration_v3\database_object_migration\Fetch_Object_Output\Table\mktg_ops_tbls_20260115_1842\bzfc_active_cnst_multi_snpsht.sql
2026-01-15 18:44:58,226 - INFO - Saved DDL for bz_arc_fr_smry_atg_first_tm to D:\Create_Fetch_Python_Code\database_object_migration_v3\database_object_migration\Fetch_Object_Output\Table\mktg_ops_tbls_20260115_1842\bz_arc_fr_smry_atg_first_tm.sql
2026-01-15 18:44:58,670 - INFO - Saved DDL for bzf_cnst_cdi_sltn_id_bk to D:\Create_Fetch_Python_Code\database_object_migration_v3\database_object_migration\Fetch_Object_Output\Table\mktg_ops_tbls_20260115_1842\bzf_cnst_cdi_sltn_id_bk.sql
2026-01-15 18:44:59,124 - INFO - Saved DDL for bzf_cnst_cdi_sltn_id_1 to D:\Create_Fetch_Python_Code\database_object_migration_v3\database_object_migration\Fetch_Object_Output\Table\mktg_ops_tbls_20260115_1842\bzf_cnst_cdi_sltn_id_1.sql
2026-01-15 18:44:59,502 - INFO - Saved DDL for bzf_cnst_cdi_sltn_id_2 to D:\Create_Fetch_Python_Code\database_object_migration_v3\database_object_migration\Fetch_Object_Output\Table\mktg_ops_tbls_20260115_1842\bzf_cnst_cdi_sltn_id_2.sql
2026-01-15 18:44:59,919 - INFO - Saved DDL for bzf_cnst_cdi_sltn_id_3 to D:\Create_Fetch_Python_Code\database_object_migration_v3\database_object_migration\Fetch_Object_Output\Table\mktg_ops_tbls_20260115_1842\bzf_cnst_cdi_sltn_id_3.sql
2026-01-15 18:45:00,293 - INFO - Saved DDL for bzf_cnst_cdi_sltn_id_4 to D:\Create_Fetch_Python_Code\database_object_migration_v3\database_object_migration\Fetch_Object_Output\Table\mktg_ops_tbls_20260115_1842\bzf_cnst_cdi_sltn_id_4.sql
2026-01-15 18:45:00,666 - INFO - Saved DDL for srvy_new_vlntr_rspns_fy21 to D:\Create_Fetch_Python_Code\database_object_migration_v3\database_object_migration\Fetch_Object_Output\Table\mktg_ops_tbls_20260115_1842\srvy_new_vlntr_rspns_fy21.sql
2026-01-15 18:45:01,041 - INFO - Saved DDL for bz_fact_interaction_pg to D:\Create_Fetch_Python_Code\database_object_migration_v3\database_object_migration\Fetch_Object_Output\Table\mktg_ops_tbls_20260115_1842\bz_fact_interaction_pg.sql
2026-01-15 18:45:01,446 - INFO - Saved DDL for chptr_list_membrshp to D:\Create_Fetch_Python_Code\database_object_migration_v3\database_object_migration\Fetch_Object_Output\Table\mktg_ops_tbls_20260115_1842\chptr_list_membrshp.sql
2026-01-15 18:45:01,998 - INFO - Saved DDL for pref_cnst_mstr to D:\Create_Fetch_Python_Code\database_object_migration_v3\database_object_migration\Fetch_Object_Output\Table\mktg_ops_tbls_20260115_1842\pref_cnst_mstr.sql
2026-01-15 18:45:02,405 - INFO - Saved DDL for bz_email_src_cd to D:\Create_Fetch_Python_Code\database_object_migration_v3\database_object_migration\Fetch_Object_Output\Table\mktg_ops_tbls_20260115_1842\bz_email_src_cd.sql
2026-01-15 18:45:02,778 - INFO - Saved DDL for bzfc_adb_recipient_insrt_delta to D:\Create_Fetch_Python_Code\database_object_migration_v3\database_object_migration\Fetch_Object_Output\Table\mktg_ops_tbls_20260115_1842\bzfc_adb_recipient_insrt_delta.sql
2026-01-15 18:45:03,150 - INFO - Saved DDL for bzfc_cnst_cdi_phss_email_prfl to D:\Create_Fetch_Python_Code\database_object_migration_v3\database_object_migration\Fetch_Object_Output\Table\mktg_ops_tbls_20260115_1842\bzfc_cnst_cdi_phss_email_prfl.sql
2026-01-15 18:45:03,701 - INFO - Saved DDL for bzl_cnst_mstr_fsa_in_primary to D:\Create_Fetch_Python_Code\database_object_migration_v3\database_object_migration\Fetch_Object_Output\Table\mktg_ops_tbls_20260115_1842\bzl_cnst_mstr_fsa_in_primary.sql
2026-01-15 18:45:04,291 - INFO - Saved DDL for dim_dm_src_treatmnt_xref to D:\Create_Fetch_Python_Code\database_object_migration_v3\database_object_migration\Fetch_Object_Output\Table\mktg_ops_tbls_20260115_1842\dim_dm_src_treatmnt_xref.sql
2026-01-15 18:45:04,775 - INFO - Saved DDL for cnst_cdi_smry_phss_prfr to D:\Create_Fetch_Python_Code\database_object_migration_v3\database_object_migration\Fetch_Object_Output\Table\mktg_ops_tbls_20260115_1842\cnst_cdi_smry_phss_prfr.sql
2026-01-15 18:45:05,149 - INFO - Saved DDL for pbi_model_perf_tlres to D:\Create_Fetch_Python_Code\database_object_migration_v3\database_object_migration\Fetch_Object_Output\Table\mktg_ops_tbls_20260115_1842\pbi_model_perf_tlres.sql
2026-01-15 18:45:05,912 - INFO - Saved DDL for cnst_cdi_smry_bio_prfr to D:\Create_Fetch_Python_Code\database_object_migration_v3\database_object_migration\Fetch_Object_Output\Table\mktg_ops_tbls_20260115_1842\cnst_cdi_smry_bio_prfr.sql
2026-01-15 18:45:06,298 - INFO - Saved DDL for cnst_cdi_smry_phss_prfr_stg to D:\Create_Fetch_Python_Code\database_object_migration_v3\database_object_migration\Fetch_Object_Output\Table\mktg_ops_tbls_20260115_1842\cnst_cdi_smry_phss_prfr_stg.sql
2026-01-15 18:45:06,902 - INFO - Saved DDL for bzf_cnst_cdi_sltn_id_5 to D:\Create_Fetch_Python_Code\database_object_migration_v3\database_object_migration\Fetch_Object_Output\Table\mktg_ops_tbls_20260115_1842\bzf_cnst_cdi_sltn_id_5.sql
2026-01-15 18:45:07,306 - INFO - Saved DDL for bzf_cnst_cdi_sltn_id_all to D:\Create_Fetch_Python_Code\database_object_migration_v3\database_object_migration\Fetch_Object_Output\Table\mktg_ops_tbls_20260115_1842\bzf_cnst_cdi_sltn_id_all.sql
2026-01-15 18:45:07,742 - INFO - Saved DDL for bzf_cnst_cdi_sltn_id to D:\Create_Fetch_Python_Code\database_object_migration_v3\database_object_migration\Fetch_Object_Output\Table\mktg_ops_tbls_20260115_1842\bzf_cnst_cdi_sltn_id.sql
2026-01-15 18:45:08,143 - INFO - Saved DDL for bzfc_cnst_fr_prfr_em_prfl to D:\Create_Fetch_Python_Code\database_object_migration_v3\database_object_migration\Fetch_Object_Output\Table\mktg_ops_tbls_20260115_1842\bzfc_cnst_fr_prfr_em_prfl.sql
2026-01-15 18:45:08,824 - INFO - Saved DDL for bzfc_sponsor_journey_detail to D:\Create_Fetch_Python_Code\database_object_migration_v3\database_object_migration\Fetch_Object_Output\Table\mktg_ops_tbls_20260115_1842\bzfc_sponsor_journey_detail.sql
2026-01-15 18:45:09,202 - INFO - Saved DDL for pg_group_ref to D:\Create_Fetch_Python_Code\database_object_migration_v3\database_object_migration\Fetch_Object_Output\Table\mktg_ops_tbls_20260115_1842\pg_group_ref.sql
2026-01-15 18:45:09,577 - INFO - Saved DDL for pbi_model_perf_auc to D:\Create_Fetch_Python_Code\database_object_migration_v3\database_object_migration\Fetch_Object_Output\Table\mktg_ops_tbls_20260115_1842\pbi_model_perf_auc.sql
2026-01-15 18:45:10,026 - INFO - Saved DDL for srvy_rgnl_ldrshp_fy21 to D:\Create_Fetch_Python_Code\database_object_migration_v3\database_object_migration\Fetch_Object_Output\Table\mktg_ops_tbls_20260115_1842\srvy_rgnl_ldrshp_fy21.sql
2026-01-15 18:45:10,436 - INFO - Saved DDL for gms_bzfc_adb_fact_donation to D:\Create_Fetch_Python_Code\database_object_migration_v3\database_object_migration\Fetch_Object_Output\Table\mktg_ops_tbls_20260115_1842\gms_bzfc_adb_fact_donation.sql
2026-01-15 18:45:11,219 - INFO - Saved DDL for cnst_cdi_smry_non_fr_prfr to D:\Create_Fetch_Python_Code\database_object_migration_v3\database_object_migration\Fetch_Object_Output\Table\mktg_ops_tbls_20260115_1842\cnst_cdi_smry_non_fr_prfr.sql
2026-01-15 18:45:12,005 - INFO - Saved DDL for fact_interaction_aprm to D:\Create_Fetch_Python_Code\database_object_migration_v3\database_object_migration\Fetch_Object_Output\Table\mktg_ops_tbls_20260115_1842\fact_interaction_aprm.sql
2026-01-15 18:45:12,386 - INFO - Saved DDL for bzfc_adb_recipient_updt_delta to D:\Create_Fetch_Python_Code\database_object_migration_v3\database_object_migration\Fetch_Object_Output\Table\mktg_ops_tbls_20260115_1842\bzfc_adb_recipient_updt_delta.sql
2026-01-15 18:45:12,783 - INFO - Saved DDL for bz_cnst_birth_best to D:\Create_Fetch_Python_Code\database_object_migration_v3\database_object_migration\Fetch_Object_Output\Table\mktg_ops_tbls_20260115_1842\bz_cnst_birth_best.sql
2026-01-15 18:45:13,496 - INFO - Saved DDL for bz_pg_group_membrshp to D:\Create_Fetch_Python_Code\database_object_migration_v3\database_object_migration\Fetch_Object_Output\Table\mktg_ops_tbls_20260115_1842\bz_pg_group_membrshp.sql
2026-01-15 18:45:13,978 - INFO - Saved DDL for bzfc_sponsor_journey_smry to D:\Create_Fetch_Python_Code\database_object_migration_v3\database_object_migration\Fetch_Object_Output\Table\mktg_ops_tbls_20260115_1842\bzfc_sponsor_journey_smry.sql
2026-01-15 18:45:14,403 - INFO - Saved DDL for vms_sta_orgs to D:\Create_Fetch_Python_Code\database_object_migration_v3\database_object_migration\Fetch_Object_Output\Table\mktg_ops_tbls_20260115_1842\vms_sta_orgs.sql
2026-01-15 18:45:15,089 - INFO - Saved DDL for vms_sta_indivs to D:\Create_Fetch_Python_Code\database_object_migration_v3\database_object_migration\Fetch_Object_Output\Table\mktg_ops_tbls_20260115_1842\vms_sta_indivs.sql
2026-01-15 18:45:15,942 - INFO - Saved DDL for chptr_portal_list_typ_ref to D:\Create_Fetch_Python_Code\database_object_migration_v3\database_object_migration\Fetch_Object_Output\Table\mktg_ops_tbls_20260115_1842\chptr_portal_list_typ_ref.sql
2026-01-15 18:45:16,422 - INFO - Saved DDL for dv_active_segmnt_snapsht to D:\Create_Fetch_Python_Code\database_object_migration_v3\database_object_migration\Fetch_Object_Output\Table\mktg_ops_tbls_20260115_1842\dv_active_segmnt_snapsht.sql
2026-01-15 18:45:16,817 - INFO - Saved DDL for gms_bzf_cnst_cnstcy to D:\Create_Fetch_Python_Code\database_object_migration_v3\database_object_migration\Fetch_Object_Output\Table\mktg_ops_tbls_20260115_1842\gms_bzf_cnst_cnstcy.sql
2026-01-15 18:45:17,839 - INFO - Saved DDL for gms_bzf_cnst_cnstcy_curnt to D:\Create_Fetch_Python_Code\database_object_migration_v3\database_object_migration\Fetch_Object_Output\Table\mktg_ops_tbls_20260115_1842\gms_bzf_cnst_cnstcy_curnt.sql
2026-01-15 18:45:18,697 - INFO - Saved DDL for gms_bzfc_cnst_fr_prfr_em_prfl to D:\Create_Fetch_Python_Code\database_object_migration_v3\database_object_migration\Fetch_Object_Output\Table\mktg_ops_tbls_20260115_1842\gms_bzfc_cnst_fr_prfr_em_prfl.sql
2026-01-15 18:45:19,069 - INFO - Saved DDL for cnst_cdi_bio_preferred_dmail to D:\Create_Fetch_Python_Code\database_object_migration_v3\database_object_migration\Fetch_Object_Output\Table\mktg_ops_tbls_20260115_1842\cnst_cdi_bio_preferred_dmail.sql
2026-01-15 18:45:19,431 - INFO - Saved DDL for replication_fact_interaction_aprm to D:\Create_Fetch_Python_Code\database_object_migration_v3\database_object_migration\Fetch_Object_Output\Table\mktg_ops_tbls_20260115_1842\replication_fact_interaction_aprm.sql
2026-01-15 18:45:19,841 - INFO - Saved DDL for replication_rr_rqq_rql_file_xref to D:\Create_Fetch_Python_Code\database_object_migration_v3\database_object_migration\Fetch_Object_Output\Table\mktg_ops_tbls_20260115_1842\replication_rr_rqq_rql_file_xref.sql
2026-01-15 18:45:20,218 - INFO - Saved DDL for pg_src_convrsn to D:\Create_Fetch_Python_Code\database_object_migration_v3\database_object_migration\Fetch_Object_Output\Table\mktg_ops_tbls_20260115_1842\pg_src_convrsn.sql
2026-01-15 18:45:20,954 - INFO - Saved DDL for cnst_cdi_smry_vms_prfr to D:\Create_Fetch_Python_Code\database_object_migration_v3\database_object_migration\Fetch_Object_Output\Table\mktg_ops_tbls_20260115_1842\cnst_cdi_smry_vms_prfr.sql
2026-01-15 18:45:21,410 - INFO - Saved DDL for cnst_cdi_smry_vms_prfr_stg to D:\Create_Fetch_Python_Code\database_object_migration_v3\database_object_migration\Fetch_Object_Output\Table\mktg_ops_tbls_20260115_1842\cnst_cdi_smry_vms_prfr_stg.sql
2026-01-15 18:45:21,792 - INFO - Saved DDL for cnst_cdi_bio_preferred_email to D:\Create_Fetch_Python_Code\database_object_migration_v3\database_object_migration\Fetch_Object_Output\Table\mktg_ops_tbls_20260115_1842\cnst_cdi_bio_preferred_email.sql
2026-01-15 18:45:22,160 - INFO - Saved DDL for arc_biomed_smry to D:\Create_Fetch_Python_Code\database_object_migration_v3\database_object_migration\Fetch_Object_Output\Table\mktg_ops_tbls_20260115_1842\arc_biomed_smry.sql
2026-01-15 18:45:22,532 - INFO - Saved DDL for pbi_cfremappend_cohort to D:\Create_Fetch_Python_Code\database_object_migration_v3\database_object_migration\Fetch_Object_Output\Table\mktg_ops_tbls_20260115_1842\pbi_cfremappend_cohort.sql
2026-01-15 18:45:23,070 - INFO - Saved DDL for bzfc_sms_fr_prfl to D:\Create_Fetch_Python_Code\database_object_migration_v3\database_object_migration\Fetch_Object_Output\Table\mktg_ops_tbls_20260115_1842\bzfc_sms_fr_prfl.sql
2026-01-15 18:45:23,630 - INFO - Saved DDL for dim_src_2_intrctn_brdg to D:\Create_Fetch_Python_Code\database_object_migration_v3\database_object_migration\Fetch_Object_Output\Table\mktg_ops_tbls_20260115_1842\dim_src_2_intrctn_brdg.sql
2026-01-15 18:45:24,195 - INFO - Saved DDL for pbi_cfremappend_cnst to D:\Create_Fetch_Python_Code\database_object_migration_v3\database_object_migration\Fetch_Object_Output\Table\mktg_ops_tbls_20260115_1842\pbi_cfremappend_cnst.sql
2026-01-15 18:45:24,578 - INFO - Saved DDL for replication_adb_nmsbroadlogmsg to D:\Create_Fetch_Python_Code\database_object_migration_v3\database_object_migration\Fetch_Object_Output\Table\mktg_ops_tbls_20260115_1842\replication_adb_nmsbroadlogmsg.sql
2026-01-15 18:45:24,954 - INFO - Saved DDL for esri_blockgroup_demgrphc to D:\Create_Fetch_Python_Code\database_object_migration_v3\database_object_migration\Fetch_Object_Output\Table\mktg_ops_tbls_20260115_1842\esri_blockgroup_demgrphc.sql
2026-01-15 18:45:25,321 - INFO - Saved DDL for gms_bzfc_fact_ask_cntct_intrctn to D:\Create_Fetch_Python_Code\database_object_migration_v3\database_object_migration\Fetch_Object_Output\Table\mktg_ops_tbls_20260115_1842\gms_bzfc_fact_ask_cntct_intrctn.sql
2026-01-15 18:45:25,699 - INFO - Saved DDL for cnst_cdi_s_f_p_fr_dmail to D:\Create_Fetch_Python_Code\database_object_migration_v3\database_object_migration\Fetch_Object_Output\Table\mktg_ops_tbls_20260115_1842\cnst_cdi_s_f_p_fr_dmail.sql
2026-01-15 18:45:26,285 - INFO - Saved DDL for bz_dim_treatmnt to D:\Create_Fetch_Python_Code\database_object_migration_v3\database_object_migration\Fetch_Object_Output\Table\mktg_ops_tbls_20260115_1842\bz_dim_treatmnt.sql
2026-01-15 18:45:26,655 - INFO - Saved DDL for cnst_cdi_s_f_p_fr_email to D:\Create_Fetch_Python_Code\database_object_migration_v3\database_object_migration\Fetch_Object_Output\Table\mktg_ops_tbls_20260115_1842\cnst_cdi_s_f_p_fr_email.sql
2026-01-15 18:45:27,212 - INFO - Saved DDL for dim_recipient to D:\Create_Fetch_Python_Code\database_object_migration_v3\database_object_migration\Fetch_Object_Output\Table\mktg_ops_tbls_20260115_1842\dim_recipient.sql
2026-01-15 18:45:27,771 - INFO - Saved DDL for pbi_bio_demogrphcs to D:\Create_Fetch_Python_Code\database_object_migration_v3\database_object_migration\Fetch_Object_Output\Table\mktg_ops_tbls_20260115_1842\pbi_bio_demogrphcs.sql
2026-01-15 18:45:28,311 - INFO - Saved DDL for pbi_model_perf_dim_lol to D:\Create_Fetch_Python_Code\database_object_migration_v3\database_object_migration\Fetch_Object_Output\Table\mktg_ops_tbls_20260115_1842\pbi_model_perf_dim_lol.sql
2026-01-15 18:45:28,768 - INFO - Saved DDL for email_src_cd to D:\Create_Fetch_Python_Code\database_object_migration_v3\database_object_migration\Fetch_Object_Output\Table\mktg_ops_tbls_20260115_1842\email_src_cd.sql
2026-01-15 18:45:29,201 - INFO - Saved DDL for pbi_bzl_fact_show_prodctv_ind to D:\Create_Fetch_Python_Code\database_object_migration_v3\database_object_migration\Fetch_Object_Output\Table\mktg_ops_tbls_20260115_1842\pbi_bzl_fact_show_prodctv_ind.sql
2026-01-15 18:45:29,572 - INFO - Saved DDL for prodct_distrbtn_bdgt to D:\Create_Fetch_Python_Code\database_object_migration_v3\database_object_migration\Fetch_Object_Output\Table\mktg_ops_tbls_20260115_1842\prodct_distrbtn_bdgt.sql
2026-01-15 18:45:30,143 - INFO - Saved DDL for phone_interaction_pg_eoc to D:\Create_Fetch_Python_Code\database_object_migration_v3\database_object_migration\Fetch_Object_Output\Table\mktg_ops_tbls_20260115_1842\phone_interaction_pg_eoc.sql
2026-01-15 18:45:30,920 - INFO - Saved DDL for scr_val_ref to D:\Create_Fetch_Python_Code\database_object_migration_v3\database_object_migration\Fetch_Object_Output\Table\mktg_ops_tbls_20260115_1842\scr_val_ref.sql
2026-01-15 18:45:31,428 - INFO - Saved DDL for arc_vms_txn to D:\Create_Fetch_Python_Code\database_object_migration_v3\database_object_migration\Fetch_Object_Output\Table\mktg_ops_tbls_20260115_1842\arc_vms_txn.sql
2026-01-15 18:45:31,798 - INFO - Saved DDL for bz_cnst_gender_best to D:\Create_Fetch_Python_Code\database_object_migration_v3\database_object_migration\Fetch_Object_Output\Table\mktg_ops_tbls_20260115_1842\bz_cnst_gender_best.sql
2026-01-15 18:45:32,582 - INFO - Saved DDL for bz_arc_fr_smry_rco_first_tm to D:\Create_Fetch_Python_Code\database_object_migration_v3\database_object_migration\Fetch_Object_Output\Table\mktg_ops_tbls_20260115_1842\bz_arc_fr_smry_rco_first_tm.sql
2026-01-15 18:45:33,374 - INFO - Saved DDL for dv_digtl_engmnt_scorcrd to D:\Create_Fetch_Python_Code\database_object_migration_v3\database_object_migration\Fetch_Object_Output\Table\mktg_ops_tbls_20260115_1842\dv_digtl_engmnt_scorcrd.sql
2026-01-15 18:45:33,761 - INFO - Saved DDL for replication_dim_recipient to D:\Create_Fetch_Python_Code\database_object_migration_v3\database_object_migration\Fetch_Object_Output\Table\mktg_ops_tbls_20260115_1842\replication_dim_recipient.sql
2026-01-15 18:45:34,417 - INFO - Saved DDL for dv_de_accessblty_lifestg to D:\Create_Fetch_Python_Code\database_object_migration_v3\database_object_migration\Fetch_Object_Output\Table\mktg_ops_tbls_20260115_1842\dv_de_accessblty_lifestg.sql
2026-01-15 18:45:34,801 - INFO - Saved DDL for bzfc_fact_intrctn_em_smry to D:\Create_Fetch_Python_Code\database_object_migration_v3\database_object_migration\Fetch_Object_Output\Table\mktg_ops_tbls_20260115_1842\bzfc_fact_intrctn_em_smry.sql
2026-01-15 18:45:35,172 - INFO - Saved DDL for cnvo_reactivation_list to D:\Create_Fetch_Python_Code\database_object_migration_v3\database_object_migration\Fetch_Object_Output\Table\mktg_ops_tbls_20260115_1842\cnvo_reactivation_list.sql
2026-01-15 18:45:36,053 - INFO - Saved DDL for gms_bzfc_cdi_fr_prfr_email_profile to D:\Create_Fetch_Python_Code\database_object_migration_v3\database_object_migration\Fetch_Object_Output\Table\mktg_ops_tbls_20260115_1842\gms_bzfc_cdi_fr_prfr_email_profile.sql
2026-01-15 18:45:36,904 - INFO - Saved DDL for dim_unit_military_station_zips to D:\Create_Fetch_Python_Code\database_object_migration_v3\database_object_migration\Fetch_Object_Output\Table\mktg_ops_tbls_20260115_1842\dim_unit_military_station_zips.sql
2026-01-15 18:45:37,766 - INFO - Saved DDL for arc_biomed_txn to D:\Create_Fetch_Python_Code\database_object_migration_v3\database_object_migration\Fetch_Object_Output\Table\mktg_ops_tbls_20260115_1842\arc_biomed_txn.sql
2026-01-15 18:45:38,342 - INFO - Saved DDL for vaidity_email_valdtn to D:\Create_Fetch_Python_Code\database_object_migration_v3\database_object_migration\Fetch_Object_Output\Table\mktg_ops_tbls_20260115_1842\vaidity_email_valdtn.sql
2026-01-15 18:45:38,706 - INFO - Saved DDL for bzf_cem_cnst_opt_outs_stg to D:\Create_Fetch_Python_Code\database_object_migration_v3\database_object_migration\Fetch_Object_Output\Table\mktg_ops_tbls_20260115_1842\bzf_cem_cnst_opt_outs_stg.sql
2026-01-15 18:45:39,091 - INFO - Saved DDL for cnst_cdi_phss_preferred_email to D:\Create_Fetch_Python_Code\database_object_migration_v3\database_object_migration\Fetch_Object_Output\Table\mktg_ops_tbls_20260115_1842\cnst_cdi_phss_preferred_email.sql
2026-01-15 18:45:39,468 - INFO - Saved DDL for dim_phone_campgn_bkp to D:\Create_Fetch_Python_Code\database_object_migration_v3\database_object_migration\Fetch_Object_Output\Table\mktg_ops_tbls_20260115_1842\dim_phone_campgn_bkp.sql
2026-01-15 18:45:39,844 - INFO - Saved DDL for dim_online_channel to D:\Create_Fetch_Python_Code\database_object_migration_v3\database_object_migration\Fetch_Object_Output\Table\mktg_ops_tbls_20260115_1842\dim_online_channel.sql
2026-01-15 18:45:40,216 - INFO - Saved DDL for suspect_domains to D:\Create_Fetch_Python_Code\database_object_migration_v3\database_object_migration\Fetch_Object_Output\Table\mktg_ops_tbls_20260115_1842\suspect_domains.sql
2026-01-15 18:45:40,783 - INFO - Saved DDL for cnst_cdi_phss_preferred_dmail to D:\Create_Fetch_Python_Code\database_object_migration_v3\database_object_migration\Fetch_Object_Output\Table\mktg_ops_tbls_20260115_1842\cnst_cdi_phss_preferred_dmail.sql
2026-01-15 18:45:41,774 - INFO - Saved DDL for arc_vms_smry to D:\Create_Fetch_Python_Code\database_object_migration_v3\database_object_migration\Fetch_Object_Output\Table\mktg_ops_tbls_20260115_1842\arc_vms_smry.sql
2026-01-15 18:45:42,149 - INFO - Saved DDL for cnst_addr_ncoa_log to D:\Create_Fetch_Python_Code\database_object_migration_v3\database_object_migration\Fetch_Object_Output\Table\mktg_ops_tbls_20260115_1842\cnst_addr_ncoa_log.sql
2026-01-15 18:45:42,618 - INFO - Saved DDL for dim_delivery to D:\Create_Fetch_Python_Code\database_object_migration_v3\database_object_migration\Fetch_Object_Output\Table\mktg_ops_tbls_20260115_1842\dim_delivery.sql
2026-01-15 18:45:43,247 - INFO - Saved DDL for bz_gms_arc_fr_txn_segmnt to D:\Create_Fetch_Python_Code\database_object_migration_v3\database_object_migration\Fetch_Object_Output\Table\mktg_ops_tbls_20260115_1842\bz_gms_arc_fr_txn_segmnt.sql
2026-01-15 18:45:43,764 - INFO - Saved DDL for gms_arc_fr_smry_sustnr to D:\Create_Fetch_Python_Code\database_object_migration_v3\database_object_migration\Fetch_Object_Output\Table\mktg_ops_tbls_20260115_1842\gms_arc_fr_smry_sustnr.sql
2026-01-15 18:45:44,642 - INFO - Saved DDL for bio_dnr_srvy_donat_key_map to D:\Create_Fetch_Python_Code\database_object_migration_v3\database_object_migration\Fetch_Object_Output\Table\mktg_ops_tbls_20260115_1842\bio_dnr_srvy_donat_key_map.sql
2026-01-15 18:45:45,387 - INFO - Saved DDL for bzfc_sms_profile to D:\Create_Fetch_Python_Code\database_object_migration_v3\database_object_migration\Fetch_Object_Output\Table\mktg_ops_tbls_20260115_1842\bzfc_sms_profile.sql
2026-01-15 18:45:45,771 - INFO - Saved DDL for bz_cur_mth_bio_donor_freq2 to D:\Create_Fetch_Python_Code\database_object_migration_v3\database_object_migration\Fetch_Object_Output\Table\mktg_ops_tbls_20260115_1842\bz_cur_mth_bio_donor_freq2.sql
2026-01-15 18:45:46,491 - INFO - Saved DDL for bz_cur_mth_bio_donor_freq to D:\Create_Fetch_Python_Code\database_object_migration_v3\database_object_migration\Fetch_Object_Output\Table\mktg_ops_tbls_20260115_1842\bz_cur_mth_bio_donor_freq.sql
2026-01-15 18:45:47,249 - INFO - Saved DDL for replication_dim_person to D:\Create_Fetch_Python_Code\database_object_migration_v3\database_object_migration\Fetch_Object_Output\Table\mktg_ops_tbls_20260115_1842\replication_dim_person.sql
2026-01-15 18:45:47,616 - INFO - Saved DDL for bzf_cnst_chrctrstc_simio to D:\Create_Fetch_Python_Code\database_object_migration_v3\database_object_migration\Fetch_Object_Output\Table\mktg_ops_tbls_20260115_1842\bzf_cnst_chrctrstc_simio.sql
2026-01-15 18:45:48,093 - INFO - Saved DDL for bzfc_bio_dnr_segment_dashbrd to D:\Create_Fetch_Python_Code\database_object_migration_v3\database_object_migration\Fetch_Object_Output\Table\mktg_ops_tbls_20260115_1842\bzfc_bio_dnr_segment_dashbrd.sql
2026-01-15 18:45:49,764 - INFO - Saved DDL for bz_arc_fr_smry_rco_last_donat to D:\Create_Fetch_Python_Code\database_object_migration_v3\database_object_migration\Fetch_Object_Output\Table\mktg_ops_tbls_20260115_1842\bz_arc_fr_smry_rco_last_donat.sql
2026-01-15 18:45:50,152 - INFO - Saved DDL for bz_arc_fr_smry_rco_last_sustnr_donat to D:\Create_Fetch_Python_Code\database_object_migration_v3\database_object_migration\Fetch_Object_Output\Table\mktg_ops_tbls_20260115_1842\bz_arc_fr_smry_rco_last_sustnr_donat.sql
2026-01-15 18:45:50,521 - INFO - Saved DDL for dim_bio_product to D:\Create_Fetch_Python_Code\database_object_migration_v3\database_object_migration\Fetch_Object_Output\Table\mktg_ops_tbls_20260115_1842\dim_bio_product.sql
2026-01-15 18:45:50,897 - INFO - Saved DDL for srvy_vlntr_p2p_rfrl to D:\Create_Fetch_Python_Code\database_object_migration_v3\database_object_migration\Fetch_Object_Output\Table\mktg_ops_tbls_20260115_1842\srvy_vlntr_p2p_rfrl.sql
2026-01-15 18:45:51,267 - INFO - Saved DDL for dv_de_accessblty_overall to D:\Create_Fetch_Python_Code\database_object_migration_v3\database_object_migration\Fetch_Object_Output\Table\mktg_ops_tbls_20260115_1842\dv_de_accessblty_overall.sql
2026-01-15 18:45:51,642 - INFO - Saved DDL for fact_dmail_interaction_bkp to D:\Create_Fetch_Python_Code\database_object_migration_v3\database_object_migration\Fetch_Object_Output\Table\mktg_ops_tbls_20260115_1842\fact_dmail_interaction_bkp.sql
2026-01-15 18:45:52,542 - INFO - Saved DDL for gms_arc_fr_smry to D:\Create_Fetch_Python_Code\database_object_migration_v3\database_object_migration\Fetch_Object_Output\Table\mktg_ops_tbls_20260115_1842\gms_arc_fr_smry.sql
2026-01-15 18:45:53,149 - INFO - Saved DDL for gms_arc_fr_smry_cbg to D:\Create_Fetch_Python_Code\database_object_migration_v3\database_object_migration\Fetch_Object_Output\Table\mktg_ops_tbls_20260115_1842\gms_arc_fr_smry_cbg.sql
2026-01-15 18:45:53,771 - INFO - Saved DDL for gms_bzfc_fact_email_intrctn_smry to D:\Create_Fetch_Python_Code\database_object_migration_v3\database_object_migration\Fetch_Object_Output\Table\mktg_ops_tbls_20260115_1842\gms_bzfc_fact_email_intrctn_smry.sql
2026-01-15 18:45:54,430 - INFO - Saved DDL for srvy_anvrsy_vlntr_rspns_all to D:\Create_Fetch_Python_Code\database_object_migration_v3\database_object_migration\Fetch_Object_Output\Table\mktg_ops_tbls_20260115_1842\srvy_anvrsy_vlntr_rspns_all.sql
2026-01-15 18:45:55,403 - INFO - Saved DDL for srvy_anvrsy_vlntr_rspns_cmnt_curnt to D:\Create_Fetch_Python_Code\database_object_migration_v3\database_object_migration\Fetch_Object_Output\Table\mktg_ops_tbls_20260115_1842\srvy_anvrsy_vlntr_rspns_cmnt_curnt.sql
2026-01-15 18:45:55,776 - INFO - Saved DDL for srvy_hsptl_rspns to D:\Create_Fetch_Python_Code\database_object_migration_v3\database_object_migration\Fetch_Object_Output\Table\mktg_ops_tbls_20260115_1842\srvy_hsptl_rspns.sql
2026-01-15 18:45:56,276 - INFO - Saved DDL for srvy_hsptl_rspns_txt to D:\Create_Fetch_Python_Code\database_object_migration_v3\database_object_migration\Fetch_Object_Output\Table\mktg_ops_tbls_20260115_1842\srvy_hsptl_rspns_txt.sql
2026-01-15 18:45:56,766 - INFO - Saved DDL for srvy_new_anvrsy_vlntr_rspns to D:\Create_Fetch_Python_Code\database_object_migration_v3\database_object_migration\Fetch_Object_Output\Table\mktg_ops_tbls_20260115_1842\srvy_new_anvrsy_vlntr_rspns.sql
2026-01-15 18:45:57,307 - INFO - Saved DDL for srvy_new_vlntr_rspns to D:\Create_Fetch_Python_Code\database_object_migration_v3\database_object_migration\Fetch_Object_Output\Table\mktg_ops_tbls_20260115_1842\srvy_new_vlntr_rspns.sql
2026-01-15 18:45:57,801 - INFO - Saved DDL for srvy_new_vlntr_rspns_cmnt_curnt to D:\Create_Fetch_Python_Code\database_object_migration_v3\database_object_migration\Fetch_Object_Output\Table\mktg_ops_tbls_20260115_1842\srvy_new_vlntr_rspns_cmnt_curnt.sql
2026-01-15 18:45:58,181 - INFO - Saved DDL for srvy_new_vlntr_rspns_txt_norm to D:\Create_Fetch_Python_Code\database_object_migration_v3\database_object_migration\Fetch_Object_Output\Table\mktg_ops_tbls_20260115_1842\srvy_new_vlntr_rspns_txt_norm.sql
2026-01-15 18:45:58,790 - INFO - Saved DDL for srvy_anvrsry_vlntr_rspns_txt_norm to D:\Create_Fetch_Python_Code\database_object_migration_v3\database_object_migration\Fetch_Object_Output\Table\mktg_ops_tbls_20260115_1842\srvy_anvrsry_vlntr_rspns_txt_norm.sql
2026-01-15 18:45:59,724 - INFO - Saved DDL for vcn_smry_intake to D:\Create_Fetch_Python_Code\database_object_migration_v3\database_object_migration\Fetch_Object_Output\Table\mktg_ops_tbls_20260115_1842\vcn_smry_intake.sql
2026-01-15 18:46:00,538 - INFO - Saved DDL for gms_cnst_cdi_smry_fr_prfr_sncy to D:\Create_Fetch_Python_Code\database_object_migration_v3\database_object_migration\Fetch_Object_Output\Table\mktg_ops_tbls_20260115_1842\gms_cnst_cdi_smry_fr_prfr_sncy.sql
2026-01-15 18:46:00,947 - INFO - Saved DDL for bzfc_fact_sms_interaction to D:\Create_Fetch_Python_Code\database_object_migration_v3\database_object_migration\Fetch_Object_Output\Table\mktg_ops_tbls_20260115_1842\bzfc_fact_sms_interaction.sql
2026-01-15 18:46:01,451 - INFO - Saved DDL for gms_cnst_cdi_smry_fr_prfr_stg to D:\Create_Fetch_Python_Code\database_object_migration_v3\database_object_migration\Fetch_Object_Output\Table\mktg_ops_tbls_20260115_1842\gms_cnst_cdi_smry_fr_prfr_stg.sql
2026-01-15 18:46:02,033 - INFO - Saved DDL for gms_cnst_cdi_smry_fr_pa_dm to D:\Create_Fetch_Python_Code\database_object_migration_v3\database_object_migration\Fetch_Object_Output\Table\mktg_ops_tbls_20260115_1842\gms_cnst_cdi_smry_fr_pa_dm.sql
2026-01-15 18:46:02,413 - INFO - Saved DDL for adb_accistbl_contacts_b401072026 to D:\Create_Fetch_Python_Code\database_object_migration_v3\database_object_migration\Fetch_Object_Output\Table\mktg_ops_tbls_20260115_1842\adb_accistbl_contacts_b401072026.sql
2026-01-15 18:46:03,319 - INFO - Saved DDL for adb_arcbitlyreturn_b401072026 to D:\Create_Fetch_Python_Code\database_object_migration_v3\database_object_migration\Fetch_Object_Output\Table\mktg_ops_tbls_20260115_1842\adb_arcbitlyreturn_b401072026.sql
2026-01-15 18:46:04,016 - INFO - Saved DDL for adb_arcgms_broadlog_b401072026 to D:\Create_Fetch_Python_Code\database_object_migration_v3\database_object_migration\Fetch_Object_Output\Table\mktg_ops_tbls_20260115_1842\adb_arcgms_broadlog_b401072026.sql
2026-01-15 18:46:04,758 - INFO - Saved DDL for adb_arckaleyradeactivation_b401072026 to D:\Create_Fetch_Python_Code\database_object_migration_v3\database_object_migration\Fetch_Object_Output\Table\mktg_ops_tbls_20260115_1842\adb_arckaleyradeactivation_b401072026.sql
2026-01-15 18:46:05,158 - INFO - Saved DDL for adb_arcprefchangefr_b401072026 to D:\Create_Fetch_Python_Code\database_object_migration_v3\database_object_migration\Fetch_Object_Output\Table\mktg_ops_tbls_20260115_1842\adb_arcprefchangefr_b401072026.sql
2026-01-15 18:46:05,565 - INFO - Saved DDL for adb_arcreportcellcode_b401072026 to D:\Create_Fetch_Python_Code\database_object_migration_v3\database_object_migration\Fetch_Object_Output\Table\mktg_ops_tbls_20260115_1842\adb_arcreportcellcode_b401072026.sql
2026-01-15 18:46:05,944 - INFO - Saved DDL for adb_arctreatmentcode_b401072026 to D:\Create_Fetch_Python_Code\database_object_migration_v3\database_object_migration\Fetch_Object_Output\Table\mktg_ops_tbls_20260115_1842\adb_arctreatmentcode_b401072026.sql
2026-01-15 18:46:06,763 - INFO - Saved DDL for adb_nmsaddress_b401072026 to D:\Create_Fetch_Python_Code\database_object_migration_v3\database_object_migration\Fetch_Object_Output\Table\mktg_ops_tbls_20260115_1842\adb_nmsaddress_b401072026.sql
2026-01-15 18:46:07,568 - INFO - Saved DDL for adb_nmsbroadlogmsg_b401072026 to D:\Create_Fetch_Python_Code\database_object_migration_v3\database_object_migration\Fetch_Object_Output\Table\mktg_ops_tbls_20260115_1842\adb_nmsbroadlogmsg_b401072026.sql
2026-01-15 18:46:08,619 - INFO - Saved DDL for adb_nmsbroadlogrcp_b401072026 to D:\Create_Fetch_Python_Code\database_object_migration_v3\database_object_migration\Fetch_Object_Output\Table\mktg_ops_tbls_20260115_1842\adb_nmsbroadlogrcp_b401072026.sql
2026-01-15 18:46:09,225 - INFO - Saved DDL for adb_nmsdelivery_b401072026 to D:\Create_Fetch_Python_Code\database_object_migration_v3\database_object_migration\Fetch_Object_Output\Table\mktg_ops_tbls_20260115_1842\adb_nmsdelivery_b401072026.sql
2026-01-15 18:46:09,826 - INFO - Saved DDL for adb_nmsexcludelogrcp_b401072026 to D:\Create_Fetch_Python_Code\database_object_migration_v3\database_object_migration\Fetch_Object_Output\Table\mktg_ops_tbls_20260115_1842\adb_nmsexcludelogrcp_b401072026.sql
2026-01-15 18:46:10,219 - INFO - Saved DDL for adb_nmsinsms_b401072026 to D:\Create_Fetch_Python_Code\database_object_migration_v3\database_object_migration\Fetch_Object_Output\Table\mktg_ops_tbls_20260115_1842\adb_nmsinsms_b401072026.sql
2026-01-15 18:46:10,620 - INFO - Saved DDL for adb_nmsoperation_b401072026 to D:\Create_Fetch_Python_Code\database_object_migration_v3\database_object_migration\Fetch_Object_Output\Table\mktg_ops_tbls_20260115_1842\adb_nmsoperation_b401072026.sql
2026-01-15 18:46:11,604 - INFO - Saved DDL for adb_nmsrecipient_b401072026 to D:\Create_Fetch_Python_Code\database_object_migration_v3\database_object_migration\Fetch_Object_Output\Table\mktg_ops_tbls_20260115_1842\adb_nmsrecipient_b401072026.sql
2026-01-15 18:46:12,210 - INFO - Saved DDL for adb_nmsservice_b401072026 to D:\Create_Fetch_Python_Code\database_object_migration_v3\database_object_migration\Fetch_Object_Output\Table\mktg_ops_tbls_20260115_1842\adb_nmsservice_b401072026.sql
2026-01-15 18:46:13,035 - INFO - Saved DDL for adb_nmssubscription_b401072026 to D:\Create_Fetch_Python_Code\database_object_migration_v3\database_object_migration\Fetch_Object_Output\Table\mktg_ops_tbls_20260115_1842\adb_nmssubscription_b401072026.sql
2026-01-15 18:46:14,165 - INFO - Saved DDL for adb_nmstrackinglogrcp_b401072026 to D:\Create_Fetch_Python_Code\database_object_migration_v3\database_object_migration\Fetch_Object_Output\Table\mktg_ops_tbls_20260115_1842\adb_nmstrackinglogrcp_b401072026.sql
2026-01-15 18:46:14,536 - INFO - Saved DDL for adb_nmstrackingurl_b401072026 to D:\Create_Fetch_Python_Code\database_object_migration_v3\database_object_migration\Fetch_Object_Output\Table\mktg_ops_tbls_20260115_1842\adb_nmstrackingurl_b401072026.sql
2026-01-15 18:46:15,212 - INFO - Saved DDL for adb_nmsuseragent_b401072026 to D:\Create_Fetch_Python_Code\database_object_migration_v3\database_object_migration\Fetch_Object_Output\Table\mktg_ops_tbls_20260115_1842\adb_nmsuseragent_b401072026.sql
2026-01-15 18:46:15,636 - INFO - Saved DDL for adb_nmswebapp_b401072026 to D:\Create_Fetch_Python_Code\database_object_migration_v3\database_object_migration\Fetch_Object_Output\Table\mktg_ops_tbls_20260115_1842\adb_nmswebapp_b401072026.sql
2026-01-15 18:46:16,466 - INFO - Saved DDL for adb_nmswebapplogrcp_b401072026 to D:\Create_Fetch_Python_Code\database_object_migration_v3\database_object_migration\Fetch_Object_Output\Table\mktg_ops_tbls_20260115_1842\adb_nmswebapplogrcp_b401072026.sql
2026-01-15 18:46:16,838 - INFO - Saved DDL for adb_nmswebapplogrcpdata_b401072026 to D:\Create_Fetch_Python_Code\database_object_migration_v3\database_object_migration\Fetch_Object_Output\Table\mktg_ops_tbls_20260115_1842\adb_nmswebapplogrcpdata_b401072026.sql
2026-01-15 18:46:17,662 - INFO - Saved DDL for adb_xtkfolder_b401072026 to D:\Create_Fetch_Python_Code\database_object_migration_v3\database_object_migration\Fetch_Object_Output\Table\mktg_ops_tbls_20260115_1842\adb_xtkfolder_b401072026.sql
2026-01-15 18:46:18,835 - INFO - Saved DDL for adb_xtkworkflow_b401072026 to D:\Create_Fetch_Python_Code\database_object_migration_v3\database_object_migration\Fetch_Object_Output\Table\mktg_ops_tbls_20260115_1842\adb_xtkworkflow_b401072026.sql
2026-01-15 18:46:19,668 - INFO - Saved DDL for aprm_email_bncd_b401072026 to D:\Create_Fetch_Python_Code\database_object_migration_v3\database_object_migration\Fetch_Object_Output\Table\mktg_ops_tbls_20260115_1842\aprm_email_bncd_b401072026.sql
2026-01-15 18:46:20,068 - INFO - Saved DDL for aprm_email_lnk_clkd_b401072026 to D:\Create_Fetch_Python_Code\database_object_migration_v3\database_object_migration\Fetch_Object_Output\Table\mktg_ops_tbls_20260115_1842\aprm_email_lnk_clkd_b401072026.sql
2026-01-15 18:46:20,700 - INFO - Saved DDL for aprm_email_opened_b401072026 to D:\Create_Fetch_Python_Code\database_object_migration_v3\database_object_migration\Fetch_Object_Output\Table\mktg_ops_tbls_20260115_1842\aprm_email_opened_b401072026.sql
2026-01-15 18:46:21,077 - INFO - Saved DDL for aprm_email_sent_b401072026 to D:\Create_Fetch_Python_Code\database_object_migration_v3\database_object_migration\Fetch_Object_Output\Table\mktg_ops_tbls_20260115_1842\aprm_email_sent_b401072026.sql
2026-01-15 18:46:22,327 - INFO - Saved DDL for bzf_cnst_scr_b401072026 to D:\Create_Fetch_Python_Code\database_object_migration_v3\database_object_migration\Fetch_Object_Output\Table\mktg_ops_tbls_20260115_1842\bzf_cnst_scr_b401072026.sql
2026-01-15 18:46:22,735 - INFO - Saved DDL for bzfc_fact_dmail_interaction_b401072026 to D:\Create_Fetch_Python_Code\database_object_migration_v3\database_object_migration\Fetch_Object_Output\Table\mktg_ops_tbls_20260115_1842\bzfc_fact_dmail_interaction_b401072026.sql
2026-01-15 18:46:23,349 - INFO - Saved DDL for bzfc_fact_interaction_all_b401072026 to D:\Create_Fetch_Python_Code\database_object_migration_v3\database_object_migration\Fetch_Object_Output\Table\mktg_ops_tbls_20260115_1842\bzfc_fact_interaction_all_b401072026.sql
2026-01-15 18:46:23,762 - INFO - Saved DDL for campgn_yr_end_dow_projctn_b401072026 to D:\Create_Fetch_Python_Code\database_object_migration_v3\database_object_migration\Fetch_Object_Output\Table\mktg_ops_tbls_20260115_1842\campgn_yr_end_dow_projctn_b401072026.sql
2026-01-15 18:46:24,736 - INFO - Saved DDL for dim_bio_mstr_cust_appnd_b401072026 to D:\Create_Fetch_Python_Code\database_object_migration_v3\database_object_migration\Fetch_Object_Output\Table\mktg_ops_tbls_20260115_1842\dim_bio_mstr_cust_appnd_b401072026.sql
2026-01-15 18:46:25,113 - INFO - Saved DDL for dm_campaign_hist_b401072026 to D:\Create_Fetch_Python_Code\database_object_migration_v3\database_object_migration\Fetch_Object_Output\Table\mktg_ops_tbls_20260115_1842\dm_campaign_hist_b401072026.sql
2026-01-15 18:46:25,722 - INFO - Saved DDL for dm_campaign_pg_hist_b401072026 to D:\Create_Fetch_Python_Code\database_object_migration_v3\database_object_migration\Fetch_Object_Output\Table\mktg_ops_tbls_20260115_1842\dm_campaign_pg_hist_b401072026.sql
2026-01-15 18:46:26,348 - INFO - Saved DDL for fact_interaction_bb_b401072026 to D:\Create_Fetch_Python_Code\database_object_migration_v3\database_object_migration\Fetch_Object_Output\Table\mktg_ops_tbls_20260115_1842\fact_interaction_bb_b401072026.sql
2026-01-15 18:46:27,115 - INFO - Saved DDL for fact_interaction_ff_b401072026 to D:\Create_Fetch_Python_Code\database_object_migration_v3\database_object_migration\Fetch_Object_Output\Table\mktg_ops_tbls_20260115_1842\fact_interaction_ff_b401072026.sql
2026-01-15 18:46:28,196 - INFO - Saved DDL for fact_response_aprm_b401072026 to D:\Create_Fetch_Python_Code\database_object_migration_v3\database_object_migration\Fetch_Object_Output\Table\mktg_ops_tbls_20260115_1842\fact_response_aprm_b401072026.sql
2026-01-15 18:46:28,782 - INFO - Saved DDL for global_suprs_domain_b401072026 to D:\Create_Fetch_Python_Code\database_object_migration_v3\database_object_migration\Fetch_Object_Output\Table\mktg_ops_tbls_20260115_1842\global_suprs_domain_b401072026.sql
2026-01-15 18:46:29,872 - INFO - Saved DDL for global_suprs_email_b401072026 to D:\Create_Fetch_Python_Code\database_object_migration_v3\database_object_migration\Fetch_Object_Output\Table\mktg_ops_tbls_20260115_1842\global_suprs_email_b401072026.sql
2026-01-15 18:46:30,724 - INFO - Saved DDL for lkp_positions_taxonomy_mktg_stg_b401072026 to D:\Create_Fetch_Python_Code\database_object_migration_v3\database_object_migration\Fetch_Object_Output\Table\mktg_ops_tbls_20260115_1842\lkp_positions_taxonomy_mktg_stg_b401072026.sql
2026-01-15 18:46:31,282 - INFO - Saved DDL for mktg_sky_dates_b401072026 to D:\Create_Fetch_Python_Code\database_object_migration_v3\database_object_migration\Fetch_Object_Output\Table\mktg_ops_tbls_20260115_1842\mktg_sky_dates_b401072026.sql
2026-01-15 18:46:32,232 - INFO - Saved DDL for mktg_snapsht_load_cntl_b401072026 to D:\Create_Fetch_Python_Code\database_object_migration_v3\database_object_migration\Fetch_Object_Output\Table\mktg_ops_tbls_20260115_1842\mktg_snapsht_load_cntl_b401072026.sql
2026-01-15 18:46:32,789 - INFO - Saved DDL for pbi_sales_pricing_budget_b401072026 to D:\Create_Fetch_Python_Code\database_object_migration_v3\database_object_migration\Fetch_Object_Output\Table\mktg_ops_tbls_20260115_1842\pbi_sales_pricing_budget_b401072026.sql
2026-01-15 18:46:33,175 - INFO - Saved DDL for rr_rqq_rql_file_xref_b401072026 to D:\Create_Fetch_Python_Code\database_object_migration_v3\database_object_migration\Fetch_Object_Output\Table\mktg_ops_tbls_20260115_1842\rr_rqq_rql_file_xref_b401072026.sql
2026-01-15 18:46:33,776 - INFO - Saved DDL for adb_arckaleyradeactivation to D:\Create_Fetch_Python_Code\database_object_migration_v3\database_object_migration\Fetch_Object_Output\Table\mktg_ops_tbls_20260115_1842\adb_arckaleyradeactivation.sql
2026-01-15 18:46:34,155 - INFO - Saved DDL for adb_nmsbroadlogmsg to D:\Create_Fetch_Python_Code\database_object_migration_v3\database_object_migration\Fetch_Object_Output\Table\mktg_ops_tbls_20260115_1842\adb_nmsbroadlogmsg.sql
2026-01-15 18:46:34,526 - INFO - Saved DDL for adb_xtkworkflow to D:\Create_Fetch_Python_Code\database_object_migration_v3\database_object_migration\Fetch_Object_Output\Table\mktg_ops_tbls_20260115_1842\adb_xtkworkflow.sql
2026-01-15 18:46:35,148 - INFO - Saved DDL for dm_campaign_hist to D:\Create_Fetch_Python_Code\database_object_migration_v3\database_object_migration\Fetch_Object_Output\Table\mktg_ops_tbls_20260115_1842\dm_campaign_hist.sql
2026-01-15 18:46:35,540 - INFO - Saved DDL for rr_rqq_rql_file_xref to D:\Create_Fetch_Python_Code\database_object_migration_v3\database_object_migration\Fetch_Object_Output\Table\mktg_ops_tbls_20260115_1842\rr_rqq_rql_file_xref.sql
2026-01-15 18:46:35,916 - INFO - Saved DDL for mktg_sky_dates to D:\Create_Fetch_Python_Code\database_object_migration_v3\database_object_migration\Fetch_Object_Output\Table\mktg_ops_tbls_20260115_1842\mktg_sky_dates.sql
2026-01-15 18:46:36,772 - INFO - Saved DDL for bzfc_fact_phone_interaction_b401072026 to D:\Create_Fetch_Python_Code\database_object_migration_v3\database_object_migration\Fetch_Object_Output\Table\mktg_ops_tbls_20260115_1842\bzfc_fact_phone_interaction_b401072026.sql
2026-01-15 18:46:37,432 - INFO - Saved DDL for adb_accistbl_contacts to D:\Create_Fetch_Python_Code\database_object_migration_v3\database_object_migration\Fetch_Object_Output\Table\mktg_ops_tbls_20260115_1842\adb_accistbl_contacts.sql
2026-01-15 18:46:38,127 - INFO - Saved DDL for adb_arcbitlyreturn to D:\Create_Fetch_Python_Code\database_object_migration_v3\database_object_migration\Fetch_Object_Output\Table\mktg_ops_tbls_20260115_1842\adb_arcbitlyreturn.sql
2026-01-15 18:46:38,788 - INFO - Saved DDL for adb_nmsinsms to D:\Create_Fetch_Python_Code\database_object_migration_v3\database_object_migration\Fetch_Object_Output\Table\mktg_ops_tbls_20260115_1842\adb_nmsinsms.sql
2026-01-15 18:46:39,161 - INFO - Saved DDL for adb_arcgms_broadlog to D:\Create_Fetch_Python_Code\database_object_migration_v3\database_object_migration\Fetch_Object_Output\Table\mktg_ops_tbls_20260115_1842\adb_arcgms_broadlog.sql
2026-01-15 18:46:40,107 - INFO - Saved DDL for adb_arcprefchangefr to D:\Create_Fetch_Python_Code\database_object_migration_v3\database_object_migration\Fetch_Object_Output\Table\mktg_ops_tbls_20260115_1842\adb_arcprefchangefr.sql
2026-01-15 18:46:40,774 - INFO - Saved DDL for gms_cnst_cdi_smry_fr_prfr_sync to D:\Create_Fetch_Python_Code\database_object_migration_v3\database_object_migration\Fetch_Object_Output\Table\mktg_ops_tbls_20260115_1842\gms_cnst_cdi_smry_fr_prfr_sync.sql
2026-01-15 18:46:41,271 - INFO - Saved DDL for adb_nmsoperation to D:\Create_Fetch_Python_Code\database_object_migration_v3\database_object_migration\Fetch_Object_Output\Table\mktg_ops_tbls_20260115_1842\adb_nmsoperation.sql
2026-01-15 18:46:42,218 - INFO - Saved DDL for adb_arcreportcellcode to D:\Create_Fetch_Python_Code\database_object_migration_v3\database_object_migration\Fetch_Object_Output\Table\mktg_ops_tbls_20260115_1842\adb_arcreportcellcode.sql
2026-01-15 18:46:42,604 - INFO - Saved DDL for adb_arctreatmentcode to D:\Create_Fetch_Python_Code\database_object_migration_v3\database_object_migration\Fetch_Object_Output\Table\mktg_ops_tbls_20260115_1842\adb_arctreatmentcode.sql
2026-01-15 18:46:42,980 - INFO - Saved DDL for adb_nmsbroadlogrcp to D:\Create_Fetch_Python_Code\database_object_migration_v3\database_object_migration\Fetch_Object_Output\Table\mktg_ops_tbls_20260115_1842\adb_nmsbroadlogrcp.sql
2026-01-15 18:46:43,359 - INFO - Saved DDL for adb_nmsrecipient to D:\Create_Fetch_Python_Code\database_object_migration_v3\database_object_migration\Fetch_Object_Output\Table\mktg_ops_tbls_20260115_1842\adb_nmsrecipient.sql
2026-01-15 18:46:43,882 - INFO - Saved DDL for adb_nmsservice to D:\Create_Fetch_Python_Code\database_object_migration_v3\database_object_migration\Fetch_Object_Output\Table\mktg_ops_tbls_20260115_1842\adb_nmsservice.sql
2026-01-15 18:46:44,498 - INFO - Saved DDL for adb_nmssubscription to D:\Create_Fetch_Python_Code\database_object_migration_v3\database_object_migration\Fetch_Object_Output\Table\mktg_ops_tbls_20260115_1842\adb_nmssubscription.sql
2026-01-15 18:46:45,463 - INFO - Saved DDL for adb_nmstrackinglogrcp to D:\Create_Fetch_Python_Code\database_object_migration_v3\database_object_migration\Fetch_Object_Output\Table\mktg_ops_tbls_20260115_1842\adb_nmstrackinglogrcp.sql
2026-01-15 18:46:45,848 - INFO - Saved DDL for adb_nmstrackingurl to D:\Create_Fetch_Python_Code\database_object_migration_v3\database_object_migration\Fetch_Object_Output\Table\mktg_ops_tbls_20260115_1842\adb_nmstrackingurl.sql
2026-01-15 18:46:46,475 - INFO - Saved DDL for adb_nmsuseragent to D:\Create_Fetch_Python_Code\database_object_migration_v3\database_object_migration\Fetch_Object_Output\Table\mktg_ops_tbls_20260115_1842\adb_nmsuseragent.sql
2026-01-15 18:46:47,335 - INFO - Saved DDL for adb_nmswebapp to D:\Create_Fetch_Python_Code\database_object_migration_v3\database_object_migration\Fetch_Object_Output\Table\mktg_ops_tbls_20260115_1842\adb_nmswebapp.sql
2026-01-15 18:46:47,803 - INFO - Saved DDL for adb_nmswebapplogrcp to D:\Create_Fetch_Python_Code\database_object_migration_v3\database_object_migration\Fetch_Object_Output\Table\mktg_ops_tbls_20260115_1842\adb_nmswebapplogrcp.sql
2026-01-15 18:46:48,636 - INFO - Saved DDL for adb_xtkfolder to D:\Create_Fetch_Python_Code\database_object_migration_v3\database_object_migration\Fetch_Object_Output\Table\mktg_ops_tbls_20260115_1842\adb_xtkfolder.sql
2026-01-15 18:46:49,686 - INFO - Saved DDL for mktg_snapsht_load_cntl to D:\Create_Fetch_Python_Code\database_object_migration_v3\database_object_migration\Fetch_Object_Output\Table\mktg_ops_tbls_20260115_1842\mktg_snapsht_load_cntl.sql
2026-01-15 18:46:50,771 - INFO - Saved DDL for lkp_positions_taxonomy_mktg_stg to D:\Create_Fetch_Python_Code\database_object_migration_v3\database_object_migration\Fetch_Object_Output\Table\mktg_ops_tbls_20260115_1842\lkp_positions_taxonomy_mktg_stg.sql
2026-01-15 18:46:51,234 - INFO - Saved DDL for global_suprs_domain to D:\Create_Fetch_Python_Code\database_object_migration_v3\database_object_migration\Fetch_Object_Output\Table\mktg_ops_tbls_20260115_1842\global_suprs_domain.sql
2026-01-15 18:46:51,771 - INFO - Saved DDL for global_suprs_email to D:\Create_Fetch_Python_Code\database_object_migration_v3\database_object_migration\Fetch_Object_Output\Table\mktg_ops_tbls_20260115_1842\global_suprs_email.sql
2026-01-15 18:46:52,823 - INFO - Saved DDL for adb_nmsdelivery to D:\Create_Fetch_Python_Code\database_object_migration_v3\database_object_migration\Fetch_Object_Output\Table\mktg_ops_tbls_20260115_1842\adb_nmsdelivery.sql
2026-01-15 18:46:53,271 - INFO - Saved DDL for pbi_sales_pricing_budget to D:\Create_Fetch_Python_Code\database_object_migration_v3\database_object_migration\Fetch_Object_Output\Table\mktg_ops_tbls_20260115_1842\pbi_sales_pricing_budget.sql
2026-01-15 18:46:53,888 - INFO - Saved DDL for gms_cnst_cdi_smry_fr_prfr to D:\Create_Fetch_Python_Code\database_object_migration_v3\database_object_migration\Fetch_Object_Output\Table\mktg_ops_tbls_20260115_1842\gms_cnst_cdi_smry_fr_prfr.sql
2026-01-15 18:46:54,311 - INFO - Saved DDL for adb_nmsexcludelogrcp to D:\Create_Fetch_Python_Code\database_object_migration_v3\database_object_migration\Fetch_Object_Output\Table\mktg_ops_tbls_20260115_1842\adb_nmsexcludelogrcp.sql
2026-01-15 18:46:54,717 - INFO - Saved DDL for adb_nmsaddress to D:\Create_Fetch_Python_Code\database_object_migration_v3\database_object_migration\Fetch_Object_Output\Table\mktg_ops_tbls_20260115_1842\adb_nmsaddress.sql
2026-01-15 18:46:55,641 - INFO - Saved DDL for aprm_email_bncd to D:\Create_Fetch_Python_Code\database_object_migration_v3\database_object_migration\Fetch_Object_Output\Table\mktg_ops_tbls_20260115_1842\aprm_email_bncd.sql
2026-01-15 18:46:56,005 - INFO - Saved DDL for aprm_email_lnk_clkd to D:\Create_Fetch_Python_Code\database_object_migration_v3\database_object_migration\Fetch_Object_Output\Table\mktg_ops_tbls_20260115_1842\aprm_email_lnk_clkd.sql
2026-01-15 18:46:56,768 - INFO - Saved DDL for aprm_email_opened to D:\Create_Fetch_Python_Code\database_object_migration_v3\database_object_migration\Fetch_Object_Output\Table\mktg_ops_tbls_20260115_1842\aprm_email_opened.sql
2026-01-15 18:46:57,223 - INFO - Saved DDL for aprm_email_sent to D:\Create_Fetch_Python_Code\database_object_migration_v3\database_object_migration\Fetch_Object_Output\Table\mktg_ops_tbls_20260115_1842\aprm_email_sent.sql
2026-01-15 18:46:58,213 - INFO - Saved DDL for campgn_yr_end_dow_projctn to D:\Create_Fetch_Python_Code\database_object_migration_v3\database_object_migration\Fetch_Object_Output\Table\mktg_ops_tbls_20260115_1842\campgn_yr_end_dow_projctn.sql
2026-01-15 18:46:58,887 - INFO - Saved DDL for dim_bio_mstr_cust_appnd to D:\Create_Fetch_Python_Code\database_object_migration_v3\database_object_migration\Fetch_Object_Output\Table\mktg_ops_tbls_20260115_1842\dim_bio_mstr_cust_appnd.sql
2026-01-15 18:46:59,464 - INFO - Saved DDL for adb_nmswebapplogrcpdata to D:\Create_Fetch_Python_Code\database_object_migration_v3\database_object_migration\Fetch_Object_Output\Table\mktg_ops_tbls_20260115_1842\adb_nmswebapplogrcpdata.sql
2026-01-15 18:46:59,849 - INFO - Saved DDL for bzfc_fact_dmail_interaction to D:\Create_Fetch_Python_Code\database_object_migration_v3\database_object_migration\Fetch_Object_Output\Table\mktg_ops_tbls_20260115_1842\bzfc_fact_dmail_interaction.sql
2026-01-15 18:47:00,797 - INFO - Saved DDL for bzfc_fact_interaction_all to D:\Create_Fetch_Python_Code\database_object_migration_v3\database_object_migration\Fetch_Object_Output\Table\mktg_ops_tbls_20260115_1842\bzfc_fact_interaction_all.sql
2026-01-15 18:47:01,174 - INFO - Saved DDL for bzfc_fact_phone_interaction to D:\Create_Fetch_Python_Code\database_object_migration_v3\database_object_migration\Fetch_Object_Output\Table\mktg_ops_tbls_20260115_1842\bzfc_fact_phone_interaction.sql
2026-01-15 18:47:01,554 - INFO - Saved DDL for bzf_cnst_scr to D:\Create_Fetch_Python_Code\database_object_migration_v3\database_object_migration\Fetch_Object_Output\Table\mktg_ops_tbls_20260115_1842\bzf_cnst_scr.sql
2026-01-15 18:47:02,009 - INFO - Saved DDL for dm_campaign_pg_hist to D:\Create_Fetch_Python_Code\database_object_migration_v3\database_object_migration\Fetch_Object_Output\Table\mktg_ops_tbls_20260115_1842\dm_campaign_pg_hist.sql
2026-01-15 18:47:02,389 - INFO - Saved DDL for fact_interaction_bb to D:\Create_Fetch_Python_Code\database_object_migration_v3\database_object_migration\Fetch_Object_Output\Table\mktg_ops_tbls_20260115_1842\fact_interaction_bb.sql
2026-01-15 18:47:02,909 - INFO - Saved DDL for fact_interaction_ff to D:\Create_Fetch_Python_Code\database_object_migration_v3\database_object_migration\Fetch_Object_Output\Table\mktg_ops_tbls_20260115_1842\fact_interaction_ff.sql
2026-01-15 18:47:03,756 - INFO - Saved DDL for fact_response_aprm to D:\Create_Fetch_Python_Code\database_object_migration_v3\database_object_migration\Fetch_Object_Output\Table\mktg_ops_tbls_20260115_1842\fact_response_aprm.sql
2026-01-15 18:47:04,597 - INFO - Saved DDL for dv_channel_accessibility to D:\Create_Fetch_Python_Code\database_object_migration_v3\database_object_migration\Fetch_Object_Output\Table\mktg_ops_tbls_20260115_1842\dv_channel_accessibility.sql
2026-01-15 18:47:05,029 - INFO - Saved DDL for pbi_fact_bio_freq_rtntn_snpsht to D:\Create_Fetch_Python_Code\database_object_migration_v3\database_object_migration\Fetch_Object_Output\Table\mktg_ops_tbls_20260115_1842\pbi_fact_bio_freq_rtntn_snpsht.sql
2026-01-15 18:47:05,781 - INFO - Saved DDL for pbi_fact_bio_freq_rtntn_react_dtl to D:\Create_Fetch_Python_Code\database_object_migration_v3\database_object_migration\Fetch_Object_Output\Table\mktg_ops_tbls_20260115_1842\pbi_fact_bio_freq_rtntn_react_dtl.sql
2026-01-15 18:47:06,156 - INFO - Saved DDL for gms_cnst_cdi_smry_fr_prfr_bzf_cem_cnst_opt_outs_stg to D:\Create_Fetch_Python_Code\database_object_migration_v3\database_object_migration\Fetch_Object_Output\Table\mktg_ops_tbls_20260115_1842\gms_cnst_cdi_smry_fr_prfr_bzf_cem_cnst_opt_outs_stg.sql
2026-01-15 18:47:06,933 - INFO - Saved DDL for bzfc_fact_dmail_intrctn_norm to D:\Create_Fetch_Python_Code\database_object_migration_v3\database_object_migration\Fetch_Object_Output\Table\mktg_ops_tbls_20260115_1842\bzfc_fact_dmail_intrctn_norm.sql
2026-01-15 18:47:07,309 - INFO - Saved DDL for bzfc_pg_response_log to D:\Create_Fetch_Python_Code\database_object_migration_v3\database_object_migration\Fetch_Object_Output\Table\mktg_ops_tbls_20260115_1842\bzfc_pg_response_log.sql
2026-01-15 18:47:07,688 - INFO - Saved DDL for replication_aprm_wb_apnd_outbnd_msgs to D:\Create_Fetch_Python_Code\database_object_migration_v3\database_object_migration\Fetch_Object_Output\Table\mktg_ops_tbls_20260115_1842\replication_aprm_wb_apnd_outbnd_msgs.sql
2026-01-15 18:47:08,061 - INFO - Saved DDL for replication_bz_email_src_cd to D:\Create_Fetch_Python_Code\database_object_migration_v3\database_object_migration\Fetch_Object_Output\Table\mktg_ops_tbls_20260115_1842\replication_bz_email_src_cd.sql
2026-01-15 18:47:08,600 - INFO - Saved DDL for aprm_arc_comm_log to D:\Create_Fetch_Python_Code\database_object_migration_v3\database_object_migration\Fetch_Object_Output\Table\mktg_ops_tbls_20260115_1842\aprm_arc_comm_log.sql
2026-01-15 18:47:08,602 - INFO - DDL fetch completed successfully
